Date,Sector,Daily_Return,Rolling_30,Rolling_60,Rolling_90,Momentum,Relative_Strength,Volatility
2024-07-24,Auto,,,,,,,1.3016454034203468
2024-07-24,Energy,,,,,,,1.154938569901908
2024-07-24,FMCG,,,,,,,0.8783298354882301
2024-07-24,Infra,,,,,,,1.0007594964175097
2024-07-24,IT,,,,,,,1.4692793984869545
2024-07-24,Media,,,,,,,1.501475484148305
2024-07-24,Metal,,,,,,,1.4716196024047945
2024-07-24,Pharma,,,,,,,0.983134343028794
2024-07-24,Realty,,,,,,,1.7400805217040278
2024-07-24,Banking,,,,,,,0.9949850623136581
2024-07-24,NIFTY50,,,,,,,0.8435028063871604
2024-07-25,Auto,1.2576482258307653,,,,,,1.3016454034203468
2024-07-25,Energy,1.2689888655136095,,,,,,1.154938569901908
2024-07-25,FMCG,-0.0689127403889378,,,,,,0.8783298354882301
2024-07-25,Infra,0.7848385310974537,,,,,,1.0007594964175097
2024-07-25,IT,-0.14844997099651147,,,,,,1.4692793984869545
2024-07-25,Media,0.8073862468435777,,,,,,1.501475484148305
2024-07-25,Metal,-1.2857284667090019,,,,,,1.4716196024047945
2024-07-25,Pharma,0.9422005404500666,,,,,,0.983134343028794
2024-07-25,Realty,-0.8284872621887374,,,,,,1.7400805217040278
2024-07-25,Banking,-0.8345187754545291,,,,,,0.9949850623136581
2024-07-25,NIFTY50,-0.030312698404566518,,,,,,0.8435028063871604
2024-07-26,Auto,2.43236081325775,,,,,,1.3016454034203468
2024-07-26,Energy,1.0942172288981533,,,,,,1.154938569901908
2024-07-26,FMCG,0.9483513405321942,,,,,,0.8783298354882301
2024-07-26,Infra,2.0047801136050314,,,,,,1.0007594964175097
2024-07-26,IT,2.3014356642658385,,,,,,1.4692793984869545
2024-07-26,Media,1.6777641579346136,,,,,,1.501475484148305
2024-07-26,Metal,3.0104983671294328,,,,,,1.4716196024047945
2024-07-26,Pharma,2.357677427092475,,,,,,0.983134343028794
2024-07-26,Realty,1.1545547575912751,,,,,,1.7400805217040278
2024-07-26,Banking,0.8001753211662743,,,,,,0.9949850623136581
2024-07-26,NIFTY50,1.756732976027453,,,,,,0.8435028063871604
2024-07-29,Auto,0.6698928704131246,,,,,,1.3016454034203468
2024-07-29,Energy,0.4634743592581314,,,,,,1.154938569901908
2024-07-29,FMCG,-0.34266432017340254,,,,,,0.8783298354882301
2024-07-29,Infra,0.5473584751527039,,,,,,1.0007594964175097
2024-07-29,IT,-0.38374856842604554,,,,,,1.4692793984869545
2024-07-29,Media,1.8018523471681869,,,,,,1.501475484148305
2024-07-29,Metal,0.2854533708369411,,,,,,1.4716196024047945
2024-07-29,Pharma,0.33258935372320053,,,,,,0.983134343028794
2024-07-29,Realty,1.4290376342204203,,,,,,1.7400805217040278
2024-07-29,Banking,0.21502824868222525,,,,,,0.9949850623136581
2024-07-29,NIFTY50,0.00503324972633834,,,,,,0.8435028063871604
2024-07-30,Auto,0.5842549743932057,,,,,,1.3016454034203468
2024-07-30,Energy,1.0811841795374866,,,,,,1.154938569901908
2024-07-30,FMCG,-1.1115161602309853,,,,,,0.8783298354882301
2024-07-30,Infra,0.21064870827791626,,,,,,1.0007594964175097
2024-07-30,IT,-0.10717758732915472,,,,,,1.4692793984869545
2024-07-30,Media,0.6601808215385807,,,,,,1.501475484148305
2024-07-30,Metal,0.19099716475181605,,,,,,1.4716196024047945
2024-07-30,Pharma,-0.6189100428616201,,,,,,0.983134343028794
2024-07-30,Realty,0.4345638157276177,,,,,,1.7400805217040278
2024-07-30,Banking,0.18101063829787378,,,,,,0.9949850623136581
2024-07-30,NIFTY50,0.08536433743000504,,,,,,0.8435028063871604
2024-07-31,Auto,0.3923892273058005,,,,,,1.3016454034203468
2024-07-31,Energy,0.4064129314806708,,,,,,1.154938569901908
2024-07-31,FMCG,0.42575780706579636,,,,,,0.8783298354882301
2024-07-31,Infra,0.5935341335642663,,,,,,1.0007594964175097
2024-07-31,IT,0.18331703827261236,,,,,,1.4692793984869545
2024-07-31,Media,1.0672285459273567,,,,,,1.501475484148305
2024-07-31,Metal,1.2151091372469391,,,,,,1.4716196024047945
2024-07-31,Pharma,1.0972183057406548,,,,,,0.983134343028794
2024-07-31,Realty,-0.36892408890383255,,,,,,1.7400805217040278
2024-07-31,Banking,0.10504541892673025,,,,,,0.9949850623136581
2024-07-31,NIFTY50,0.377553501085659,,,,,,0.8435028063871604
2024-08-01,Auto,-0.7412363805847755,,,,,,1.3016454034203468
2024-08-01,Energy,1.9680458144493151,,,,,,1.154938569901908
2024-08-01,FMCG,0.14657985887283065,,,,,,0.8783298354882301
2024-08-01,Infra,0.3379101812738483,,,,,,1.0007594964175097
2024-08-01,IT,-0.3468771210078714,,,,,,1.4692793984869545
2024-08-01,Media,-1.8863120318730942,,,,,,1.501475484148305
2024-08-01,Metal,-0.1064360758888716,,,,,,1.4716196024047945
2024-08-01,Pharma,0.060610403626015774,,,,,,0.983134343028794
2024-08-01,Realty,-1.7005691964285696,,,,,,1.7400805217040278
2024-08-01,Banking,0.02056423595984125,,,,,,0.9949850623136581
2024-08-01,NIFTY50,0.23946791656728195,,,,,,0.8435028063871604
2024-08-02,Auto,-2.9183633109254092,,,,,,1.3016454034203468
2024-08-02,Energy,-1.3796169890372578,,,,,,1.154938569901908
2024-08-02,FMCG,-0.6884811890473075,,,,,,0.8783298354882301
2024-08-02,Infra,-1.5999496737141516,,,,,,1.0007594964175097
2024-08-02,IT,-2.4050899640612022,,,,,,1.4692793984869545
2024-08-02,Media,-0.4195933871646962,,,,,,1.501475484148305
2024-08-02,Metal,-2.7018174210087786,,,,,,1.4716196024047945
2024-08-02,Pharma,0.5162835935023091,,,,,,0.983134343028794
2024-08-02,Realty,-3.5343904698983075,,,,,,1.7400805217040278
2024-08-02,Banking,-0.41473035935923885,,,,,,0.9949850623136581
2024-08-02,NIFTY50,-1.172293549195469,,,,,,0.8435028063871604
2024-08-05,Auto,-3.9197775934280643,,,,,,1.3016454034203468
2024-08-05,Energy,-3.819511015749677,,,,,,1.154938569901908
2024-08-05,FMCG,-0.31532715310754744,,,,,,0.8783298354882301
2024-08-05,Infra,-3.2785837201367296,,,,,,1.0007594964175097
2024-08-05,IT,-3.257844861599557,,,,,,1.4692793984869545
2024-08-05,Media,-4.575541371332614,,,,,,1.501475484148305
2024-08-05,Metal,-4.8531578462333025,,,,,,1.4716196024047945
2024-08-05,Pharma,-1.4600786373847763,,,,,,0.983134343028794
2024-08-05,Realty,-4.324353812403537,,,,,,1.7400805217040278
2024-08-05,Banking,-2.4499381467829817,,,,,,0.9949850623136581
2024-08-05,NIFTY50,-2.678645789462286,,,,,,0.8435028063871604
2024-08-06,Auto,-0.7546565428126151,,,,,,1.3016454034203468
2024-08-06,Energy,-0.3891785230398903,,,,,,1.154938569901908
2024-08-06,FMCG,0.0872442353087477,,,,,,0.8783298354882301
2024-08-06,Infra,-0.1328307174290555,,,,,,1.0007594964175097
2024-08-06,IT,0.4897758578267908,,,,,,1.4692793984869545
2024-08-06,Media,0.1521828611133147,,,,,,1.501475484148305
2024-08-06,Metal,0.29845072284908625,,,,,,1.4716196024047945
2024-08-06,Pharma,-0.0949819384097883,,,,,,0.983134343028794
2024-08-06,Realty,0.8364393726769226,,,,,,1.7400805217040278
2024-08-06,Banking,-0.6863373077311219,,,,,,0.9949850623136581
2024-08-06,NIFTY50,-0.26209626510589334,,,,,,0.8435028063871604
2024-08-07,Auto,1.7028872894679692,,,,,,1.3016454034203468
2024-08-07,Energy,2.1788118309073123,,,,,,1.154938569901908
2024-08-07,FMCG,1.1663175585146623,,,,,,0.8783298354882301
2024-08-07,Infra,1.6358540240907438,,,,,,1.0007594964175097
2024-08-07,IT,1.4773162267219364,,,,,,1.4692793984869545
2024-08-07,Media,2.575660788236389,,,,,,1.501475484148305
2024-08-07,Metal,2.6943564170974543,,,,,,1.4716196024047945
2024-08-07,Pharma,2.2001035142489744,,,,,,0.983134343028794
2024-08-07,Realty,1.8339033648634873,,,,,,1.7400805217040278
2024-08-07,Banking,0.7451495084827453,,,,,,0.9949850623136581
2024-08-07,NIFTY50,1.2710162480444431,,,,,,0.8435028063871604
2024-08-08,Auto,-0.08120268316597068,,,,,,1.3016454034203468
2024-08-08,Energy,-1.6434180921798158,,,,,,1.154938569901908
2024-08-08,FMCG,-0.4494315682538663,,,,,,0.8783298354882301
2024-08-08,Infra,-1.4140359975966965,,,,,,1.0007594964175097
2024-08-08,IT,-1.9045893463428665,,,,,,1.4692793984869545
2024-08-08,Media,0.23799250106035785,,,,,,1.501475484148305
2024-08-08,Metal,-1.7440002618872796,,,,,,1.4716196024047945
2024-08-08,Pharma,0.35077805227334835,,,,,,0.983134343028794
2024-08-08,Realty,-1.2071237691363423,,,,,,1.7400805217040278
2024-08-08,Banking,0.07521941529160525,,,,,,0.9949850623136581
2024-08-08,NIFTY50,-0.7428747813561065,,,,,,0.8435028063871604
2024-08-09,Auto,1.722899056200089,,,,,,1.3016454034203468
2024-08-09,Energy,1.239020087098086,,,,,,1.154938569901908
2024-08-09,FMCG,0.18503555995750265,,,,,,0.8783298354882301
2024-08-09,Infra,0.9798974972459407,,,,,,1.0007594964175097
2024-08-09,IT,1.547532629296744,,,,,,1.4692793984869545
2024-08-09,Media,1.8315189039371793,,,,,,1.501475484148305
2024-08-09,Metal,0.769850374195169,,,,,,1.4716196024047945
2024-08-09,Pharma,0.43094738121347564,,,,,,0.983134343028794
2024-08-09,Realty,1.5496920685039273,,,,,,1.7400805217040278
2024-08-09,Banking,0.6535533365550128,,,,,,0.9949850623136581
2024-08-09,NIFTY50,1.0386864037815746,,,,,,0.8435028063871604
2024-08-12,Auto,-0.26710106002819645,,,,,,1.3016454034203468
2024-08-12,Energy,-0.6941865223144328,,,,,,1.154938569901908
2024-08-12,FMCG,-0.7865559446470383,,,,,,0.8783298354882301
2024-08-12,Infra,-0.5083820338797063,,,,,,1.0007594964175097
2024-08-12,IT,0.16968339939080757,,,,,,1.4692793984869545
2024-08-12,Media,-2.0507627587049715,,,,,,1.501475484148305
2024-08-12,Metal,0.7518028476689809,,,,,,1.4716196024047945
2024-08-12,Pharma,-0.01779041779780277,,,,,,0.983134343028794
2024-08-12,Realty,1.3157203396307215,,,,,,1.7400805217040278
2024-08-12,Banking,0.18510477225683886,,,,,,0.9949850623136581
2024-08-12,NIFTY50,-0.08412844977941925,,,,,,0.8435028063871604
2024-08-13,Auto,-0.7796985850535565,,,,,,1.3016454034203468
2024-08-13,Energy,-0.8055243025787306,,,,,,1.154938569901908
2024-08-13,FMCG,-0.2800446921202848,,,,,,0.8783298354882301
2024-08-13,Infra,-0.7335583033488691,,,,,,1.0007594964175097
2024-08-13,IT,0.013553674598942855,,,,,,1.4692793984869545
2024-08-13,Media,-0.9496999521218519,,,,,,1.501475484148305
2024-08-13,Metal,-1.6373327041866892,,,,,,1.4716196024047945
2024-08-13,Pharma,-0.06304716038422198,,,,,,0.983134343028794
2024-08-13,Realty,-0.7338009022147984,,,,,,1.7400805217040278
2024-08-13,Banking,-1.4751441443841884,,,,,,0.9949850623136581
2024-08-13,NIFTY50,-0.8543146999630324,,,,,,0.8435028063871604
2024-08-14,Auto,0.04644948760335055,,,,,,1.3016454034203468
2024-08-14,Energy,-0.6375384129763129,,,,,,1.154938569901908
2024-08-14,FMCG,-0.3096949281047867,,,,,,0.8783298354882301
2024-08-14,Infra,-0.29935640153562204,,,,,,1.0007594964175097
2024-08-14,IT,1.5758680216773513,,,,,,1.4692793984869545
2024-08-14,Media,-1.0593416177507309,,,,,,1.501475484148305
2024-08-14,Metal,-1.2598938391792047,,,,,,1.4716196024047945
2024-08-14,Pharma,-0.8061626641345021,,,,,,0.983134343028794
2024-08-14,Realty,-0.4814659361366047,,,,,,1.7400805217040278
2024-08-14,Banking,-0.20980713734641832,,,,,,0.9949850623136581
2024-08-14,NIFTY50,0.019677699987563635,,,,,,0.8435028063871604
2024-08-16,Auto,2.007888932890989,,,,,,1.3016454034203468
2024-08-16,Energy,1.096362932331263,,,,,,1.154938569901908
2024-08-16,FMCG,1.4806210999418479,,,,,,0.8783298354882301
2024-08-16,Infra,1.4630288223818955,,,,,,1.0007594964175097
2024-08-16,IT,2.8868963347491006,,,,,,1.4692793984869545
2024-08-16,Media,2.0942736898180936,,,,,,1.501475484148305
2024-08-16,Metal,1.6937440837103468,,,,,,1.4716196024047945
2024-08-16,Pharma,0.42612121447651585,,,,,,0.983134343028794
2024-08-16,Realty,2.492303121881201,,,,,,1.7400805217040278
2024-08-16,Banking,1.587855451321274,,,,,,0.9949850623136581
2024-08-16,NIFTY50,1.6459762490292462,,,,,,0.8435028063871604
2024-08-19,Auto,-0.8930596833793936,,,,,,1.3016454034203468
2024-08-19,Energy,1.3321243844687691,,,,,,1.154938569901908
2024-08-19,FMCG,0.18171568844131958,,,,,,0.8783298354882301
2024-08-19,Infra,0.270802297794015,,,,,,1.0007594964175097
2024-08-19,IT,0.8772429409282356,,,,,,1.4692793984869545
2024-08-19,Media,1.024450690976142,,,,,,1.501475484148305
2024-08-19,Metal,1.8662300088664985,,,,,,1.4716196024047945
2024-08-19,Pharma,0.5941673687603233,,,,,,0.983134343028794
2024-08-19,Realty,0.14780210000744365,,,,,,1.7400805217040278
2024-08-19,Banking,-0.2940538306875351,,,,,,0.9949850623136581
2024-08-19,NIFTY50,0.12835584110202358,,,,,,0.8435028063871604
2024-08-20,Auto,0.5173688100517326,,,,,,1.3016454034203468
2024-08-20,Energy,0.4506953072193953,,,,,,1.154938569901908
2024-08-20,FMCG,-0.13710032591333077,,,,,,0.8783298354882301
2024-08-20,Infra,0.2167054748521302,,,,,,1.0007594964175097
2024-08-20,IT,0.8146820283813971,,,,,,1.4692793984869545
2024-08-20,Media,-0.2667330927850542,,,,,,1.501475484148305
2024-08-20,Metal,0.4660601116817542,,,,,,1.4716196024047945
2024-08-20,Pharma,0.6133704158494568,,,,,,0.983134343028794
2024-08-20,Realty,0.2047252441464531,,,,,,1.7400805217040278
2024-08-20,Banking,0.8632342761118128,,,,,,0.9949850623136581
2024-08-20,NIFTY50,0.5135759339910173,,,,,,0.8435028063871604
2024-08-21,Auto,0.3401960784313651,,,,,,1.3016454034203468
2024-08-21,Energy,0.1465752999305847,,,,,,1.154938569901908
2024-08-21,FMCG,1.3677516823887848,,,,,,0.8783298354882301
2024-08-21,Infra,0.3455630213184957,,,,,,1.0007594964175097
2024-08-21,IT,-0.004688687587484086,,,,,,1.4692793984869545
2024-08-21,Media,1.197479676221902,,,,,,1.501475484148305
2024-08-21,Metal,0.6453196106502634,,,,,,1.4716196024047945
2024-08-21,Pharma,0.9101998530677058,,,,,,0.983134343028794
2024-08-21,Realty,-1.3113438568883695,,,,,,1.7400805217040278
2024-08-21,Banking,-0.23147710302772184,,,,,,0.9949850623136581
2024-08-21,NIFTY50,0.28887826964991703,,,,,,0.8435028063871604
2024-08-22,Auto,-0.09027957585469037,,,,,,1.3016454034203468
2024-08-22,Energy,-0.6200775291814287,,,,,,1.154938569901908
2024-08-22,FMCG,0.6208453616085574,,,,,,0.8783298354882301
2024-08-22,Infra,0.3470696886831659,,,,,,1.0007594964175097
2024-08-22,IT,-0.155523260457624,,,,,,1.4692793984869545
2024-08-22,Media,-0.1928548717391343,,,,,,1.501475484148305
2024-08-22,Metal,0.6714147335545206,,,,,,1.4716196024047945
2024-08-22,Pharma,-0.14084915204606308,,,,,,0.983134343028794
2024-08-22,Realty,0.4718022351719142,,,,,,1.7400805217040278
2024-08-22,Banking,0.5921775197736068,,,,,,0.9949850623136581
2024-08-22,NIFTY50,0.1667357653657442,,,,,,0.8435028063871604
2024-08-23,Auto,1.1228788679971569,,,,,,1.3016454034203468
2024-08-23,Energy,0.0392418036297526,,,,,,1.154938569901908
2024-08-23,FMCG,-0.11711932006063241,,,,,,0.8783298354882301
2024-08-23,Infra,0.05935390450575451,,,,,,1.0007594964175097
2024-08-23,IT,-1.0030975229886163,,,,,,1.4692793984869545
2024-08-23,Media,-1.2905557647006183,,,,,,1.501475484148305
2024-08-23,Metal,-0.38332663181879223,,,,,,1.4716196024047945
2024-08-23,Pharma,-0.08094526466303487,,,,,,0.983134343028794
2024-08-23,Realty,-2.429438571295872,,,,,,1.7400805217040278
2024-08-23,Banking,-0.10247971647073806,,,,,,0.9949850623136581
2024-08-23,NIFTY50,0.046955607782672715,,,,,,0.8435028063871604
2024-08-26,Auto,0.3510543340900396,,,,,,1.3016454034203468
2024-08-26,Energy,1.0473505678365358,,,,,,1.154938569901908
2024-08-26,FMCG,0.3922128376380396,,,,,,0.8783298354882301
2024-08-26,Infra,0.807269320890458,,,,,,1.0007594964175097
2024-08-26,IT,1.3926796477460535,,,,,,1.4692793984869545
2024-08-26,Media,-0.22474697085428375,,,,,,1.501475484148305
2024-08-26,Metal,2.155427587320391,,,,,,1.4716196024047945
2024-08-26,Pharma,0.12029381341271961,,,,,,0.983134343028794
2024-08-26,Realty,1.7581794365293613,,,,,,1.7400805217040278
2024-08-26,Banking,0.4214368888078024,,,,,,0.9949850623136581
2024-08-26,NIFTY50,0.7551387144671073,,,,,,0.8435028063871604
2024-08-27,Auto,-0.11390584957621241,,,,,,1.3016454034203468
2024-08-27,Energy,-0.6127860141569297,,,,,,1.154938569901908
2024-08-27,FMCG,-1.0631834508590399,,,,,,0.8783298354882301
2024-08-27,Infra,-0.08291607996261385,,,,,,1.0007594964175097
2024-08-27,IT,0.11316864904011847,,,,,,1.4692793984869545
2024-08-27,Media,4.095821674573075,,,,,,1.501475484148305
2024-08-27,Metal,-0.6111213550035521,,,,,,1.4716196024047945
2024-08-27,Pharma,0.77167445407198,,,,,,0.983134343028794
2024-08-27,Realty,0.20270034613296684,,,,,,1.7400805217040278
2024-08-27,Banking,0.25543164557213505,,,,,,0.9949850623136581
2024-08-27,NIFTY50,0.02858944102370753,,,,,,0.8435028063871604
2024-08-28,Auto,-0.12542499589014433,,,,,,1.3016454034203468
2024-08-28,Energy,-0.2885730268898934,,,,,,1.154938569901908
2024-08-28,FMCG,-0.4248046941625727,,,,,,0.8783298354882301
2024-08-28,Infra,0.05621556914028325,,,,,,1.0007594964175097
2024-08-28,IT,1.642677433662798,,,,,,1.4692793984869545
2024-08-28,Media,-1.4077296519191207,,,,,,1.501475484148305
2024-08-28,Metal,-0.1902965234157561,,,,,,1.4716196024047945
2024-08-28,Pharma,1.1443513105503955,,,,,,0.983134343028794
2024-08-28,Realty,-0.18302903947089444,,,,,,1.7400805217040278
2024-08-28,Banking,-0.263068888184681,,,,,,0.9949850623136581
2024-08-28,NIFTY50,0.138300244326528,,,,,,0.8435028063871604
2024-08-29,Auto,0.5448348797566283,,,,,,1.3016454034203468
2024-08-29,Energy,0.6060172923030738,,,,,,1.154938569901908
2024-08-29,FMCG,0.7165074960687523,,,,,,0.8783298354882301
2024-08-29,Infra,0.2755690692531454,,,,,,1.0007594964175097
2024-08-29,IT,0.46527373254463544,,,,,,1.4692793984869545
2024-08-29,Media,-0.31153107486172615,,,,,,1.501475484148305
2024-08-29,Metal,-0.4763734790480645,,,,,,1.4716196024047945
2024-08-29,Pharma,-0.4830499237112984,,,,,,0.983134343028794
2024-08-29,Realty,-0.16405628758739965,,,,,,1.7400805217040278
2024-08-29,Banking,0.0173988411669157,,,,,,0.9949850623136581
2024-08-29,NIFTY50,0.397565940632294,,,,,,0.8435028063871604
2024-08-30,Auto,0.5856957938276341,,,,,,1.3016454034203468
2024-08-30,Energy,0.22055530335658435,,,,,,1.154938569901908
2024-08-30,FMCG,-0.16338568737915837,,,,,,0.8783298354882301
2024-08-30,Infra,0.5944492982805194,,,,,,1.0007594964175097
2024-08-30,IT,0.4605417985590332,,,,,,1.4692793984869545
2024-08-30,Media,-0.35511363636363535,,,,,,1.501475484148305
2024-08-30,Metal,0.3767341762943355,,,,,,1.4716196024047945
2024-08-30,Pharma,1.4841685219235679,,,,,,0.983134343028794
2024-08-30,Realty,1.8269719104941906,,,,,,1.7400805217040278
2024-08-30,Banking,0.38756469593521636,,,,,,0.9949850623136581
2024-08-30,NIFTY50,0.3337760073577778,,,,,,0.8435028063871604
2024-09-02,Auto,-0.3874265940145061,,,,,,1.3016454034203468
2024-09-02,Energy,0.05839191122500864,,,,,,1.154938569901908
2024-09-02,FMCG,0.8227935608688508,,,,,,0.8783298354882301
2024-09-02,Infra,-0.2705355011537569,,,,,,1.0007594964175097
2024-09-02,IT,0.4389119744903969,,,,,,1.4692793984869545
2024-09-02,Media,-0.47279406851390426,,,,,,1.501475484148305
2024-09-02,Metal,-1.0430303221604986,,,,,,1.4716196024047945
2024-09-02,Pharma,-0.9912755603385781,,,,,,0.983134343028794
2024-09-02,Realty,-0.23732674597103376,,,,,,1.7400805217040278
2024-09-02,Banking,0.17244217493330716,,,,,,0.9949850623136581
2024-09-02,NIFTY50,0.1695950113232314,,,,,,0.8435028063871604
2024-09-03,Auto,-0.14095905647329987,,,,,,1.3016454034203468
2024-09-03,Energy,-0.6973051991647328,,,,,,1.154938569901908
2024-09-03,FMCG,-0.14604215918263552,,,,,,0.8783298354882301
2024-09-03,Infra,-0.29946427621605487,,,,,,1.0007594964175097
2024-09-03,IT,-0.28923569823502415,,,,,,1.4692793984869545
2024-09-03,Media,-1.439456961233443,,,,,,1.501475484148305
2024-09-03,Metal,-0.563012183383027,,,,,,1.4716196024047945
2024-09-03,Pharma,0.11680966532858772,,,,,,0.983134343028794
2024-09-03,Realty,-0.5233609165692599,,,,,,1.7400805217040278
2024-09-03,Banking,0.48513406019277117,,,,,,0.9949850623136581
2024-09-03,NIFTY50,0.004550829989491412,,,,,,0.8435028063871604
2024-09-04,Auto,-0.3856414014345777,,,,,,1.3016454034203468
2024-09-04,Energy,-0.5239401926888099,,,,,,1.154938569901908
2024-09-04,FMCG,0.40504906612901515,,,,,,0.8783298354882301
2024-09-04,Infra,-0.006929227062957288,,,,,,1.0007594964175097
2024-09-04,IT,-0.9353293224306891,,,,,,1.4692793984869545
2024-09-04,Media,0.08235784697381288,,,,,,1.501475484148305
2024-09-04,Metal,-0.7482644047651199,,,,,,1.4716196024047945
2024-09-04,Pharma,0.7391039640603836,,,,,,0.983134343028794
2024-09-04,Realty,0.6504616987763834,,,,,,1.7400805217040278
2024-09-04,Banking,-0.5588248852627764,,,,,,0.9949850623136581
2024-09-04,NIFTY50,-0.3210082017058524,,,,,,0.8435028063871604
2024-09-05,Auto,-0.3815387711231244,0.0766142519257688,,,,-0.025157211790940437,1.3016454034203468
2024-09-05,Energy,-0.7820836090297267,0.0601243556818698,,,,-0.04164710803483944,1.154938569901908
2024-09-05,FMCG,-0.06667409396463597,0.0825281575246913,,,,-0.019243306192017945,0.8783298354882301
2024-09-05,Infra,-0.5623483475253432,0.078065261728207,,,,-0.023706201988502235,1.0007594964175097
2024-09-05,IT,0.45735253412797494,0.212208589160604,,,,0.11043712544389477,1.4692793984869545
2024-09-05,Media,0.8107061230480106,0.10713632211505715,,,,0.00536485839834791,1.501475484148305
2024-09-05,Metal,0.29884269024549326,-0.007116670352950516,,,,-0.10888813406965976,1.4716196024047945
2024-09-05,Pharma,-0.1194819422036919,0.344403214981226,,,,0.24263175126451675,0.983134343028794
2024-09-05,Realty,-0.9741494464606482,-0.08976542850666404,,,,-0.19153689222337328,1.7400805217040278
2024-09-05,Banking,0.14163507230022798,0.012826040901409522,,,,-0.08894542281529971,0.9949850623136581
2024-09-05,NIFTY50,-0.21270784221717465,0.10177146371670924,,,,0.0,0.8435028063871604
2024-09-06,Auto,-1.1927493828469027,-0.005065668363486801,,,,-0.06901305436400848,1.3016454034203468
2024-09-06,Energy,-1.6292851310424683,-0.036484777536666124,,,,-0.1004321635371878,1.154938569901908
2024-09-06,FMCG,-0.8236984879534281,0.05736863260587496,,,,-0.006578753394646718,0.8783298354882301
2024-09-06,Infra,-1.4470783031522494,0.003668033919883573,,,,-0.0602793520806381,1.0007594964175097
2024-09-06,IT,-0.9749171706956883,0.18465968250396478,,,,0.1207122965034431,1.4692793984869545
2024-09-06,Media,-1.1018649560198823,0.043494615352941815,,,,-0.02045277064757986,1.501475484148305
2024-09-06,Metal,-0.5622499154923855,0.01699928135427003,,,,-0.04694810464625164,1.4716196024047945
2024-09-06,Pharma,-0.4892701980309111,0.2966875236985267,,,,0.232740137698005,0.983134343028794
2024-09-06,Realty,-0.9453405679283655,-0.09366053869798498,,,,-0.15760792469850665,1.7400805217040278
2024-09-06,Banking,-1.7411037526387618,-0.0173934583380649,,,,-0.08134084433858657,0.9949850623136581
2024-09-06,NIFTY50,-1.1650350298901935,0.06394738600052167,,,,0.0,0.8435028063871604
2024-09-09,Auto,-0.12496651657881719,-0.09030991269137238,,,,-0.10699969514102126,1.3016454034203468
2024-09-09,Energy,-0.6768127034502802,-0.09551910861494724,,,,-0.11220889106459611,1.154938569901908
2024-09-09,FMCG,2.0421655157036867,0.09382910511159137,,,,0.0771393226619425,0.8783298354882301
2024-09-09,Infra,-0.31904506804004695,-0.0737928054682857,,,,-0.09048258791793458,1.0007594964175097
2024-09-09,IT,-0.7337336935477556,0.08348737057684501,,,,0.06679758812719613,1.4692793984869545
2024-09-09,Media,-0.3738022009280195,-0.02489092994247929,,,,-0.04158071239212817,1.501475484148305
2024-09-09,Metal,-0.6784125134393748,-0.10596441466469023,,,,-0.1226541971143391,1.4716196024047945
2024-09-09,Pharma,-0.14754766841543754,0.21318002051492962,,,,0.19649023806528074,0.983134343028794
2024-09-09,Realty,-0.23737537349365345,-0.14005820973414926,,,,-0.15674799218379815,1.7400805217040278
2024-09-09,Banking,1.0695589030122354,-0.008414005609866196,,,,-0.025103788059515075,0.9949850623136581
2024-09-09,NIFTY50,0.3390048695012693,0.016689782449648877,,,,0.0,0.8435028063871604
2024-09-10,Auto,0.24004164991517918,-0.10463828670797055,,,,-0.13515579433382033,1.3016454034203468
2024-09-10,Energy,0.7552420292534112,-0.08579351961510458,,,,-0.11631102724095435,1.154938569901908
2024-09-10,FMCG,0.1847453393748033,0.11140942709653157,,,,0.08089191947068179,0.8783298354882301
2024-09-10,Infra,0.8869879489797006,-0.06247182300738582,,,,-0.0929893306332356,1.0007594964175097
2024-09-10,IT,1.7298780005399195,0.1539415895423772,,,,0.12342408191652741,1.4692793984869545
2024-09-10,Media,2.6873671083016193,0.004626228761968454,,,,-0.025891278863881324,1.501475484148305
2024-09-10,Metal,0.6286426564732439,-0.09452477181014679,,,,-0.12504227943599658,1.4716196024047945
2024-09-10,Pharma,1.0754266280264435,0.2379412629917044,,,,0.2074237553658546,0.983134343028794
2024-09-10,Realty,0.8837930724195253,-0.15823302846084578,,,,-0.18875053608669556,1.7400805217040278
2024-09-10,Banking,0.3022430496592676,-0.005506845577298118,,,,-0.036024353203147896,0.9949850623136581
2024-09-10,NIFTY50,0.41986500501236534,0.030517507625849778,,,,0.0,0.8435028063871604
2024-09-11,Auto,-1.2358900357067992,-0.16530978704463742,,,,-0.17665527192408884,1.3016454034203468
2024-09-11,Energy,-1.4609346319829908,-0.17053081333245382,,,,-0.18187629821190524,1.154938569901908
2024-09-11,FMCG,0.2836562093275097,0.1579151727484814,,,,0.14656968786903,0.8783298354882301
2024-09-11,Infra,-0.9603953873868254,-0.10150662619621054,,,,-0.11285211107566195,1.0007594964175097
2024-09-11,IT,-0.4007542423844046,0.1441557010405355,,,,0.13281021616108407,1.4692793984869545
2024-09-11,Media,-1.5018931367680954,-0.06744290318158742,,,,-0.07878838806103884,1.501475484148305
2024-09-11,Metal,-1.397959822520367,-0.14749000471921955,,,,-0.15883548959867097,1.4716196024047945
2024-09-11,Pharma,-0.15672466117382378,0.2533474423812976,,,,0.24200195750184617,0.983134343028794
2024-09-11,Realty,-1.1648592621841147,-0.21154713105790351,,,,-0.22289261593735493,1.7400805217040278
2024-09-11,Banking,-0.5115837933021394,-0.028593326630631893,,,,-0.039938811510083314,0.9949850623136581
2024-09-11,NIFTY50,-0.4897963449619458,0.011345484879451417,,,,0.0,0.8435028063871604
2024-09-12,Auto,2.1362454942422504,-0.1071812448134224,,,,-0.16887372241425558,1.3016454034203468
2024-09-12,Energy,2.093874808564311,-0.11428208409633249,,,,-0.1759745616971657,1.154938569901908
2024-09-12,FMCG,1.150335155819615,0.18206775104027534,,,,0.12037527343944215,0.8783298354882301
2024-09-12,Infra,2.377802902431281,-0.04203100056731005,,,,-0.10372347816814323,1.0007594964175097
2024-09-12,IT,1.5981823139812557,0.19131787689749027,,,,0.1296253992966571,1.4692793984869545
2024-09-12,Media,0.3757792075738786,-0.09049121446003669,,,,-0.15218369206086987,1.501475484148305
2024-09-12,Metal,2.9092112312581353,-0.09101993491884636,,,,-0.15271241251967954,1.4716196024047945
2024-09-12,Pharma,0.900928559502634,0.24680445084003022,,,,0.18511197323919704,0.983134343028794
2024-09-12,Realty,0.8815006616278653,-0.16986630604018024,,,,-0.23155878364101343,1.7400805217040278
2024-09-12,Banking,1.4946058370907567,0.017725353974835656,,,,-0.04396712362599753,0.9949850623136581
2024-09-12,NIFTY50,1.887963282727112,0.061692477600833184,,,,0.0,0.8435028063871604
2024-09-13,Auto,0.1592286475497362,-0.07716574387560533,,,,-0.12662207891074378,1.3016454034203468
2024-09-13,Energy,-0.6316863444383647,-0.20093982272592179,,,,-0.2503961577610603,1.154938569901908
2024-09-13,FMCG,-0.6874926623505417,0.15426533366616296,,,,0.1048089986310245,0.8783298354882301
2024-09-13,Infra,-0.32942795914217005,-0.064275605247844,,,,-0.11373194028298246,1.0007594964175097
2024-09-13,IT,0.5613863316694667,0.22159332532006823,,,,0.17213699028492976,1.4692793984869545
2024-09-13,Media,1.6774634591732562,0.02830130190817499,,,,-0.021155033126963475,1.501475484148305
2024-09-13,Metal,0.8589180172443589,-0.05884146514773868,,,,-0.10829780018287714,1.4716196024047945
2024-09-13,Pharma,0.11972369019390694,0.24877489372562658,,,,0.19931855869048812,0.983134343028794
2024-09-13,Realty,1.7331345069464765,-0.05540951592767871,,,,-0.10486585096281717,1.7400805217040278
2024-09-13,Banking,0.31996266108855753,0.0277053014791262,,,,-0.021751033556012267,0.9949850623136581
2024-09-13,NIFTY50,-0.12761636040355961,0.049456335035138466,,,,0.0,0.8435028063871604
2024-09-16,Auto,0.03408401111171244,0.021249166858965385,,,,-0.07086587025805187,1.3016454034203468
2024-09-16,Energy,0.8048950644017783,-0.12812275427795394,,,,-0.22023779139497118,1.154938569901908
2024-09-16,FMCG,-0.7159248843530253,0.15335054382263902,,,,0.061235506705621764,0.8783298354882301
2024-09-16,Infra,0.15856225726529338,-0.005658540881862499,,,,-0.09777357799887976,1.0007594964175097
2024-09-16,IT,-0.09610265736990087,0.2985595688764449,,,,0.20644453175942767,1.4692793984869545
2024-09-16,Media,0.9936533462346242,0.075409526354819,,,,-0.016705510762198256,1.501475484148305
2024-09-16,Metal,0.6088137141961436,0.05151290602575873,,,,-0.04060213109125852,1.4716196024047945
2024-09-16,Pharma,-0.03794237903962383,0.23030069464089553,,,,0.1381856575238783,0.983134343028794
2024-09-16,Realty,0.57418750226641,0.08154308314447854,,,,-0.010571953972538711,1.7400805217040278
2024-09-16,Banking,0.414142720056887,0.055334404126330394,,,,-0.03678063299068686,0.9949850623136581
2024-09-16,NIFTY50,0.10746751326089488,0.09211503711701725,,,,0.0,0.8435028063871604
2024-09-17,Auto,0.2584239391185461,0.16052255127718576,,,,-0.025450634173920933,1.3016454034203468
2024-09-17,Energy,0.1867543007307626,0.00541942293806071,,,,-0.18055376251304597,1.154938569901908
2024-09-17,FMCG,0.13847271351610235,0.16847720604342736,,,,-0.01749597940767933,0.8783298354882301
2024-09-17,Infra,0.34229908026970346,0.11503755246501861,,,,-0.07093563298608808,1.0007594964175097
2024-09-17,IT,0.14382411397515504,0.41194853472893533,,,,0.22597534927782864,1.4692793984869545
2024-09-17,Media,-1.1895279818590843,0.18827663933726999,,,,0.0023034538861632925,1.501475484148305
2024-09-17,Metal,-0.41950638934364903,0.19930128792208052,,,,0.013328102470973824,1.4716196024047945
2024-09-17,Pharma,-0.2776250732981489,0.26971581344378304,,,,0.08374262799267634,0.983134343028794
2024-09-17,Realty,0.6133811738701977,0.24613424935360304,,,,0.06016106390249634,1.7400805217040278
2024-09-17,Banking,0.06806875723437411,0.1392679675935756,,,,-0.046705217857531095,0.9949850623136581
2024-09-17,NIFTY50,0.13709866056039743,0.1859731854511067,,,,0.0,0.8435028063871604
2024-09-18,Auto,-0.3550731780787908,0.1738419967683132,,,,-0.01549108023892451,1.3016454034203468
2024-09-18,Energy,-0.6989682172518608,-0.004906900202338305,,,,-0.194239977209576,1.154938569901908
2024-09-18,FMCG,-0.11037618908181779,0.16188985856374186,,,,-0.027443218443495843,0.8783298354882301
2024-09-18,Infra,-0.4472040145401479,0.10455844256131552,,,,-0.08477463444592218,1.0007594964175097
2024-09-18,IT,-3.053551120004605,0.2938376354678888,,,,0.10450455846065113,1.4692793984869545
2024-09-18,Media,-0.30037593763544423,0.1731913460456447,,,,-0.016141730961592993,1.501475484148305
2024-09-18,Metal,-0.8265801324933153,0.16180025941066714,,,,-0.027532817596570558,1.4716196024047945
2024-09-18,Pharma,-1.5329136635514828,0.22178475593905989,,,,0.03245167893182219,0.983134343028794
2024-09-18,Realty,-0.22978346314705966,0.2105934881594703,,,,0.021260411152232594,1.7400805217040278
2024-09-18,Banking,1.0763834987463694,0.19802532780949197,,,,0.008692250802254275,0.9949850623136581
2024-09-18,NIFTY50,-0.16129951842196455,0.1893330770072377,,,,0.0,0.8435028063871604
2024-09-19,Auto,0.3999355731259424,0.13041027289024565,,,,-0.021579721348543607,1.3016454034203468
2024-09-19,Energy,-0.056199263976886016,-0.07940727003181158,,,,-0.23139726427060084,1.154938569901908
2024-09-19,FMCG,0.5583064559080864,0.1416228218101893,,,,-0.010367172428599969,0.8783298354882301
2024-09-19,Infra,-0.21469819379954513,0.04287336863163923,,,,-0.10911662560715002,1.0007594964175097
2024-09-19,IT,-0.3414150771875346,0.23321325867090645,,,,0.08122326443211719,1.4692793984869545
2024-09-19,Media,-2.4481593543206004,0.005730674627078392,,,,-0.14625931961171088,1.501475484148305
2024-09-19,Metal,-0.6374447333402311,0.05074022106274428,,,,-0.10124977317604497,1.4716196024047945
2024-09-19,Pharma,-0.41280349942683925,0.13468785548319945,,,,-0.017302138755589808,0.983134343028794
2024-09-19,Realty,0.49353701527614646,0.16591460983989226,,,,0.013924615601103002,1.7400805217040278
2024-09-19,Banking,0.5444567880189322,0.19133557046069818,,,,0.03934557622190893,0.9949850623136581
2024-09-19,NIFTY50,0.15072376499098983,0.15198999423878926,,,,0.0,0.8435028063871604
2024-09-20,Auto,1.8793691565376136,0.19576266754703178,,,,-0.030191290662766268,1.3016454034203468
2024-09-20,Energy,1.2358608398213011,0.01656869436822565,,,,-0.2093852638415724,1.154938569901908
2024-09-20,FMCG,1.3774298784914318,0.20251820336836587,,,,-0.023435754841432177,0.8783298354882301
2024-09-20,Infra,1.4685824383173784,0.13896064982877507,,,,-0.08699330838102298,1.0007594964175097
2024-09-20,IT,0.6169821515478402,0.31726564193393,,,,0.09131168372413193,1.4692793984869545
2024-09-20,Media,0.3331478619855721,0.0089025199912522,,,,-0.21705143821854586,1.501475484148305
2024-09-20,Metal,1.6549161853893768,0.16403743597196616,,,,-0.061916522237831895,1.4716196024047945
2024-09-20,Pharma,0.3275146830511222,0.13391240984245859,,,,-0.09204154836733947,0.983134343028794
2024-09-20,Realty,3.0495767620147385,0.30780462754492827,,,,0.08185066933513022,1.7400805217040278
2024-09-20,Banking,1.424645221484222,0.23631643066711877,,,,0.01036247245732072,0.9949850623136581
2024-09-20,NIFTY50,1.4760441377741573,0.22595395820979805,,,,0.0,0.8435028063871604
2024-09-23,Auto,1.5565698116251303,0.19021835939453316,,,,-0.02025400235476671,1.3016454034203468
2024-09-23,Energy,1.2147024504084003,0.015758106478569456,,,,-0.1947142552707304,1.154938569901908
2024-09-23,FMCG,0.6594823056784271,0.21833309489239675,,,,0.007860733143096876,0.8783298354882301
2024-09-23,Infra,1.1633563408807612,0.14507594461660242,,,,-0.06539641713269745,1.0007594964175097
2024-09-23,IT,-0.5140440967812299,0.24854641773133088,,,,0.03807405598203101,1.4692793984869545
2024-09-23,Media,0.7222737747908381,-0.028072317646959173,,,,-0.23854467939625904,1.501475484148305
2024-09-23,Metal,0.5375180049268957,0.15629302366302372,,,,-0.054179338086276146,1.4716196024047945
2024-09-23,Pharma,0.5607415698590579,0.13823888279731136,,,,-0.0722334789519885,0.983134343028794
2024-09-23,Realty,2.22858109769537,0.3304342618513097,,,,0.11996190010200983,1.7400805217040278
2024-09-23,Banking,0.5811172546715593,0.233901894604337,,,,0.023429532855037127,0.9949850623136581
2024-09-23,NIFTY50,0.5742385099666292,0.21047236174929987,,,,0.0,0.8435028063871604
2024-09-24,Auto,0.42920018521803716,0.21342840090274093,,,,-2.1675911536456205e-05,1.3016454034203468
2024-09-24,Energy,0.7778364614196231,0.06482553926970465,,,,-0.14862453754457272,1.154938569901908
2024-09-24,FMCG,-0.7669906184304409,0.21898527243294996,,,,0.005535195618672578,0.8783298354882301
2024-09-24,Infra,0.16883155333808908,0.1676497308571956,,,,-0.045800345957081795,1.0007594964175097
2024-09-24,IT,0.610896838871211,0.26325353238067767,,,,0.049803455566400284,1.4692793984869545
2024-09-24,Media,0.012031666782985617,0.04068749653597273,,,,-0.17276258027830466,1.501475484148305
2024-09-24,Metal,2.967268574762083,0.2301418812327938,,,,0.01669180441851642,1.4716196024047945
2024-09-24,Pharma,0.23407022326205063,0.14663423749930646,,,,-0.06681583931497093,0.983134343028794
2024-09-24,Realty,-0.30191576080917937,0.276513058503313,,,,0.0630629816890356,1.7400805217040278
2024-09-24,Banking,-0.2535758029064139,0.2192792087655619,,,,0.005829131951284511,0.9949850623136581
2024-09-24,NIFTY50,0.0052030021699067674,0.21345007681427738,,,,0.0,0.8435028063871604
2024-09-25,Auto,-0.1192387582917509,0.2354437284614678,,,,-0.014675360070596971,1.3016454034203468
2024-09-25,Energy,0.8164383365760308,0.11889096057486337,,,,-0.1312281279572014,1.154938569901908
2024-09-25,FMCG,-0.41787724037520846,0.21439085415778583,,,,-0.03572823437427894,0.8783298354882301
2024-09-25,Infra,0.4404318317257516,0.20678273535968295,,,,-0.043336353172381825,1.0007594964175097
2024-09-25,IT,-0.6699184267421443,0.24047112900264142,,,,-0.00964795952942335,1.4692793984869545
2024-09-25,Media,2.9425869529921433,0.1704303933731059,,,,-0.07968869515895888,1.501475484148305
2024-09-25,Metal,0.42884728233882896,0.2990145474503111,,,,0.048895458918246315,1.4716196024047945
2024-09-25,Pharma,0.2613358763612794,0.15744700539082318,,,,-0.09267208314124159,0.983134343028794
2024-09-25,Realty,0.6590981442050836,0.32294302671730907,,,,0.0728239381852443,1.7400805217040278
2024-09-25,Banking,0.24652644528118106,0.27666822842107414,,,,0.026549139889009366,0.9949850623136581
2024-09-25,NIFTY50,0.24575565157058943,0.25011908853206477,,,,0.0,0.8435028063871604
2024-09-26,Auto,2.260831919609707,0.309256476195013,,,,0.03263093019102026,1.3016454034203468
2024-09-26,Energy,0.18234905474132646,0.14622054283211802,,,,-0.13040500317187473,1.154938569901908
2024-09-26,FMCG,0.9694486350687148,0.25702897293023586,,,,-0.019596573073756895,0.8783298354882301
2024-09-26,Infra,0.41096043317314646,0.23045996318330855,,,,-0.0461655828206842,1.0007594964175097
2024-09-26,IT,0.4765126205978465,0.20382594896665793,,,,-0.07279959703733482,1.4692793984869545
2024-09-26,Media,0.4090218534533063,0.21937584241324048,,,,-0.057249703590752266,1.501475484148305
2024-09-26,Metal,2.133032594931472,0.4121120952540002,,,,0.13548654925000747,1.4716196024047945
2024-09-26,Pharma,0.00817407469138054,0.18459156335168594,,,,-0.0920339826523068,0.983134343028794
2024-09-26,Realty,0.10175856206866563,0.34238384332415145,,,,0.0657582973201587,1.7400805217040278
2024-09-26,Banking,0.5059053335799701,0.3005253107852871,,,,0.023899764781294353,0.9949850623136581
2024-09-26,NIFTY50,0.8148714241454025,0.27662554600399275,,,,0.0,0.8435028063871604
2024-09-27,Auto,0.4164204209665012,0.2562075257975301,,,,0.03916526532892353,1.3016454034203468
2024-09-27,Energy,0.9059888066090371,0.13987473864137717,,,,-0.07716752182722939,1.154938569901908
2024-09-27,FMCG,-0.47076770504020926,0.191982679430834,,,,-0.02505958103777256,0.8783298354882301
2024-09-27,Infra,0.2669875219537765,0.1905919198357046,,,,-0.02645034063290197,1.0007594964175097
2024-09-27,IT,0.35981947876393416,0.11959005376715237,,,,-0.09745220670145419,1.4692793984869545
2024-09-27,Media,-1.54562156293645,0.09804600065475567,,,,-0.11899625981385088,1.501475484148305
2024-09-27,Metal,0.7901240025164791,0.38199142588087137,,,,0.16494916541226481,1.4716196024047945
2024-09-27,Pharma,1.1535003558750034,0.2088375347316355,,,,-0.008204725736971064,0.983134343028794
2024-09-27,Realty,-1.193317370929503,0.21952982689712794,,,,0.0024875664285213817,1.7400805217040278
2024-09-27,Banking,-0.9950294861599263,0.2144291462025805,,,,-0.002613114266026062,0.9949850623136581
2024-09-27,NIFTY50,-0.14152231703233875,0.21704226046860656,,,,0.0,0.8435028063871604
2024-09-30,Auto,-2.1134912352978485,0.2155264740669149,,,,0.0496324111417871,1.3016454034203468
2024-09-30,Energy,-1.1859934476372236,0.055937477571177396,,,,-0.10995658535395042,1.154938569901908
2024-09-30,FMCG,-0.4633601076763805,0.17048015289357732,,,,0.004586089968449503,0.8783298354882301
2024-09-30,Infra,-1.1796741626735385,0.14224270448678614,,,,-0.02365135843834168,1.0007594964175097
2024-09-30,IT,-0.8661722193059718,0.06147621509267879,,,,-0.10441784783244903,1.4692793984869545
2024-09-30,Media,1.1206710149741061,0.10125334478802116,,,,-0.06464071813710666,1.501475484148305
2024-09-30,Metal,1.3289152593354503,0.36408093422983645,,,,0.19818687130470863,1.4716196024047945
2024-09-30,Pharma,-1.0115199755783566,0.1553146232536795,,,,-0.01057943967144831,0.983134343028794
2024-09-30,Realty,-1.6818794065928455,0.158540443343785,,,,-0.007353619581342813,1.7400805217040278
2024-09-30,Banking,-1.5904343630821494,0.17121646178942665,,,,0.005322398864298833,0.9949850623136581
2024-09-30,NIFTY50,-1.4060900852023384,0.16589406292512782,,,,0.0,0.8435028063871604
2024-10-01,Auto,0.2081236740245629,0.2052183028660093,,,,0.05824490481884684,1.3016454034203468
2024-10-01,Energy,-0.7450563639953778,0.01607908853068496,,,,-0.13089430951647751,1.154938569901908
2024-10-01,FMCG,-0.10589254115278557,0.17152041238559548,,,,0.02454701433843301,0.8783298354882301
2024-10-01,Infra,-0.2041797748912666,0.12821319616200624,,,,-0.01876020188515623,1.0007594964175097
2024-10-01,IT,1.1650646914632468,0.07315563719540712,,,,-0.07381776085175536,1.4692793984869545
2024-10-01,Media,1.6015898994622413,0.16353077786293102,,,,0.016557379815768547,1.501475484148305
2024-10-01,Metal,0.24122124539529555,0.3565863053536212,,,,0.2096129073064587,1.4716196024047945
2024-10-01,Pharma,0.06593974114372791,0.13706693409682186,,,,-0.009906463950340616,0.983134343028794
2024-10-01,Realty,-0.19563461456437725,0.14519511472009064,,,,-0.0017782833270718335,1.7400805217040278
2024-10-01,Banking,-0.10476026577608266,0.13894997705983014,,,,-0.00802342098733233,0.9949850623136581
2024-10-01,NIFTY50,-0.05404401234794243,0.14697339804716247,,,,0.0,0.8435028063871604
2024-10-03,Auto,-2.884970828730593,0.09771273929394401,,,,0.03102320110507005,1.3016454034203468
2024-10-03,Energy,-2.605361792223393,-0.07565214787444763,,,,-0.1423416860633216,1.154938569901908
2024-10-03,FMCG,-1.4798906218126406,0.07659900224554798,,,,0.00990946405667402,0.8783298354882301
2024-10-03,Infra,-2.833520839329162,0.022243734140417654,,,,-0.044445804048456314,1.0007594964175097
2024-10-03,IT,-1.5840753494170134,0.0205094151344228,,,,-0.04618012305445117,1.4692793984869545
2024-10-03,Media,-2.13094230022437,0.05258337864805528,,,,-0.014106159540818682,1.501475484148305
2024-10-03,Metal,-0.6646828363074397,0.3129195571216977,,,,0.24623001893282376,1.4716196024047945
2024-10-03,Pharma,-0.5056576072403396,0.08987168541988703,,,,0.02318214723101307,0.983134343028794
2024-10-03,Realty,-4.36249046369136,0.043490227826657644,,,,-0.02319931036221632,1.7400805217040278
2024-10-03,Banking,-2.035807598153727,0.07880562722229664,,,,0.012116089033422678,0.9949850623136581
2024-10-03,NIFTY50,-2.119637526098739,0.06668953818887396,,,,0.0,0.8435028063871604
2024-10-04,Auto,-1.4287788188249828,0.05309609786160093,,,,0.02305340478540067,1.3016454034203468
2024-10-04,Energy,-1.104221013854123,-0.09179026403020411,,,,-0.12183295710640438,1.154938569901908
2024-10-04,FMCG,-1.7394795768666538,-0.0020784957036257268,,,,-0.03212118877982599,0.8783298354882301
2024-10-04,Infra,-1.4109537401044703,-0.036357046819170215,,,,-0.06639973989537047,1.0007594964175097
2024-10-04,IT,0.35892983648460053,0.037657851699163615,,,,0.007615158622963355,1.4692793984869545
2024-10-04,Media,-2.6099838357076854,-0.02798758681756309,,,,-0.058030279893763345,1.501475484148305
2024-10-04,Metal,-0.4116179683653409,0.27681846705770236,,,,0.2467757739815021,1.4716196024047945
2024-10-04,Pharma,-0.36261999137140455,0.08247932410904231,,,,0.052436631032842046,0.983134343028794
2024-10-04,Realty,-1.639652161284555,-0.02689158538855801,,,,-0.05693427846475827,1.7400805217040278
2024-10-04,Banking,-0.7390239468140214,0.03443224500270903,,,,0.0043895519265087675,0.9949850623136581
2024-10-04,NIFTY50,-0.9326695880144675,0.03004269307620026,,,,0.0,0.8435028063871604
2024-10-07,Auto,-0.4595734332881407,0.0003476878187576767,,,,0.0010330988973220971,1.3016454034203468
2024-10-07,Energy,-2.474526685458711,-0.17558254699981957,,,,-0.17489713592125514,1.154938569901908
2024-10-07,FMCG,-0.5549052334524851,-0.01667135948335415,,,,-0.01598594840478973,0.8783298354882301
2024-10-07,Infra,-1.5147254124105558,-0.08882635738304723,,,,-0.08814094630448281,1.0007594964175097
2024-10-07,IT,0.6635289293170255,0.09321206677601834,,,,0.09389747785458276,1.4692793984869545
2024-10-07,Media,-3.652908284960843,-0.10673267082623725,,,,-0.10604725974767283,1.501475484148305
2024-10-07,Metal,-2.243606239795082,0.21480914679182597,,,,0.2154945578703904,1.4716196024047945
2024-10-07,Pharma,-0.5061699933510799,0.06830516648610747,,,,0.06899057756467189,0.983134343028794
2024-10-07,Realty,-1.1290970985409543,0.01645313036993925,,,,0.01713854144850367,1.7400805217040278
2024-10-07,Banking,-1.9104414395164526,-0.025833145765481458,,,,-0.02514773468691704,0.9949850623136581
2024-10-07,NIFTY50,-0.8748875168602677,-0.0006854110785644204,,,,0.0,0.8435028063871604
2024-10-08,Auto,1.6621332160168478,0.04405031721631795,,,,0.04068152776555515,1.3016454034203468
2024-10-08,Energy,1.6408603251795162,-0.1557988884217202,,,,-0.159167677872483,1.154938569901908
2024-10-08,FMCG,0.4731191778898136,-0.013974481474961683,,,,-0.017343270925724484,0.8783298354882301
2024-10-08,Infra,1.5907130660934188,-0.06271156587628186,,,,-0.06608035532704466,1.0007594964175097
2024-10-08,IT,0.4668082735398871,0.0623496876358128,,,,0.05898089818505,1.4692793984869545
2024-10-08,Media,3.11230652011949,0.004502445539555211,,,,0.001133656088792412,1.501475484148305
2024-10-08,Metal,-0.9290595186224326,0.11199290992706519,,,,0.10862412047630239,1.4716196024047945
2024-10-08,Pharma,1.436814778938289,0.11218919867029313,,,,0.10882040921953033,0.983134343028794
2024-10-08,Realty,0.9606358401492265,-0.01013165617606524,,,,-0.013500445626828039,1.7400805217040278
2024-10-08,Banking,1.0739171798116676,-0.0040838027320192856,,,,-0.007452592182782085,0.9949850623136581
2024-10-08,NIFTY50,0.8767647303469239,0.003368789450762799,,,,0.0,0.8435028063871604
2024-10-09,Auto,0.8162432442834433,0.07505528701163981,,,,0.0767974480216227,1.3016454034203468
2024-10-09,Energy,-0.8029900180400507,-0.16213902188449092,,,,-0.16039686087450802,1.154938569901908
2024-10-09,FMCG,-1.5667981383943874,-0.030761637726139934,,,,-0.02901947671615705,0.8783298354882301
2024-10-09,Infra,-0.12721197417628893,-0.06418809568340438,,,,-0.06244593467342149,1.0007594964175097
2024-10-09,IT,0.554878058333208,0.07707333461224912,,,,0.078815495622232,1.4692793984869545
2024-10-09,Media,0.8262856424088527,-0.10448208886591885,,,,-0.10273992785593597,1.501475484148305
2024-10-09,Metal,0.06432014622439475,0.13450762663466342,,,,0.13624978764464632,1.4716196024047945
2024-10-09,Pharma,2.041584860315404,0.15451954554507394,,,,0.15626170655505683,0.983134343028794
2024-10-09,Realty,2.145744813241124,0.054636492727539995,,,,0.056378653737522884,1.7400805217040278
2024-10-09,Banking,-0.027439681699692464,-0.013512846974413536,,,,-0.01177068596443065,0.9949850623136581
2024-10-09,NIFTY50,-0.12473907279866303,-0.0017421610099828861,,,,0.0,0.8435028063871604
2024-10-10,Auto,0.29583841362557095,0.08909740066216365,,,,0.09324798019986165,1.3016454034203468
2024-10-10,Energy,0.31755780882278817,-0.1419346606940682,,,,-0.1377840811563702,1.154938569901908
2024-10-10,FMCG,-0.4460634855104062,-0.03147026410440105,,,,-0.027319684566703046,0.8783298354882301
2024-10-10,Infra,0.08910842250759998,-0.06309166723782715,,,,-0.058941087700129145,1.0007594964175097
2024-10-10,IT,-1.2527329155204714,-0.019440343693859868,,,,-0.015289764156161866,1.4692793984869545
2024-10-10,Media,-0.4555510806377283,-0.07274280315653911,,,,-0.06859222361884111,1.501475484148305
2024-10-10,Metal,0.39997138292988677,0.15418322351285152,,,,0.15833380305054953,1.4716196024047945
2024-10-10,Pharma,-2.0125058859488343,0.049290972328432936,,,,0.05344155186613094,0.983134343028794
2024-10-10,Realty,-0.3992275126897149,0.047429876953579315,,,,0.05158045649127732,1.7400805217040278
2024-10-10,Banking,1.0271108622345926,0.029493144706228918,,,,0.03364372424392692,0.9949850623136581
2024-10-10,NIFTY50,0.06604768849507447,-0.004150579537698003,,,,0.0,0.8435028063871604
2024-10-11,Auto,-0.3464213605179345,0.059388859319678224,,,,0.08135181558537133,1.3016454034203468
2024-10-11,Energy,0.015903854143783924,-0.1616051086327112,,,,-0.13964215236701807,1.154938569901908
2024-10-11,FMCG,0.038510896072008194,-0.05407015077095919,,,,-0.03210719450526608,0.8783298354882301
2024-10-11,Infra,0.11906814085584916,-0.06830836485107035,,,,-0.04634540858537724,1.0007594964175097
2024-10-11,IT,0.5866131439173472,-0.015395696648102808,,,,0.006567259617590304,1.4692793984869545
2024-10-11,Media,0.5956584478546079,-0.042503152399327976,,,,-0.020540196133634864,1.501475484148305
2024-10-11,Metal,0.9425860716671508,0.20148187520335867,,,,0.22344483146905178,1.4716196024047945
2024-10-11,Pharma,1.1890058838087025,0.10502616591243297,,,,0.12698912217812608,0.983134343028794
2024-10-11,Realty,-0.6918929397260243,0.029835321882291824,,,,0.05179827814798493,1.7400805217040278
2024-10-11,Banking,-0.6958886165839506,0.005716896114533372,,,,0.027679852380226484,0.9949850623136581
2024-10-11,NIFTY50,-0.13680536120755926,-0.021962956265693112,,,,0.0,0.8435028063871604
2024-10-14,Auto,0.10194643892644795,0.04326388082297202,,,,0.05449488481916176,1.3016454034203468
2024-10-14,Energy,0.0461232522067867,-0.16741951033770444,,,,-0.1561885063415147,1.154938569901908
2024-10-14,FMCG,0.47052291419158454,-0.03293986405193442,,,,-0.021708860055744683,0.8783298354882301
2024-10-14,Infra,0.4816833741297488,-0.07206722898942937,,,,-0.06083622499323963,1.0007594964175097
2024-10-14,IT,1.268552997022776,0.011538009967355286,,,,0.022769013963545026,1.4692793984869545
2024-10-14,Media,-0.9989168371645207,-0.06396325909269082,,,,-0.052732255096501084,1.501475484148305
2024-10-14,Metal,-0.278878802015714,0.17962810925969042,,,,0.19085911325588015,1.4716196024047945
2024-10-14,Pharma,0.4145066734514202,0.06937077096336138,,,,0.08060177495955112,0.983134343028794
2024-10-14,Realty,1.6096483176033516,0.022591202119263857,,,,0.0338222061154536,1.7400805217040278
2024-10-14,Banking,1.259661274574131,0.03478678206916386,,,,0.046017786065353596,0.9949850623136581
2024-10-14,NIFTY50,0.6557345754428789,-0.01123100399618974,,,,0.0,0.8435028063871604
2024-10-15,Auto,-0.834926400094238,0.02834722062031429,,,,0.054596741343601415,1.3016454034203468
2024-10-15,Energy,-0.6051473782386019,-0.18953748665315814,,,,-0.16328796592987102,1.154938569901908
2024-10-15,FMCG,0.3774086165677648,-0.04778602886197062,,,,-0.021536508138683498,0.8783298354882301
2024-10-15,Infra,0.07872049505690537,-0.06042536244907396,,,,-0.03417584172578684,1.0007594964175097
2024-10-15,IT,-0.32992802829302503,-0.014089990125425444,,,,0.012159530597861679,1.4692793984869545
2024-10-15,Media,0.6224191017809355,-0.02745615341619616,,,,-0.0012066326929090383,1.501475484148305
2024-10-15,Metal,-1.4432124716052486,0.16628870427819872,,,,0.19253822500148585,1.4716196024047945
2024-10-15,Pharma,-0.5249188397381754,0.0849159949833748,,,,0.11116551570666193,0.983134343028794
2024-10-15,Realty,2.052307537072795,0.09891234488739148,,,,0.1251618656106786,1.7400805217040278
2024-10-15,Banking,0.17195464257180326,0.03477053099044706,,,,0.06102005171373418,0.9949850623136581
2024-10-15,NIFTY50,-0.2809604904896901,-0.026249520723287123,,,,0.0,0.8435028063871604
2024-10-16,Auto,-1.2712140349686374,-0.009327945329530296,,,,0.02852018775896544,1.3016454034203468
2024-10-16,Energy,0.05098119883784058,-0.16459460671973902,,,,-0.12674647363124328,1.154938569901908
2024-10-16,FMCG,-0.37447346201118226,-0.05540040562292218,,,,-0.01755227253442644,0.8783298354882301
2024-10-16,Infra,0.15406443073875398,-0.04530773888391367,,,,-0.007459605795417934,1.0007594964175097
2024-10-16,IT,-1.1715102356997686,-0.04349914137425026,,,,-0.005651008285754523,1.4692793984869545
2024-10-16,Media,-0.48083656004888065,0.004497859956622581,,,,0.04234599304511832,1.501475484148305
2024-10-16,Metal,-0.20845631585723057,0.17810723319572527,,,,0.21595536628422102,1.4716196024047945
2024-10-16,Pharma,-0.3750668089048892,0.06852011250892558,,,,0.10636824559742131,0.983134343028794
2024-10-16,Realty,0.5467681828250193,0.1345833148672008,,,,0.17243144795569654,1.7400805217040278
2024-10-16,Banking,-0.20219091964319702,0.011859698329248122,,,,0.04970783141774386,0.9949850623136581
2024-10-16,NIFTY50,-0.34340754096676696,-0.03784813308849574,,,,0.0,0.8435028063871604
2024-10-17,Auto,-3.542401409741791,-0.11455327893977074,,,,-0.05784466149868828,1.3016454034203468
2024-10-17,Energy,-0.7787221285437185,-0.17308733791490263,,,,-0.11637872047382017,1.154938569901908
2024-10-17,FMCG,-1.6361180474001258,-0.12343930940722687,,,,-0.06673069196614441,0.8783298354882301
2024-10-17,Infra,-1.0480704129993246,-0.08001244508179257,,,,-0.02330382764071011,1.0007594964175097
2024-10-17,IT,1.1926213703948862,0.02743254838660225,,,,0.08414116582768472,1.4692793984869545
2024-10-17,Media,-2.182731012728012,-0.07100510203343825,,,,-0.014296484592355788,1.501475484148305
2024-10-17,Metal,-1.4207005743370638,0.1556926942099938,,,,0.21240131165107626,1.4716196024047945
2024-10-17,Pharma,-0.9091338089997514,0.013578853406921073,,,,0.07028747084800353,0.983134343028794
2024-10-17,Realty,-3.760535378958607,-0.012449921057298896,,,,0.04425869638378357,1.7400805217040278
2024-10-17,Banking,-0.9888795541294626,-0.0024754572996414184,,,,0.05423316014144105,0.9949850623136581
2024-10-17,NIFTY50,-0.8868227322834543,-0.056708617441082465,,,,0.0,0.8435028063871604
2024-10-18,Auto,0.6230240114215135,-0.08106785285494948,-0.0022268004645903394,,,-0.04548340995857326,1.3016454034203468
2024-10-18,Energy,0.5430319431227515,-0.12891681950982004,-0.03439623191397512,,,-0.09333237661344382,1.154938569901908
2024-10-18,FMCG,-0.5063317251467914,-0.1380945637799654,-0.027783203127637046,,,-0.10251012088358918,0.8783298354882301
2024-10-18,Infra,0.5200065685040167,-0.043933947880813916,0.01706565692369655,,,-0.008349504984437692,1.0007594964175097
2024-10-18,IT,-1.469196418206442,-0.03678575002454498,0.08771141956802952,,,-0.001201307128168759,1.4692793984869545
2024-10-18,Media,1.3800598898373595,-0.05202664314045995,0.027554839487298585,,,-0.016442200244083723,1.501475484148305
2024-10-18,Metal,1.5682170608064316,0.19800517322869177,0.09544425143787061,,,0.23358961612506798,1.4716196024047945
2024-10-18,Pharma,0.4394909209168407,0.032211282177605494,0.18830724857941572,,,0.06779572507398171,0.983134343028794
2024-10-18,Realty,0.3016831241114293,0.030077831295103684,-0.029843798605780177,,,0.06566227419147991,1.7400805217040278
2024-10-18,Banking,1.570320275053949,0.04514738279214928,0.028986711846779405,,,0.08073182568852551,0.9949850623136581
2024-10-18,NIFTY50,0.4210173941240125,-0.035584442896376224,0.033093510410166505,,,0.0,0.8435028063871604
2024-10-21,Auto,0.41734455189206265,-0.0273980550303173,-0.01623186169690205,,,-0.020864171870286587,1.3016454034203468
2024-10-21,Energy,-0.5359752710804577,-0.09247315751108635,-0.06447896752387623,,,-0.08593927435105564,1.154938569901908
2024-10-21,FMCG,-1.2480755789837206,-0.15224046681430847,-0.04743591710421676,,,-0.14570658365427777,0.8783298354882301
2024-10-21,Infra,-0.8407775573132215,-0.023723923019512982,-0.010027944549814705,,,-0.01719003985948227,1.0007594964175097
2024-10-21,IT,-1.2914889179817868,-0.047338141600748264,0.06866077045160827,,,-0.040804258440717556,1.4692793984869545
2024-10-21,Media,-2.832728281711172,-0.10972208733016961,-0.03311373598861391,,,-0.1031882041701389,1.501475484148305
2024-10-21,Metal,-1.5081206496519672,0.16647614875670566,0.09173771505548786,,,0.17301003191673636,1.4716196024047945
2024-10-21,Pharma,-0.9997345792998269,0.015195802801974967,0.15594166325025086,,,0.02172968596200568,0.983134343028794
2024-10-21,Realty,-1.398837365705763,0.014961271369190439,-0.03934963366439727,,,0.02149515452922115,1.7400805217040278
2024-10-21,Banking,-0.25242733734675005,0.09476992996854967,0.03868823581524239,,,0.10130381312858039,0.9949850623136581
2024-10-21,NIFTY50,-0.293518237799828,-0.006533883160030711,0.02870675142024548,,,0.0,0.8435028063871604
2024-10-22,Auto,-2.473480632258762,-0.10568185888631547,-0.09799588578884393,,,-0.04628387895001122,1.3016454034203468
2024-10-22,Energy,-2.3797848339552785,-0.1492388951945863,-0.12237900190476676,,,-0.08984091525828206,1.154938569901908
2024-10-22,FMCG,-0.46333713156464507,-0.2357572217232529,-0.07096405830583073,,,-0.17635924178694865,0.8783298354882301
2024-10-22,Infra,-1.874837437113297,-0.07558366865528798,-0.07468823706178686,,,-0.016185688718983737,1.0007594964175097
2024-10-22,IT,-0.7793007759079318,-0.04885704434608747,0.017315163115378767,,,0.010540935590216773,1.4692793984869545
2024-10-22,Media,-2.5499521862818786,-0.18226042017529825,-0.10357567505888877,,,-0.12286244023899401,1.501475484148305
2024-10-22,Metal,-2.997876565091684,0.0891606803682954,-0.008401867148197417,,,0.14855866030459963,1.4716196024047945
2024-10-22,Pharma,-1.2736402321109286,-0.022340615987874735,0.09541970226352744,,,0.03705736394842951,0.983134343028794
2024-10-22,Realty,-3.379656571825018,-0.08978143524185506,-0.11491982248800216,,,-0.03038345530555081,1.7400805217040278
2024-10-22,Banking,-1.3578024079923368,0.013857886268397271,0.0027219403292655375,,,0.07325586620470152,0.9949850623136581
2024-10-22,NIFTY50,-1.2469180337869368,-0.059397979936304246,-0.021354098743327683,,,0.0,0.8435028063871604
2024-10-23,Auto,-0.7144493142758557,-0.13749822435934997,-0.12106825553366025,,,-0.059119528444327635,1.3016454034203468
2024-10-23,Energy,-0.49226772568990995,-0.190822553692697,-0.1383080366539008,,,-0.11244385777767466,1.154938569901908
2024-10-23,FMCG,0.1611628149372324,-0.23654330587117187,-0.06256693938732016,,,-0.15816460995614953,0.8783298354882301
2024-10-23,Infra,-0.8070159560269796,-0.132050465488844,-0.0972611442481149,,,-0.053671769573821665,1.0007594964175097
2024-10-23,IT,2.3844068271186902,-0.02703941679346178,0.06345108637445769,,,0.051339279121560555,1.4692793984869545
2024-10-23,Media,0.33354627908854795,-0.26072111448240065,-0.1280474428602161,,,-0.18234241856737832,1.501475484148305
2024-10-23,Metal,-0.2527128512370691,0.0597821634446183,-0.017371304182764256,,,0.13816085935964062,1.4716196024047945
2024-10-23,Pharma,-1.562101355248846,-0.11025821543038439,0.06384152378065999,,,-0.031879519515362054,0.983134343028794
2024-10-23,Realty,-0.06013285752317632,-0.12124563290661178,-0.1397393306837288,,,-0.042866936991589444,1.7400805217040278
2024-10-23,Banking,-0.035406646786306784,0.002602896386878125,-0.0014519745952099965,,,0.08098159230190045,0.9949850623136581
2024-10-23,NIFTY50,-0.1495564743491773,-0.07837869591502233,-0.023930594144586276,,,0.0,0.8435028063871604
2024-10-24,Auto,-0.5171551935264196,-0.11354039628667063,-0.139425091665654,,,-0.04656376928752573,1.3016454034203468
2024-10-24,Energy,0.32678654792486217,-0.13123184769576854,-0.1508813305141112,,,-0.06425522069662364,1.154938569901908
2024-10-24,FMCG,-2.829977618456625,-0.34033110013064305,-0.09120796369108082,,,-0.27335447313149813,0.8783298354882301
2024-10-24,Infra,0.12468748236853511,-0.09588103649699864,-0.09869383134660459,,,-0.028904409497853736,1.0007594964175097
2024-10-24,IT,-0.19480318827391763,-0.020174381656445545,0.06199065969204498,,,0.04680224534269936,1.4692793984869545
2024-10-24,Media,-0.16750850849351906,-0.21624162687324808,-0.14184226502741776,,,-0.1492649998741032,1.501475484148305
2024-10-24,Metal,-0.2345262869476339,0.09856328129704274,-0.02446336171108842,,,0.16553990829618764,1.4716196024047945
2024-10-24,Pharma,0.4414513145455601,-0.09031901623973826,0.08151421307077968,,,-0.023342389240593356,0.983134343028794
2024-10-24,Realty,-1.1332345736806304,-0.12019147662316229,-0.16586930384053292,,,-0.05321484962401739,1.7400805217040278
2024-10-24,Banking,0.5701681092527222,0.038661293138706844,0.005033983254037477,,,0.10563792013785175,0.9949850623136581
2024-10-24,NIFTY50,-0.14773427748562273,-0.0669766269991449,-0.02781557105984674,,,0.0,0.8435028063871604
2024-10-25,Auto,-2.1605429696981537,-0.2567666784180175,-0.18197396161571994,,,-0.09699387349632496,1.3016454034203468
2024-10-25,Energy,-2.200037553983847,-0.27436225978070716,-0.19432217193851983,,,-0.11458945485901464,1.154938569901908
2024-10-25,FMCG,0.8760766002796405,-0.34947305198197554,-0.08370265047085008,,,-0.18970024706028302,0.8783298354882301
2024-10-25,Infra,-1.8099707869345893,-0.2354734928091943,-0.1387522466882522,,,-0.07570068788750178,1.0007594964175097
2024-10-25,IT,-0.23967811051778254,-0.08143639580641349,0.0549407405455384,,,0.07833640911527903,1.4692793984869545
2024-10-25,Media,-2.1993327994956235,-0.30207869377556484,-0.19628495411780075,,,-0.14230588885387233,1.501475484148305
2024-10-25,Metal,-2.4208896933902713,-0.07910674952457081,-0.0850633422217086,,,0.08066605539712171,1.4716196024047945
2024-10-25,Pharma,0.016614386154678584,-0.11979615535133677,0.06350414774434672,,,0.03997664957035575,0.983134343028794
2024-10-25,Realty,-1.1665060896476676,-0.1884583683323467,-0.17916233718626348,,,-0.028685563410654175,1.7400805217040278
2024-10-25,Banking,-1.4432032688966756,-0.05926567706087423,-0.020770161543019288,,,0.10050712786081828,0.9949850623136581
2024-10-25,NIFTY50,-0.8959220549493163,-0.15977280492169252,-0.04904016366042966,,,0.0,0.8435028063871604
2024-10-28,Auto,0.6939213845732484,-0.23894358718390035,-0.15805466552975286,,,-0.10525321972435384,1.3016454034203468
2024-10-28,Energy,0.15295510543662516,-0.2482075447848742,-0.224573683755398,,,-0.11451717732532768,1.154938569901908
2024-10-28,FMCG,0.5842084546372694,-0.30708301474904853,-0.07640884054144277,,,-0.17339264728950202,0.8783298354882301
2024-10-28,Infra,0.38909162523235175,-0.21152283999671026,-0.1378992226222771,,,-0.07783247253716374,1.0007594964175097
2024-10-28,IT,0.39617370315740974,-0.08694348342348206,0.06732492094829308,,,0.04674688403606446,1.4692793984869545
2024-10-28,Media,1.9610961486972167,-0.29262427079143283,-0.13216148444162892,,,-0.1589339033318863,1.501475484148305
2024-10-28,Metal,2.535655411512372,-0.023215503048970375,-0.04102848409835454,,,0.11047486441057613,1.4716196024047945
2024-10-28,Pharma,1.2522916690098862,-0.08204388939080413,0.08336550216741122,,,0.05164647806874238,0.983134343028794
2024-10-28,Realty,1.3752783650458067,-0.2003869063957024,-0.12789821116169053,,,-0.06669653893615587,1.7400805217040278
2024-10-28,Banking,0.9290711972315346,-0.03896205918944166,-0.00562837885515773,,,0.09472830827010487,0.9949850623136581
2024-10-28,NIFTY50,0.6548567634608204,-0.13369036745954652,-0.04211701621220402,,,0.0,0.8435028063871604
2024-10-29,Auto,-1.5683632281476845,-0.2923584951592136,-0.13555466415012413,,,-0.17257474008433432,1.3016454034203468
2024-10-29,Energy,0.6039868141909599,-0.2549044864585681,-0.191513620368261,,,-0.13512073138368885,1.154938569901908
2024-10-29,FMCG,-0.08235391376888446,-0.2859639823962438,-0.06630671928680239,,,-0.16618022732136456,0.8783298354882301
2024-10-29,Infra,0.4253225285280937,-0.2026308309546169,-0.10414468591823971,,,-0.08284707587973762,1.0007594964175097
2024-10-29,IT,-0.412149215953006,-0.09747836870958555,0.10054060008342969,,,0.022305386365293722,1.4692793984869545
2024-10-29,Media,0.3158154587593831,-0.3152188670406075,-0.11990467034289427,,,-0.19543511196572821,1.501475484148305
2024-10-29,Metal,0.6504311824695241,-0.021828254106524357,0.014842325959617179,,,0.09795550096835492,1.4716196024047945
2024-10-29,Pharma,-1.1193367941244037,-0.11809036989363013,0.05610516237363269,,,0.0016933851812491463,0.983134343028794
2024-10-29,Realty,1.4274842405403776,-0.17194368178657016,-0.04520029932104579,,,-0.05215992671169088,1.7400805217040278
2024-10-29,Banking,2.0706455634842413,0.016254702258136817,0.035794553192233604,,,0.1360384573330161,0.9949850623136581
2024-10-29,NIFTY50,0.5246658848009123,-0.11978375507487928,-0.013834358978931002,,,0.0,0.8435028063871604
2024-10-30,Auto,0.02289407050197756,-0.3002094907797659,-0.06984346975129009,,,-0.1586896961734426,1.3016454034203468
2024-10-30,Energy,-0.16171917155719528,-0.2665202688681667,-0.130550422965053,,,-0.12500047426184344,1.154938569901908
2024-10-30,FMCG,0.9206273926698927,-0.25989215975778407,-0.04570747685717839,,,-0.1183723651514608,0.8783298354882301
2024-10-30,Infra,0.056924593258766976,-0.21214331385498145,-0.048552880694981426,,,-0.07062351924865817,1.0007594964175097
2024-10-30,IT,-0.8632765774065576,-0.13104839175564265,0.14045007148664634,,,0.010471402850680628,1.4692793984869545
2024-10-30,Media,2.3353633655118333,-0.19772248879491022,-0.004722924728820144,,,-0.05620269418858695,1.501475484148305
2024-10-30,Metal,0.03962195489224385,-0.006523975965327929,0.09638865597837629,,,0.13499581864099536,1.4716196024047945
2024-10-30,Pharma,-1.0019342516888075,-0.14223400917331874,0.06374090213523216,,,-0.0007142145669954691,0.983134343028794
2024-10-30,Realty,-0.07985105679130244,-0.19505142280862012,0.02554141327249144,,,-0.053531628202296844,1.7400805217040278
2024-10-30,Banking,-0.9808722482938181,-0.018709997926136257,0.060278984833719663,,,0.12280979668018702,0.9949850623136581
2024-10-30,NIFTY50,-0.5149825253829232,-0.14151979460632327,0.022226695422391713,,,0.0,0.8435028063871604
2024-10-31,Auto,-0.33610571013816815,-0.2995772418484118,-0.0628676225400493,,,-0.1448781857201738,1.3016454034203468
2024-10-31,Energy,0.01476170434164814,-0.2427292714817164,-0.12381808584202737,,,-0.08803021535347844,1.154938569901908
2024-10-31,FMCG,-0.9136543966095645,-0.28666810000870896,-0.06238912072248359,,,-0.13196904388047098,0.8783298354882301
2024-10-31,Infra,0.3965453540345498,-0.18401833490249153,-0.039729946170588004,,,-0.029319278774253554,1.0007594964175097
2024-10-31,IT,-3.0263813374166393,-0.1301427323360438,0.0818474515659225,,,0.02455632379219419,1.4692793984869545
2024-10-31,Media,1.823134622344802,-0.12693880346223538,0.023126271291704643,,,0.0277602526660026,1.501475484148305
2024-10-31,Metal,-0.1669860219894681,0.015462494384800312,0.08863137689773369,,,0.1701615505130383,1.4716196024047945
2024-10-31,Pharma,1.6116307526536033,-0.037415861966482535,0.09218444698628869,,,0.11728319416175545,0.983134343028794
2024-10-31,Realty,-0.14984266702875448,-0.19238672960467662,0.009103379277396824,,,-0.03768767347643864,1.7400805217040278
2024-10-31,Banking,-0.6411203734980497,-0.07596012700095023,0.06103260040427086,,,0.07873892912728775,0.9949850623136581
2024-10-31,NIFTY50,-0.5566773640794054,-0.15469905612823798,0.017317010439499847,,,0.0,0.8435028063871604
2024-11-01,Auto,1.237100198130725,-0.2716717543482524,-0.07063074072900337,,,-0.12558192259236864,1.3016454034203468
2024-11-01,Energy,0.8490653145284632,-0.21255378553153811,-0.14598052778167486,,,-0.06646395377565434,1.154938569901908
2024-11-01,FMCG,0.38883032743273205,-0.29231730429122077,-0.07534724124051577,,,-0.146227472535337,0.8783298354882301
2024-11-01,Infra,0.5185075818231022,-0.1595781423817366,-0.0583523868750487,,,-0.013488310625852817,1.0007594964175097
2024-11-01,IT,0.06458608786086284,-0.11660936016776387,0.05830194925157128,,,0.029480471588119908,1.4692793984869545
2024-11-01,Media,0.40861812778603124,-0.03171288739201432,-0.012991106382467987,,,0.11437694436386946,1.501475484148305
2024-11-01,Metal,0.6802961125128792,0.05938718924657065,0.05506370515465745,,,0.20547702100245444,1.4716196024047945
2024-11-01,Pharma,0.31492357525839676,-0.013158292810308003,0.06076478133644573,,,0.13293153894557577,0.983134343028794
2024-11-01,Realty,0.9554287338900735,-0.1769903389842124,-0.005537864572160071,,,-0.030900507228328628,1.7400805217040278
2024-11-01,Banking,0.38571251865842093,-0.0812516026463006,0.0550419839071988,,,0.06483822910958317,0.9949850623136581
2024-11-01,NIFTY50,0.4090004961616156,-0.14608983175588378,0.0029500812414527213,,,0.0,0.8435028063871604
2024-11-04,Auto,-0.9762425414123088,-0.3668588109465831,-0.08554807169977567,,,-0.12918826238274378,1.3016454034203468
2024-11-04,Energy,-2.6009374846625355,-0.34044706301433264,-0.16193918432305351,,,-0.1027765144504933,1.154938569901908
2024-11-04,FMCG,-1.1601260054371676,-0.3769025004221741,-0.0871921485269041,,,-0.13923195185833476,0.8783298354882301
2024-11-04,Infra,-2.113507912895929,-0.2789811540888468,-0.0700102521300359,,,-0.04131060552500748,1.0007594964175097
2024-11-04,IT,-0.0293014771306499,-0.1381521477903802,0.0895567470717749,,,0.09951840077345914,1.4692793984869545
2024-11-04,Media,-2.155627138827232,-0.11467205408577445,-0.05288476704726115,,,0.1229984944780649,1.501475484148305
2024-11-04,Metal,-1.569698701088551,-0.04809997363602694,0.05796873116796959,,,0.1895705749278124,1.4716196024047945
2024-11-04,Pharma,-0.7403362826265525,-0.04875332499956383,0.04257954242144738,,,0.1889172235642755,0.983134343028794
2024-11-04,Realty,-2.9333045587232487,-0.37641971634214527,-0.03430754439860851,,,-0.13874916777830593,1.7400805217040278
2024-11-04,Banking,-0.8875824185294201,-0.158325857313422,0.03899528667684837,,,0.07934469125041735,0.9949850623136581
2024-11-04,NIFTY50,-1.27137736646451,-0.23767054856383935,-0.005858295177020671,,,0.0,0.8435028063871604
2024-11-05,Auto,1.1300985842138234,-0.38107451852696006,-0.09542807956621344,,,-0.15453954902625727,1.3016454034203468
2024-11-05,Energy,0.8292980462248911,-0.35329387648711635,-0.16876788500427342,,,-0.12675890698641357,1.154938569901908
2024-11-05,FMCG,-0.34301551090551996,-0.41031909430830565,-0.0959929997079545,,,-0.18378412480760287,0.8783298354882301
2024-11-05,Infra,0.27816457052431964,-0.3084875464340616,-0.0817058009087296,,,-0.08195257693335883,1.0007594964175097
2024-11-05,IT,0.006928887867108102,-0.1207863816354356,0.06388001804794763,,,0.10574858786526718,1.4692793984869545
2024-11-05,Media,-0.23191235628098328,-0.14647825845483517,-0.0872752880508972,,,0.08005671104586762,1.501475484148305
2024-11-05,Metal,2.840017623323643,0.028650013643864637,0.09247151865344416,,,0.25518498314456745,1.4716196024047945
2024-11-05,Pharma,0.1013734156629198,-0.06406559680610176,0.03708664299560479,,,0.16246937269460104,0.983134343028794
2024-11-05,Realty,0.6227642252105703,-0.42994694542497197,-0.049756341786831124,,,-0.20341197592426918,1.7400805217040278
2024-11-05,Banking,1.936923084432851,-0.11313232965471227,0.06038478247481235,,,0.11340263984599051,0.9949850623136581
2024-11-05,NIFTY50,0.908305881860727,-0.2265349695007028,-0.008031303875701465,,,0.0,0.8435028063871604
2024-11-06,Auto,1.2512826814955913,-0.35367176865104155,-0.0701216838741503,,,-0.16423626827677693,1.3016454034203468
2024-11-06,Energy,1.6389333064653622,-0.32459064831892503,-0.12988255452461017,,,-0.1351551479446604,1.154938569901908
2024-11-06,FMCG,0.36315950773491146,-0.37264742343612733,-0.07683107550158867,,,-0.1832119230618627,0.8783298354882301
2024-11-06,Infra,1.7379209156917819,-0.2561845676889385,-0.04426741841587145,,,-0.06674906731467387,1.0007594964175097
2024-11-06,IT,3.994840703632474,-0.007988252810060192,0.12763263978530875,,,0.18144724756420444,1.4692793984869545
2024-11-06,Media,1.4098398192203376,-0.09988465337359011,-0.029598578418808707,,,0.08955084700067452,1.501475484148305
2024-11-06,Metal,1.5890946039103904,-0.017289118717858452,0.10642638125746766,,,0.17214638165640617,1.4716196024047945
2024-11-06,Pharma,1.1433597412984664,-0.0337559462048879,0.056439145647209275,,,0.15567955416937673,0.983134343028794
2024-11-06,Realty,2.5821847440592016,-0.3338102619293593,-0.02864860171302312,,,-0.14437476155509468,1.7400805217040278
2024-11-06,Banking,0.21098302917699208,-0.09764703525193208,0.0608160867568149,,,0.09178846512233255,0.9949850623136581
2024-11-06,NIFTY50,1.1181870759630508,-0.18943550037426463,0.01200728822000637,,,0.0,0.8435028063871604
2024-11-07,Auto,-1.3480890440304538,-0.39463344484233165,-0.07959485819043192,,,-0.1582460037285553,1.3016454034203468
2024-11-07,Energy,-1.4465610001490936,-0.4000239595430958,-0.1405664994841162,,,-0.16363651842931942,1.154938569901908
2024-11-07,FMCG,-0.9778788688078577,-0.39131414438388223,-0.08846164511304822,,,-0.15492670327010588,0.8783298354882301
2024-11-07,Infra,-1.0099207009873101,-0.3045296521127072,-0.048873458376512136,,,-0.06814221099893086,1.0007594964175097
2024-11-07,IT,-0.6829328667086854,-0.008422067475611547,0.11602453076351495,,,0.2279653736381648,1.4692793984869545
2024-11-07,Media,-0.21177467432557107,-0.2050300409508473,-0.017299823788870693,,,0.03135740016292907,1.501475484148305
2024-11-07,Metal,-2.729787661157912,-0.12257695016774982,0.0882187986412806,,,0.11381049094602654,1.4716196024047945
2024-11-07,Pharma,-1.7163804101142044,-0.09967982242073736,0.0288835914850429,,,0.136707618693039,0.983134343028794
2024-11-07,Realty,-1.434152630934915,-0.4035852877673592,-0.04032113052502507,,,-0.16719784665358284,1.7400805217040278
2024-11-07,Banking,-0.7662812935527064,-0.13140729321306166,0.07263046760400625,,,0.1049801479007147,0.9949850623136581
2024-11-07,NIFTY50,-1.1628025706147627,-0.23638744111377635,0.006865823709144199,,,0.0,0.8435028063871604
2024-11-08,Auto,-0.03065944881889271,-0.4710164904566183,-0.08088000713080265,,,-0.20042097082976923,1.3016454034203468
2024-11-08,Energy,-1.505242506172122,-0.4562770115735441,-0.15502823437071306,,,-0.18568149194669503,1.154938569901908
2024-11-08,FMCG,0.3079196763506431,-0.41336510967448464,-0.07816806837212438,,,-0.14276959004763556,0.8783298354882301
2024-11-08,Infra,-0.6649383919248186,-0.3403929462826394,-0.05496649154966541,,,-0.0697974266557903,1.0007594964175097
2024-11-08,IT,0.7131326849299624,-0.0005347319978743492,0.10164560848439178,,,0.27006078762897473,1.4692793984869545
2024-11-08,Media,-2.0922812805789115,-0.2884068120852545,-0.03451548483600704,,,-0.017811292458405403,1.501475484148305
2024-11-08,Metal,-0.8937566578965606,-0.22346992526201756,0.09432108499599133,,,0.04712559436483152,1.4716196024047945
2024-11-08,Pharma,0.06792211897590494,-0.09768822094458655,0.04345167120354968,,,0.1729072986822625,0.983134343028794
2024-11-08,Realty,-2.9000013780452916,-0.5036439524378244,-0.08063005455683653,,,-0.23304843281097537,1.7400805217040278
2024-11-08,Banking,-0.6843696729363469,-0.17108312676360557,0.0647210920108408,,,0.09951239286324351,0.9949850623136581
2024-11-08,NIFTY50,-0.2113709312467793,-0.2705955196268491,0.003015013188571817,,,0.0,0.8435028063871604
2024-11-11,Auto,-0.3182077969771213,-0.49550409772140575,-0.11964828596193781,,,-0.2286737523709585,1.3016454034203468
2024-11-11,Energy,-0.40673015482944885,-0.5000343102881603,-0.18007978582339154,,,-0.233203964937713,1.154938569901908
2024-11-11,FMCG,-0.8832325770150251,-0.42711393874031184,-0.11756562965473893,,,-0.1602835933898646,0.8783298354882301
2024-11-11,Infra,-0.5930418663562365,-0.3690605925596398,-0.0892343363619676,,,-0.10223024720919255,1.0007594964175097
2024-11-11,IT,1.2845432509063226,0.030289393740205266,0.07493972375367883,,,0.29711973909065253,1.4692793984869545
2024-11-11,Media,-1.3031023304989509,-0.2803228376706712,-0.09113841850795779,,,-0.013492492320223926,1.501475484148305
2024-11-11,Metal,-0.9952882374625882,-0.2829836665946531,0.049503879643109094,,,-0.016153321244205876,1.4716196024047945
2024-11-11,Pharma,-0.8783506526633289,-0.1654165878958643,0.021710473417885606,,,0.10141375745458295,0.983134343028794
2024-11-11,Realty,-0.14984882658471976,-0.46886166762633164,-0.12466592036460186,,,-0.20203132227588438,1.7400805217040278
2024-11-11,Banking,0.6119927116343238,-0.1175157201704639,0.048456713016058285,,,0.14931462517998334,0.9949850623136581
2024-11-11,NIFTY50,-0.028567088740283353,-0.26683034535044725,-0.024894042440920344,,,0.0,0.8435028063871604
2024-11-12,Auto,-1.9399928128599475,-0.4897208169734757,-0.13709717145328035,,,-0.2341570385413287,1.3016454034203468
2024-11-12,Energy,-1.4165670974585987,-0.5077200986155395,-0.22589131052218103,,,-0.25215632018339246,1.154938569901908
2024-11-12,FMCG,-1.6274795379891627,-0.465917919750738,-0.1477188834285803,,,-0.21035414131859098,0.8783298354882301
2024-11-12,Infra,-1.1914226054690835,-0.36945220731949135,-0.11360475141635258,,,-0.11388842888734435,1.0007594964175097
2024-11-12,IT,0.04519808418088633,0.06066840385643387,0.06107230947455633,,,0.31623218228858085,1.4692793984869545
2024-11-12,Media,-0.6020217692212282,-0.3377459304771824,-0.1182462928445806,,,-0.08218215204503537,1.501475484148305
2024-11-12,Metal,-1.4946426149464287,-0.37710226240404915,-0.006510664087106359,,,-0.12153848397190214,1.4716196024047945
2024-11-12,Pharma,-0.8621922446490737,-0.1604389968648882,-0.002562186805604346,,,0.09512478156725881,0.983134343028794
2024-11-12,Realty,0.18112191863903782,-0.40676162345193556,-0.12411059005407529,,,-0.15119784501978856,1.7400805217040278
2024-11-12,Banking,-1.385879452259442,-0.11069722314304031,0.03025961932319317,,,0.1448665552891067,0.9949850623136581
2024-11-12,NIFTY50,-1.0680930776533315,-0.255563778432147,-0.044834857753509594,,,0.0,0.8435028063871604
2024-11-13,Auto,-2.165534546175485,-0.5688427576468107,-0.18181222739040068,,,-0.26980523854985694,1.3016454034203468
2024-11-13,Energy,-1.5674044194721293,-0.5351317004647645,-0.25952630596703974,,,-0.2360941813678108,1.154938569901908
2024-11-13,FMCG,-0.44760597768127575,-0.4773083676350209,-0.15289397762471274,,,-0.17827084853806713,0.8783298354882301
2024-11-13,Infra,-1.4465902046938872,-0.41086588831291204,-0.14132634607545289,,,-0.11182836921595829,1.0007594964175097
2024-11-13,IT,-0.5633731800703035,0.0030538081386488614,0.03810472266702799,,,0.3020913272356026,1.4692793984869545
2024-11-13,Media,-2.160127311054072,-0.4631365041610594,-0.14980286314906427,,,-0.16409898506410564,1.501475484148305
2024-11-13,Metal,-2.662884837803603,-0.47390579851067904,-0.05865974657852898,,,-0.1748682794137253,1.4716196024047945
2024-11-13,Pharma,-1.5452555759455477,-0.21414550743453073,-0.03853928666885442,,,0.08489201166242302,0.983134343028794
2024-11-13,Realty,-3.1716526493999253,-0.5059622246131206,-0.18038355494651492,,,-0.20692470551616682,1.7400805217040278
2024-11-13,Banking,-2.0904909953478046,-0.17688824746209772,-0.018969135201133785,,,0.12214927163485603,0.9949850623136581
2024-11-13,NIFTY50,-1.3582562322921432,-0.29903751909695375,-0.0760320605248956,,,0.0,0.8435028063871604
2024-11-14,Auto,0.6558290125879163,-0.450816096269527,-0.1765516784877915,,,-0.21870471991689974,1.3016454034203468
2024-11-14,Energy,-0.18078483583912064,-0.4543124685852888,-0.2649823082298682,,,-0.22220109223266152,1.154938569901908
2024-11-14,FMCG,-1.5272465237193833,-0.478886897698579,-0.20114394772651553,,,-0.24677552134595174,0.8783298354882301
2024-11-14,Infra,0.023722401568826434,-0.3156244469496457,-0.14669035640461406,,,-0.08351307059701843,1.0007594964175097
2024-11-14,IT,0.0503937089179729,0.057536110083148406,0.0390227626087856,,,0.28964748643577565,1.4692793984869545
2024-11-14,Media,2.2556430480924483,-0.3169169925504988,-0.13216680695122182,,,-0.08480561619787155,1.501475484148305
2024-11-14,Metal,-0.0910946296715398,-0.4547861916228157,-0.07093331725055903,,,-0.22267481527018843,1.4716196024047945
2024-11-14,Pharma,-0.262735526575264,-0.20604810474569488,-0.05808820966290392,,,0.026063271606932392,0.983134343028794
2024-11-14,Realty,1.034943953804346,-0.3260477440299303,-0.14127875810163634,,,-0.09393636767730304,1.7400805217040278
2024-11-14,Banking,0.18207670227718964,-0.10295877078106715,-0.012076571779385259,,,0.1291526055715601,0.9949850623136581
2024-11-14,NIFTY50,-0.11185324376894457,-0.23211137635262727,-0.08271091908187662,,,0.0,0.8435028063871604
2024-11-18,Auto,0.564488028868193,-0.38437386801308776,-0.16563888507574343,,,-0.1721757607171877,1.3016454034203468
2024-11-18,Energy,-0.7837267413827176,-0.44362932616957523,-0.2677097950998897,,,-0.23143121887367518,1.154938569901908
2024-11-18,FMCG,0.953077479569675,-0.3891349958173681,-0.19560674576049691,,,-0.17693688852146805,0.8783298354882301
2024-11-18,Infra,-0.37057461531460056,-0.2809451427899834,-0.15865109480457681,,,-0.06874703549408334,1.0007594964175097
2024-11-18,IT,-2.3219651056048507,-0.03182705465316663,0.0029153985229984913,,,0.18037105264273343,1.4692793984869545
2024-11-18,Media,-1.322493915990075,-0.2740006618932452,-0.15099412435540413,,,-0.06180255459734513,1.501475484148305
2024-11-18,Metal,1.9023207448098711,-0.37765490118364203,-0.05041821706296985,,,-0.16545679388774198,1.4716196024047945
2024-11-18,Pharma,-0.955542521952002,-0.22581218909838144,-0.07166643249466957,,,-0.013614081802481387,0.983134343028794
2024-11-18,Realty,0.5596903452819157,-0.25273632714438127,-0.13981395626646967,,,-0.040538219848481216,1.7400805217040278
2024-11-18,Banking,0.3671814456913225,-0.06608525769755569,-0.01582650634742333,,,0.14611284959834436,0.9949850623136581
2024-11-18,NIFTY50,-0.33527151631265184,-0.21219810729590005,-0.0910777071098499,,,0.0,0.8435028063871604
2024-11-19,Auto,1.3697815077589492,-0.32339536997818474,-0.16152384107971357,,,-0.1495554512663995,1.3016454034203468
2024-11-19,Energy,-0.4706560991506459,-0.3768336399593064,-0.276208093479563,,,-0.20299372124752116,1.154938569901908
2024-11-19,FMCG,0.11400152353480131,-0.36683810391779187,-0.191754731700573,,,-0.19299818520600662,0.8783298354882301
2024-11-19,Infra,-0.24400115398411915,-0.23858766750910218,-0.16370701244607472,,,-0.06474774879731693,1.0007594964175097
2024-11-19,IT,0.8254751356994827,-0.02642884777375139,0.03339160950113348,,,0.14741107093803385,1.4692793984869545
2024-11-19,Media,2.4460925478063444,-0.07070063413433894,-0.08871665248028811,,,0.10313928457744631,1.501475484148305
2024-11-19,Metal,-0.8481021039731584,-0.3311380966562446,-0.0581644749322093,,,-0.15729817794445936,1.4716196024047945
2024-11-19,Pharma,1.0429708977884644,-0.17417415939373,-0.05293449645381125,,,-0.00033424068194473633,0.983134343028794
2024-11-19,Realty,1.4754515928557366,-0.16591803743115827,-0.0747324535306095,,,0.007921881280626986,1.7400805217040278
2024-11-19,Banking,0.5216032441455409,0.014982898424510763,-0.005425123670485347,,,0.188822817136296,0.9949850623136581
2024-11-19,NIFTY50,0.2758581406631766,-0.17383991871178525,-0.08726266489517484,,,0.0,0.8435028063871604
2024-11-21,Auto,-0.9144014613968632,-0.40927985922530846,-0.18261477100449527,,,-0.1823184230582375,1.3016454034203468
2024-11-21,Energy,-2.1727916818597537,-0.503955373527282,-0.32987713097450116,,,-0.27699393736021105,1.154938569901908
2024-11-21,FMCG,-1.2147377912519186,-0.4231000028891829,-0.2185372421820723,,,-0.19613856672211197,0.8783298354882301
2024-11-21,Infra,-0.8924819913109006,-0.32136083608924615,-0.19203620098276403,,,-0.09439939992217519,1.0007594964175097
2024-11-21,IT,0.4897180633441911,-0.025665188113607924,0.018342249761102436,,,0.20129624805346302,1.4692793984869545
2024-11-21,Media,-2.397965653779255,-0.2543763732642971,-0.12493696386237095,,,-0.027414937097226116,1.501475484148305
2024-11-21,Metal,-2.275126285820761,-0.37600698889618883,-0.13200703948456183,,,-0.14904555272911788,1.4716196024047945
2024-11-21,Pharma,-0.132069450227712,-0.22647030036593,-0.05714055084781844,,,0.0004911358011409628,0.983134343028794
2024-11-21,Realty,0.9313877795399828,-0.16689297278479973,-0.08851231448043248,,,0.06006846338227123,1.7400805217040278
2024-11-21,Banking,-0.5009265157575604,-0.03751189142779684,-0.02079784707990806,,,0.1894495447392741,0.9949850623136581
2024-11-21,NIFTY50,-0.7168807933116472,-0.22696143616707096,-0.11179632335815406,,,0.0,0.8435028063871604
2024-11-22,Auto,1.763591875282322,-0.3777015715253459,-0.15132314225685303,,,-0.2344629848223564,1.3016454034203468
2024-11-22,Energy,2.051448904345876,-0.40880740944775124,-0.28547321566612105,,,-0.26556882274476173,1.154938569901908
2024-11-22,FMCG,2.2673121335328394,-0.2952963271582753,-0.16302898244220765,,,-0.1520577404552858,0.8783298354882301
2024-11-22,Infra,2.788851788064184,-0.2241587106812304,-0.14417340318231736,,,-0.08092012397824089,1.0007594964175097
2024-11-22,IT,3.287744216272803,0.06543035048437858,0.07125184254831383,,,0.20866893718736806,1.4692793984869545
2024-11-22,Media,-0.3238985866524047,-0.292715847566339,-0.19859896821612893,,,-0.1494772608633495,1.501475484148305
2024-11-22,Metal,1.477502453896884,-0.3289009119737726,-0.09719664266955456,,,-0.18566232527078308,1.4716196024047945
2024-11-22,Pharma,1.0209298754973783,-0.2604921331931976,-0.0529862938240618,,,-0.11725354649020808,0.983134343028794
2024-11-22,Realty,3.17338384029604,-0.13263833854963586,-0.03900092291104793,,,0.010600248153353642,1.7400805217040278
2024-11-22,Banking,1.5137107922151172,0.013859791036030153,0.0001734720308083082,,,0.15709837773901966,0.9949850623136581
2024-11-22,NIFTY50,2.3869464111237804,-0.1432385867029895,-0.0724903738564862,,,0.0,0.8435028063871604
2024-11-25,Auto,0.6892626424589876,-0.36458743056423193,-0.13774501495103414,,,-0.2630182404692812,1.3016454034203468
2024-11-25,Energy,1.3210672580667326,-0.375357094472953,-0.25864587758351065,,,-0.27378790437800227,1.154938569901908
2024-11-25,FMCG,0.7053634935299646,-0.25691542785692967,-0.14419284598066537,,,-0.15534623776197892,0.8783298354882301
2024-11-25,Infra,2.146883039773817,-0.15556622343902315,-0.10932894533842515,,,-0.053997033344072395,1.0007594964175097
2024-11-25,IT,0.660126937502481,0.12919234558514367,0.0548760009456419,,,0.23076153568009444,1.4692793984869545
2024-11-25,Media,1.8360985125365215,-0.21632752779386397,-0.14453516547520157,,,-0.11475833769891321,1.501475484148305
2024-11-25,Metal,0.4159956125229902,-0.32836677098733574,-0.08709177373724211,,,-0.226797580892385,1.4716196024047945
2024-11-25,Pharma,0.9789614009250602,-0.1607765569640677,-0.05574279231781739,,,-0.05920736686911694,0.983134343028794
2024-11-25,Realty,2.2111801242236107,-0.045624750652525005,0.0009025631505271618,,,0.055944439442425754,1.7400805217040278
2024-11-25,Banking,2.096593739873498,0.04950922029066033,0.03950118249844462,,,0.1510784103856111,0.9949850623136581
2024-11-25,NIFTY50,1.3161295867362366,-0.10156919009495076,-0.052859884816324386,,,0.0,0.8435028063871604
2024-11-26,Auto,-1.2794884088723313,-0.39568966550937856,-0.16815040309485016,,,-0.2949099080632867,1.3016454034203468
2024-11-26,Energy,-0.7669047755769376,-0.40145071546364375,-0.2815279120481774,,,-0.3006709580175519,1.154938569901908
2024-11-26,FMCG,0.836934889498897,-0.23030129474270003,-0.1421857227568296,,,-0.12952153729660815,0.8783298354882301
2024-11-26,Infra,-0.6650422817830015,-0.18170323752698483,-0.12500580118902763,,,-0.08092348008089296,1.0007594964175097
2024-11-26,IT,1.0724911487710376,0.14538827908026666,0.06499629121608193,,,0.24616803652635855,1.4692793984869545
2024-11-26,Media,0.817184227021972,-0.20894333515495186,-0.12572324377713995,,,-0.10816357770886,1.501475484148305
2024-11-26,Metal,0.379378535545416,-0.3471403555247269,-0.07282924016068411,,,-0.24636059807863503,1.4716196024047945
2024-11-26,Pharma,-0.9708269299361971,-0.23277098408889768,-0.06387240908823237,,,-0.13199122664280583,0.983134343028794
2024-11-26,Realty,0.06320120700655796,-0.020454945761438928,0.004690188060426455,,,0.08032481168465294,1.7400805217040278
2024-11-26,Banking,-0.030646937700518073,0.07168394292010809,0.03870041951732073,,,0.17246370036619996,0.9949850623136581
2024-11-26,NIFTY50,-0.11312238174179257,-0.10077975744609187,-0.06137135685589249,,,0.0,0.8435028063871604
2024-11-27,Auto,0.4456908955494887,-0.3842315169552772,-0.1704838180661526,,,-0.2726708917871098,1.3016454034203468
2024-11-27,Energy,1.4536187717685722,-0.35453419814491755,-0.260976854241311,,,-0.24297357297675015,1.154938569901908
2024-11-27,FMCG,0.32911016930836645,-0.23501505290547398,-0.1339774584787042,,,-0.12345442773730657,0.8783298354882301
2024-11-27,Infra,0.43343785170115723,-0.18331142160793792,-0.12768932529868365,,,-0.07175079643977052,1.0007594964175097
2024-11-27,IT,-0.15254293304723943,0.09801841474459949,0.054778212355977386,,,0.20957903991276688,1.4692793984869545
2024-11-27,Media,0.9778189613877553,-0.143052141869876,-0.10350770048128342,,,-0.03149151670170859,1.501475484148305
2024-11-27,Metal,0.7923268980114528,-0.3114334988571547,-0.06590269479873216,,,-0.19987287368898732,1.4716196024047945
2024-11-27,Pharma,-0.6062831542340663,-0.2667973116784139,-0.09871327035752628,,,-0.15523668651024652,0.983134343028794
2024-11-27,Realty,-0.41296214343673476,-0.08787529446277514,-0.03264204617175563,,,0.023685330705392263,1.7400805217040278
2024-11-27,Banking,0.21133859201210026,0.03673985350137373,0.03576331778526879,,,0.14830047866954113,0.9949850623136581
2024-11-27,NIFTY50,0.3323085437806128,-0.11156062516816741,-0.06139581458217857,,,0.0,0.8435028063871604
2024-11-28,Auto,-1.6270982784235999,-0.4106372462329226,-0.19114501280630414,,,-0.2589052072327684,1.3016454034203468
2024-11-28,Energy,-0.7429696726701684,-0.3591282746259698,-0.27433288063956396,,,-0.2073962356258156,1.154938569901908
2024-11-28,FMCG,-0.5558479311320252,-0.266123604495467,-0.1569548166787188,,,-0.11439156549531282,0.8783298354882301
2024-11-28,Infra,-1.1297789501436561,-0.2235947364479566,-0.1420100494485153,,,-0.07186269744780241,1.0007594964175097
2024-11-28,IT,-2.3852345421028875,0.029508197617604075,0.007709103746089315,,,0.18124023661775826,1.4692793984869545
2024-11-28,Media,0.31853626613158603,-0.15318156972485433,-0.09031886157052525,,,-0.0014495307247001377,1.501475484148305
2024-11-28,Metal,-0.25035189436193317,-0.27167147961571086,-0.052691387668756064,,,-0.11993944061555667,1.4716196024047945
2024-11-28,Pharma,-0.4581145918176599,-0.2645705034143967,-0.08982725421551097,,,-0.1128384644142425,0.983134343028794
2024-11-28,Realty,0.04390195737697944,-0.15482214711930234,-0.027954901115955413,,,-0.003090108119148144,1.7400805217040278
2024-11-28,Banking,-0.7551350294837,0.0058368644328569514,0.020303697711652007,,,0.15756890343301114,0.9949850623136581
2024-11-28,NIFTY50,-1.4861029054492936,-0.1517320390001542,-0.08899077986172066,,,0.0,0.8435028063871604
2024-11-29,Auto,1.01082603360787,-0.334569243947039,-0.17194859463828466,,,-0.22452412944756125,1.3016454034203468
2024-11-29,Energy,1.3595480989893494,-0.3155093779542529,-0.24005199233699592,,,-0.20546426345477511,1.154938569901908
2024-11-29,FMCG,0.4118258558376553,-0.23991362723383905,-0.1476570164283806,,,-0.12986851273436129,0.8783298354882301
2024-11-29,Infra,1.532110487503635,-0.17765986788912727,-0.11148380338652046,,,-0.0676147533896495,1.0007594964175097
2024-11-29,IT,0.4130909090909185,0.08232823577729365,0.019414547201521692,,,0.1923733502767714,1.4692793984869545
2024-11-29,Media,1.4453767670923767,-0.08897445882014574,-0.0422382994317616,,,0.02107065567933203,1.501475484148305
2024-11-29,Metal,0.7713502583767351,-0.23901126047457863,-0.030452013639426696,,,-0.12896614597510087,1.4716196024047945
2024-11-29,Pharma,2.354498764633983,-0.17358498429643435,-0.05253243589375438,,,-0.06353986979695658,0.983134343028794
2024-11-29,Realty,-0.5071391520640067,-0.1899523916156032,-0.027684538374201196,,,-0.07990727711612544,1.7400805217040278
2024-11-29,Banking,0.28657103161207065,0.022128929474699206,0.016994313901973663,,,0.13217404397417698,0.9949850623136581
2024-11-29,NIFTY50,0.9072001940535257,-0.11004511449947776,-0.07394662379398675,,,0.0,0.8435028063871604
2024-12-02,Auto,0.9887169738843404,-0.18353196449283457,-0.14904262171630267,,,-0.12307034108596715,1.3016454034203468
2024-12-02,Energy,0.3000089939125816,-0.27955167387237617,-0.22631950589363942,,,-0.21909005046550875,1.154938569901908
2024-12-02,FMCG,-0.046077863702154165,-0.18691228777723998,-0.15517579859223343,,,-0.12645066437037256,0.8783298354882301
2024-12-02,Infra,0.7957134693579171,-0.11620040514388587,-0.09810642511283921,,,-0.055738781737018454,1.0007594964175097
2024-12-02,IT,0.92881768403974,0.07353477956545544,0.050483663976028846,,,0.13399640297232285,1.4692793984869545
2024-12-02,Media,1.0241361514327085,0.01792111331854495,-0.026541994357446672,,,0.07838273672541236,1.501475484148305
2024-12-02,Metal,1.1024973364511803,-0.15490466344830384,0.0003940153808449735,,,-0.09444304004143642,1.4716196024047945
2024-12-02,Pharma,0.9442361461535542,-0.11180598579132411,-0.04911356619220153,,,-0.0513443623844567,0.983134343028794
2024-12-02,Realty,3.0436627961310414,0.036854214220718426,0.012202146581709771,,,0.09731583762758583,1.7400805217040278
2024-12-02,Banking,0.1025796185178729,0.05851090189627706,0.02801772229831782,,,0.11897252530314448,0.9949850623136581
2024-12-02,NIFTY50,0.6006820004948565,-0.060461623406867414,-0.05858512042397494,,,0.0,0.8435028063871604
2024-12-03,Auto,0.6474719223172665,-0.18271703412964285,-0.13189244349229615,-0.062390211686274503,-0.12032682244336834,-0.13308820140064145,1.3016454034203468
2024-12-03,Energy,1.1162629572266214,-0.2604439734022472,-0.1946803964560336,-0.10974547907673246,-0.15069849432551471,-0.21081514067324578,1.154938569901908
2024-12-03,FMCG,-0.39332282619956027,-0.18314532447899895,-0.1606199441294822,-0.07957057691142436,-0.1035747475675746,-0.13351649174999755,0.8783298354882301
2024-12-03,Infra,1.151214114200294,-0.09516015362067659,-0.06954705075074526,-0.020342946591094504,-0.07481720702958208,-0.0455313208916752,1.0007594964175097
2024-12-03,IT,0.4775282309918083,0.13842560120539713,0.050819925590426064,0.10461614678048539,0.033809454424911733,0.18805443393439852,1.4692793984869545
2024-12-03,Media,2.5306753663713044,0.056274962536343114,0.0021241596979415596,0.03712821383698008,0.01914674869936303,0.1059037952653445,1.501475484148305
2024-12-03,Metal,1.2333624796665221,-0.16606648281963415,0.01596934520452879,0.00827400668536902,-0.17434048950500317,-0.11643765009063275,1.4716196024047945
2024-12-03,Pharma,-0.020044365558424815,-0.12712382867383298,-0.047456273248113745,0.08316355616166615,-0.21028738483549914,-0.07749499594483159,0.983134343028794
2024-12-03,Realty,0.3234422157527783,0.03757951727543006,0.03382867428526688,-0.007369359978710093,0.04494887725414015,0.08720835000443145,1.7400805217040278
2024-12-03,Banking,1.1260051046844133,0.04370039621729253,0.044423889504720905,0.03389127330361711,0.009809122913675417,0.09332922894629392,0.9949850623136581
2024-12-03,NIFTY50,0.7460011144599932,-0.04962883272900139,-0.04260663781268881,0.005519396030443873,-0.055148228759445264,0.0,0.8435028063871604
2024-12-04,Auto,-0.7089826200953886,-0.2202612731958912,-0.12382966411310425,-0.08424166552989844,-0.13601960766599275,-0.18182003777573025,1.3016454034203468
2024-12-04,Energy,-0.731308540622877,-0.26695508238699445,-0.17971411994904044,-0.1319710058115823,-0.13498407657541214,-0.2285138469668335,1.154938569901908
2024-12-04,FMCG,-0.7260417234459804,-0.1657441959610743,-0.1589923313876914,-0.08687201005650261,-0.07887218590457168,-0.12730296054091333,0.8783298354882301
2024-12-04,Infra,-0.44694114646172123,-0.08203227325895994,-0.05287809813923646,-0.034029387452863116,-0.04800288580609682,-0.043591037838798995,1.0007594964175097
2024-12-04,IT,0.44406583648082254,0.19627742635415077,0.07446964237670126,0.11119965575245576,0.08507777060169501,0.23471866177431172,1.4692793984869545
2024-12-04,Media,0.7518275134662078,0.17576015570892245,0.03301903418937639,0.03651089457723153,0.13924926113169092,0.2142013911290834,1.501475484148305
2024-12-04,Metal,-0.17466962957956023,-0.12161811548388726,0.02242901663640921,0.02061910487569615,-0.14223722035958342,-0.08317688006372631,1.4716196024047945
2024-12-04,Pharma,-0.10157325865773892,-0.09718511798576339,-0.04099465759189421,0.07156606950491275,-0.16875118749067614,-0.058743882565602444,0.983134343028794
2024-12-04,Realty,2.1382561492660823,0.15548263444115823,0.08522195290517434,0.025594455704121236,0.129888178737037,0.19392386986131918,1.7400805217040278
2024-12-04,Banking,1.083860534293568,0.0882433252719698,0.09150662762025973,0.055206598967484866,0.03303672630448494,0.12668456069213074,0.9949850623136581
2024-12-04,NIFTY50,0.04210968146538541,-0.038441235420160945,-0.022487559290095827,0.006324089140110006,-0.04476532456027095,0.0,0.8435028063871604
2024-12-05,Auto,0.6455647896879135,-0.11629309246433536,-0.1109874756753254,-0.1040949546806744,-0.012198137783660967,-0.15224187671335598,1.3016454034203468
2024-12-05,Energy,0.39391625361564486,-0.17449837946796368,-0.161868637331275,-0.13975212775916573,-0.03474625170879794,-0.2104471637169843,1.154938569901908
2024-12-05,FMCG,0.5846788907600375,-0.13081032855025151,-0.18328377513675223,-0.09091281505397102,-0.0398975134962805,-0.16675911279927214,0.8783298354882301
2024-12-05,Infra,0.8059489863427638,0.007327274189575424,-0.03412819723285628,-0.04734973331133275,0.054677007500908176,-0.028621510059445205,1.0007594964175097
2024-12-05,IT,1.9503141407418711,0.2872645902424775,0.11920377294819502,0.10729830549107836,0.17996628475139917,0.2513158059934569,1.4692793984869545
2024-12-05,Media,0.004791780163904136,0.26091828792378186,0.03932893387424179,0.017922312602001424,0.24299597532178044,0.22496950367476123,1.501475484148305
2024-12-05,Metal,0.5704206114040433,-0.0026748762673630172,0.04324290205046618,-0.006492870187919289,0.003817993920556272,-0.03862366051638365,1.4716196024047945
2024-12-05,Pharma,0.1806189176888795,-0.04870981299243645,-0.03552521449015559,0.04737653051153947,-0.09608634350397592,-0.08465859724145708,0.983134343028794
2024-12-05,Realty,-0.2506682617081313,0.2597822447783878,0.08500040476826637,0.009980866600794499,0.2498013781775933,0.22383346052936717,1.7400805217040278
2024-12-05,Banking,0.6320104110153935,0.15457041923889417,0.0842141527536457,0.0533380999658084,0.10123231927308576,0.11862163498987355,0.9949850623136581
2024-12-05,NIFTY50,0.9847825562885104,0.03594878424902063,-0.011724597843641807,-0.0022531377458782456,0.03820192199489887,0.0,0.8435028063871604
2024-12-06,Auto,0.9437042498288584,-0.061021306994178216,-0.09925976567676408,-0.10105260602049956,0.04003129902632135,-0.09782720906775158,1.3016454034203468
2024-12-06,Energy,-0.11059461567339834,-0.1617759424674133,-0.17629924808005512,-0.14613067192507162,-0.015645270542341688,-0.19858184454098668,1.154938569901908
2024-12-06,FMCG,0.24147397177081142,-0.12813328998913223,-0.18233829793015208,-0.0844223895879242,-0.043710900401208036,-0.1649391920627056,0.8783298354882301
2024-12-06,Infra,-0.0402785052106891,0.032885189216785106,-0.04958263813602944,-0.05387903309314824,0.08676422230993334,-0.003920712856788265,1.0007594964175097
2024-12-06,IT,-0.20164007686541696,0.20106302677634064,0.08701180499143941,0.10932173317508534,0.0917412936012553,0.16425712470276727,1.4692793984869545
2024-12-06,Media,-0.3310973154547203,0.23876350143900626,-0.010978806521697203,-0.0057771280938086565,0.2445406295328149,0.2019575993654329,1.501475484148305
2024-12-06,Metal,1.2323976259729141,0.04682880630630309,0.05330548487546068,0.004028732646924856,0.042800073659378234,0.010022904232729717,1.4716196024047945
2024-12-06,Pharma,-0.12754253642274227,-0.000891185698232988,-0.05557470056430869,0.04226395395436233,-0.04315513965259532,-0.03769708777180636,0.983134343028794
2024-12-06,Realty,-0.05118216602018055,0.26008060116182097,0.06941748412760461,-0.006466020068545511,0.2665466212303665,0.2232746990882476,1.7400805217040278
2024-12-06,Banking,-0.17545625220577454,0.1499020990582452,0.07625249772256165,0.04899938328927508,0.10090271576897011,0.11309619698467183,0.9949850623136581
2024-12-06,NIFTY50,-0.12384293961259507,0.03680590207357337,-0.02078639692072448,-0.003685095405199728,0.0404909974787731,0.0,0.8435028063871604
2024-12-09,Auto,-0.772943599294662,-0.06954758718645297,-0.09154399173656182,-0.11613259017258702,0.04658500298613405,-0.10333549875045386,1.3016454034203468
2024-12-09,Energy,-0.40536731051367125,-0.18618107108203105,-0.15870645938889982,-0.16264791070341783,-0.02353316037861322,-0.21996898264603193,1.154938569901908
2024-12-09,FMCG,-2.2230751803766324,-0.10790320871979915,-0.2241171544252211,-0.09677304536732026,-0.011130163352478892,-0.14169112028380004,0.8783298354882301
2024-12-09,Infra,0.12873326186100265,0.033020048533200695,-0.031430493981898976,-0.05478920472000283,0.08780925325320352,-0.0007678630308001894,1.0007594964175097
2024-12-09,IT,0.2593011160963776,0.21619983692201714,0.09801272763278579,0.11339371876870236,0.10280611815331478,0.18241192535801626,1.4692793984869545
2024-12-09,Media,-2.0172852569297794,0.1771042764911309,-0.019568675191058604,-0.035526751187901544,0.21263102767903244,0.14331636492713,1.501475484148305
2024-12-09,Metal,0.6182683788158005,0.07525529516508424,0.08690928823106349,0.008776190580969128,0.06647910458411511,0.04146738360108335,1.4716196024047945
2024-12-09,Pharma,-0.5600703846710964,-0.0342752423387882,-0.06229712928926323,0.04291772793425704,-0.07719297027304525,-0.06806315390278908,0.983134343028794
2024-12-09,Realty,0.2793556133530162,0.3071669407296092,0.09348773205322347,-0.008190555650485527,0.31535749638009475,0.2733790291656083,1.7400805217040278
2024-12-09,Banking,-0.1901531503751719,0.12455805707064875,0.0816096751046778,0.044875341192907904,0.07968271587774084,0.09077014550664786,0.9949850623136581
2024-12-09,NIFTY50,-0.23827399277279726,0.033787911564000885,-0.016594357717572006,-0.007281076851897532,0.041068988415898414,0.0,0.8435028063871604
2024-12-10,Auto,-0.0336487188759671,0.0013488878409532539,-0.1277088952885321,-0.12086634513016219,0.12221523297111545,-0.06109139681672482,1.3016454034203468
2024-12-10,Energy,-0.6310731030754413,-0.1338822560517509,-0.20412225791622904,-0.17417553330959684,0.040293277257845955,-0.19632254070942895,1.154938569901908
2024-12-10,FMCG,0.12335759020014603,-0.13299384238911563,-0.2412334471855456,-0.10013304777693861,-0.032860794612177016,-0.1954341270467937,0.8783298354882301
2024-12-10,Infra,-0.5025343983698471,0.07660126148535877,-0.07943611566191776,-0.0669677439637152,0.14356900544907397,0.0141609768276807,1.0007594964175097
2024-12-10,IT,0.8202846181299073,0.2515319278769402,0.0850477660352633,0.1204711363226723,0.13106079155426786,0.1890916432192621,1.4692793984869545
2024-12-10,Media,-0.6829975307625968,0.22764878544889847,-0.037214954163333196,-0.054973707595567696,0.2826224930444662,0.1652085007912204,1.501475484148305
2024-12-10,Metal,0.21257618122207944,0.16303749098549591,0.041965370730462546,-0.0023630644859737576,0.16540055547146967,0.10059720632781785,1.4716196024047945
2024-12-10,Pharma,-0.07911744953428279,-0.03746630352842025,-0.07863122943987852,0.0298473306534244,-0.06731363418184465,-0.09990658818609832,0.983134343028794
2024-12-10,Realty,1.4346690334863021,0.3938727781674082,0.10270720491753076,0.01184936793162708,0.3820234102357811,0.3314324935097301,1.7400805217040278
2024-12-10,Banking,0.31821078167495465,0.18327185875636978,0.062003090847747765,0.04724384522344373,0.13602801353292604,0.12083157409869172,0.9949850623136581
2024-12-10,NIFTY50,-0.03635086213900074,0.06244028465767807,-0.04866626013200722,-0.011880014221060418,0.07432029887873849,0.0,0.8435028063871604
2024-12-11,Auto,0.356791546858215,-0.009888773416214525,-0.12441618030005745,-0.10866603482524008,0.09877726140902555,-0.054800910301742535,1.3016454034203468
2024-12-11,Energy,-0.3810235244556037,-0.15168154371482517,-0.19994454424984967,-0.2002763037418737,0.04859476002704852,-0.19659368060035318,1.154938569901908
2024-12-11,FMCG,0.41844991177291124,-0.13851912715126088,-0.2228010709501547,-0.09711226941138217,-0.04140685773987872,-0.1834312640367889,0.8783298354882301
2024-12-11,Infra,0.053931904688342414,0.06542927080055845,-0.07304678459807588,-0.0701230581479986,0.13555232894855707,0.02051713391503044,1.0007594964175097
2024-12-11,IT,0.33319114043772746,0.24943250911961734,0.08124451284806768,0.12802745033873453,0.12140505878088281,0.20452037223408934,1.4692793984869545
2024-12-11,Media,-0.5145342938311703,0.14512777069795224,-0.07374825004674031,-0.039731732728435214,0.18485950342638746,0.10021563381242424,1.501475484148305
2024-12-11,Metal,0.08760395755516015,0.08143577585358887,0.029110136402309233,-0.0002070641143734046,0.08164283996796227,0.03652363896806086,1.4716196024047945
2024-12-11,Pharma,0.05002093186305956,-0.0775419947666478,-0.07979294207872598,0.02972966985605822,-0.10727166462270603,-0.12245413165217581,0.983134343028794
2024-12-11,Realty,0.1830915040692105,0.354133216134855,0.0768731548695763,0.0327789312704913,0.3213542848643637,0.30922107924932696,1.7400805217040278
2024-12-11,Banking,-0.3478082466534582,0.14070921062687,0.05087357571871417,0.04315081763885151,0.0975583929880185,0.095797073741342,0.9949850623136581
2024-12-11,NIFTY50,0.12901233029631864,0.04491213688552801,-0.04438911528700925,-0.01310729851296001,0.05801943539848802,0.0,0.8435028063871604
2024-12-12,Auto,-0.8030774604989577,0.015620752172076369,-0.13836887149356863,-0.08516285870939061,0.10078361088146698,0.0007914660454425935,1.3016454034203468
2024-12-12,Energy,-0.7609517094741003,-0.1971794945036605,-0.2260419904811143,-0.19340224508006085,-0.0037772494235996656,-0.2120087806302943,1.154938569901908
2024-12-12,FMCG,-1.0923665839291385,-0.17218621615660273,-0.22907509927642328,-0.10159988491006915,-0.07058633124653359,-0.18701550228323652,0.8783298354882301
2024-12-12,Infra,-0.6502228111748054,0.029577759477128485,-0.08652653573874419,-0.059570537453116974,0.08914829693024545,0.01474847335049471,1.0007594964175097
2024-12-12,IT,0.7746287799243579,0.2889917756488628,0.09575670346963866,0.16335765860524074,0.12563411704362207,0.27416248952222905,1.4692793984869545
2024-12-12,Media,-2.2925616602752497,0.058181866730131156,-0.1285185001552382,-0.06054249131855247,0.11872435804868363,0.04335258060349738,1.501475484148305
2024-12-12,Metal,0.2541174377202138,0.06822531769527852,0.02319853179437707,0.03263665653817095,0.03558866115710757,0.053396031568644746,1.4716196024047945
2024-12-12,Pharma,-0.32865598364680837,-0.05118596775072796,-0.08463816882217905,0.020341452332179138,-0.07152742008290709,-0.06601525387736173,0.983134343028794
2024-12-12,Realty,-0.4112030063865624,0.2928436412372903,0.060449979725360106,0.06748101419839957,0.2253626270388907,0.27801435511065653,1.7400805217040278
2024-12-12,Banking,-0.327585533296082,0.06076817406752588,0.03851143816283135,0.044119093483997694,0.016649080583528188,0.045938887940892105,0.9949850623136581
2024-12-12,NIFTY50,-0.3778196379659149,0.014829286126633775,-0.052477234474122746,-0.004279810610409409,0.019109096737043182,0.0,0.8435028063871604
2024-12-13,Auto,0.47674300156990146,0.0307490498743405,-0.13473022045271268,-0.03631262987607989,0.06706167975042039,-0.031064813127020436,1.3016454034203468
2024-12-13,Energy,0.45712419212255995,-0.17655138238100201,-0.22153582562458438,-0.1458840761037027,-0.030667306277299328,-0.23836524538236295,1.154938569901908
2024-12-13,FMCG,1.2871624312843943,-0.1599683815361193,-0.20993027064695174,-0.08379444508349204,-0.07617393645262727,-0.22178224453748024,0.8783298354882301
2024-12-13,Infra,1.1874528781969707,0.06726203564173527,-0.0724406391066231,-0.009947908582742526,0.0772099442244778,0.005448172640374338,1.0007594964175097
2024-12-13,IT,0.6436361790150169,0.33922220086291527,0.10408690455363635,0.20670744794540263,0.13251475291751263,0.27740833786155433,1.4692793984869545
2024-12-13,Media,-0.5853161979895716,-0.03917411871991569,-0.11844830375741301,-0.016206656059185334,-0.022967462660730357,-0.10098798172127663,1.501475484148305
2024-12-13,Metal,-0.719941051379136,0.04290655081956586,0.018191287427118952,0.07856128759210614,-0.035654736772540274,-0.018907312181795075,1.4716196024047945
2024-12-13,Pharma,-0.3236771708792996,-0.02857739839041103,-0.08540570378186489,0.0329681352933511,-0.06154553368376213,-0.09039126139177196,0.983134343028794
2024-12-13,Realty,-0.44042087125174545,0.2808246474219422,0.04288661230666105,0.11063582465564169,0.17018882276630048,0.21901078442058125,1.7400805217040278
2024-12-13,Banking,0.6902970188596758,0.11647381630597568,0.04888190918991971,0.07901059532447166,0.03746322098150402,0.05465995330461475,0.9949850623136581
2024-12-13,NIFTY50,0.8945547808588916,0.061813863001360936,-0.039852965802481176,0.035422417948714785,0.02639144505264615,0.0,0.8435028063871604
2024-12-16,Auto,0.07319361341564523,0.04439236065946761,-0.12759244059447208,-0.027114294806876993,0.0715066554663446,-0.022512518072096047,1.3016454034203468
2024-12-16,Energy,-0.6029165964324679,-0.19714065907347258,-0.21993496527759449,-0.1482589435858424,-0.04888171548763018,-0.26404553780503626,1.154938569901908
2024-12-16,FMCG,-0.3027976793868348,-0.13960649096202835,-0.21313729548536867,-0.08812824413566517,-0.05147824682636318,-0.20651136969359202,0.8783298354882301
2024-12-16,Infra,-0.2759274190777039,0.04484627653799348,-0.06958602918224903,-0.011537871934394175,0.05638414847238765,-0.022058602193570177,1.0007594964175097
2024-12-16,IT,-0.7439792610144047,0.4153022700763231,0.14257976887013968,0.19299905773605605,0.22230321234026704,0.34839739134475944,1.4692793984869545
2024-12-16,Media,1.4539881947555289,-0.051478999639558126,-0.08920890155089678,-0.0017421523520496222,-0.049736847287508504,-0.11838387837112178,1.501475484148305
2024-12-16,Metal,-0.9698791921201266,0.016143445148543913,0.015802969766672097,0.06446873298133711,-0.0483252878327932,-0.050761433583019745,1.4716196024047945
2024-12-16,Pharma,0.44319909017209724,-0.0675251204731279,-0.05247049121980522,0.038947924499816496,-0.10647304497294441,-0.13442999920469156,0.983134343028794
2024-12-16,Realty,3.0966291022451964,0.38904037306440725,0.09832682172986533,0.13574904387306697,0.2532913291913403,0.3221354943328436,1.7400805217040278
2024-12-16,Banking,-0.00457081937879078,0.13769213477661765,0.03086600388783371,0.08658577852838646,0.05110635624823119,0.070787256045054,0.9949850623136581
2024-12-16,NIFTY50,-0.4039468921733236,0.06690487873156366,-0.04389708869833716,0.033846299870187786,0.03305857886137587,0.0,0.8435028063871604
2024-12-17,Auto,-1.566588422899895,-0.04906392670821972,-0.16036784052823608,-0.06344180272207549,0.014377876013855768,-0.05743968874195149,1.3016454034203468
2024-12-17,Energy,-1.608200156651718,-0.27904950811281193,-0.245801646822175,-0.19033685455872051,-0.08871265355409141,-0.2874252701465437,1.154938569901908
2024-12-17,FMCG,-0.40522283845728646,-0.16607492982502894,-0.2291961170581249,-0.10558980410202017,-0.06048512572300878,-0.17445069185876072,0.8783298354882301
2024-12-17,Infra,-1.7167021395765647,-0.029660714175328746,-0.09461942827853269,-0.048788495975142045,0.0191277817998133,-0.03803647620906051,1.0007594964175097
2024-12-17,IT,-0.5253727072805914,0.3956369769049413,0.1395138083685887,0.1707469584693613,0.22489001843558,0.38726121487120957,1.4692793984869545
2024-12-17,Media,0.022705884809703925,-0.06434274107210237,-0.04802781423205837,-0.030108317945679457,-0.034234423126422914,-0.07271850310583414,1.501475484148305
2024-12-17,Metal,-1.6346158667861266,-0.061020287494756284,-0.0008165491240928283,0.016369040938186214,-0.0773893284329425,-0.06939604952848805,1.4716196024047945
2024-12-17,Pharma,-0.81328025434666,-0.10513191479329646,-0.05914510380180223,0.005465882626531669,-0.11059779741982813,-0.11350767682702823,0.983134343028794
2024-12-17,Realty,-0.09386750147124534,0.35406383188569657,0.08853674645074211,0.11432936758045883,0.23973446430523773,0.3456880698519648,1.7400805217040278
2024-12-17,Banking,-1.393303377909727,0.07839160489101271,-0.0014299988776439454,0.06282519090180344,0.015566413989209271,0.07001584285728095,0.9949850623136581
2024-12-17,NIFTY50,-1.3468730047733413,0.008375762033731768,-0.06885703486107601,0.0047586415055457364,0.003617120528186031,0.0,0.8435028063871604
2024-12-18,Auto,-0.7539170005723128,-0.041653075346886524,-0.20425594314673484,-0.07091640624881261,0.029263330901926086,-0.07362241688941211,1.3016454034203468
2024-12-18,Energy,-1.0820435600898737,-0.22841971062705652,-0.2844333868206946,-0.18409935975772115,-0.04432035086933536,-0.2603890521695821,1.154938569901908
2024-12-18,FMCG,0.0006225932016823421,-0.1273833098704006,-0.2521429051462874,-0.1005892023080696,-0.026794107562331013,-0.1593526514129262,0.8783298354882301
2024-12-18,Infra,-0.8867337761789384,0.011231757048570934,-0.13387469852013795,-0.04292958240383363,0.05416133945240456,-0.02073758449395465,1.0007594964175097
2024-12-18,IT,0.24904695714402791,0.4049152580474306,0.1333815551285252,0.19467625073032682,0.2102390073171038,0.37294591650490505,1.4692793984869545
2024-12-18,Media,-2.2349996116980297,-0.06698849016779564,-0.09083027212678507,-0.05758600808743932,-0.009402482080356316,-0.09895783171032121,1.501475484148305
2024-12-18,Metal,-1.3599834912781716,-0.05402978050107697,-0.05106487706855197,0.02063589394495408,-0.07466567444603105,-0.08599912204360255,1.4716196024047945
2024-12-18,Pharma,1.0872248426629483,-0.04421321061697977,-0.0464832678082718,0.013648624741971668,-0.05786183535895144,-0.07618255215950535,0.983134343028794
2024-12-18,Realty,-0.4652783898951629,0.43633137084663276,0.029955827252243765,0.12257209401647194,0.3137592768301608,0.4043620293041072,1.7400805217040278
2024-12-18,Banking,-1.3158940503599448,0.06411455049666188,-0.047105653408380056,0.04736837461678621,0.016746175879875674,0.0321452089541363,0.9949850623136581
2024-12-18,NIFTY50,-0.5635699812006956,0.031969341542525585,-0.10285060351065689,0.006750917062828081,0.025218424479697504,0.0,0.8435028063871604
2024-12-19,Auto,-0.7329623379766614,-0.10375510608656935,-0.24241481230676468,-0.09820375507299875,-0.005551351013570599,-0.07140321301020047,1.3016454034203468
2024-12-19,Energy,-0.9827233624289833,-0.28882042424885235,-0.3210571503679843,-0.20878539808579974,-0.08003502616305261,-0.25646853117248347,1.154938569901908
2024-12-19,FMCG,-0.5488124904147185,-0.1342432091873739,-0.2722811517478398,-0.10874306953442764,-0.025500139652946258,-0.10189131611100502,0.8783298354882301
2024-12-19,Infra,-0.7336726091404122,-0.022496148940253462,-0.16549184768715755,-0.061969250252570884,0.03947310131231742,0.009855744136115414,1.0007594964175097
2024-12-19,IT,-1.2578342760290684,0.36275648591755805,0.12098505214106121,0.16350550733781777,0.19925097857974028,0.3951083789939269,1.4692793984869545
2024-12-19,Media,-0.8927674885025993,-0.08901699457518283,-0.11774762651500902,-0.08785585689232575,-0.001161137682857083,-0.05666510149881396,1.501475484148305
2024-12-19,Metal,-1.0220640946434045,-0.18276583776664523,-0.07705791206139032,0.0007257331800810402,-0.18349157094672627,-0.15041394469027636,1.4716196024047945
2024-12-19,Pharma,1.717935588903341,0.009672195157700939,-0.02719670082420041,0.027948493716303504,-0.018276298558602563,0.04202408823406981,0.983134343028794
2024-12-19,Realty,-0.8225480234848148,0.38815429589011996,-0.020896324767425985,0.09621387077215258,0.29194042511796736,0.42050618896648884,1.7400805217040278
2024-12-19,Banking,-1.0814277339396772,-0.03649714344908905,-0.07481473655190067,0.028090807166845214,-0.06458795061593427,-0.004145250372720177,0.9949850623136581
2024-12-19,NIFTY50,-1.0213311567061067,-0.032351893076368876,-0.12944343128853583,-0.0161381669425906,-0.016213726133778274,0.0,0.8435028063871604
2024-12-20,Auto,-2.1277903433039813,-0.21639087357988843,-0.285031321115465,-0.11887808044272966,-0.09751279313715877,-0.09608084746873245,1.3016454034203468
2024-12-20,Energy,-2.014128336501364,-0.4105891456810766,-0.36758989700000083,-0.22345141824343231,-0.18713772743764426,-0.2902791195699206,1.154938569901908
2024-12-20,FMCG,-0.9920201285132046,-0.17941586372897778,-0.2760316435825525,-0.11102600491071837,-0.0683898588182594,-0.0591058376178218,0.8783298354882301
2024-12-20,Infra,-2.082331653943592,-0.14983790126143262,-0.20301123447518551,-0.07945757936439184,-0.07038032189704078,-0.029527875150276647,1.0007594964175097
2024-12-20,IT,-2.6318974824637076,0.14186521304768535,0.0669384801188126,0.1323768308727676,0.009488382174917737,0.26217523915884133,1.4692793984869545
2024-12-20,Media,-1.6974733447507107,-0.19259410004088445,-0.1462393767072373,-0.08393041895950062,-0.10866368108138383,-0.07228407392972848,1.501475484148305
2024-12-20,Metal,-1.8262954122166941,-0.29661217163754805,-0.15695064517770327,-0.027919803040870904,-0.26869236859667717,-0.17630214552639206,1.4716196024047945
2024-12-20,Pharma,-0.8637397198684282,-0.057231120214528884,-0.04549353320970839,0.018549057026629887,-0.07578017724115876,0.0630789058966271,0.983134343028794
2024-12-20,Realty,-3.911173751557895,0.17170901270288344,-0.0810506246132379,0.03813726975894573,0.1335717429439377,0.2920190388140394,1.7400805217040278
2024-12-20,Banking,-1.5831098993674297,-0.09630024106723645,-0.09697363815958426,0.008443977482131116,-0.10474421854936757,0.024009785043919527,0.9949850623136581
2024-12-20,NIFTY50,-1.520556915080562,-0.12031002611115597,-0.15487276324271032,-0.03209848322371441,-0.08821154288744157,0.0,0.8435028063871604
2024-12-23,Auto,-0.09853852967227628,-0.1747391897679492,-0.28468631730514043,-0.11130963538293769,-0.06342955438501151,-0.11664082592052835,1.3016454034203468
2024-12-23,Energy,0.6793020655213811,-0.33972704349206073,-0.36987550151757825,-0.20695334748676442,-0.13277369600529632,-0.2816286796446399,1.154938569901908
2024-12-23,FMCG,0.9608674560316111,-0.1147909862343288,-0.2530525653091055,-0.09723809215347509,-0.017552894080853712,-0.05669262238690796,0.8783298354882301
2024-12-23,Infra,0.682637074481196,-0.09341930874581572,-0.19897448042926147,-0.06372207516627999,-0.02969723357953573,-0.03532094489839488,1.0007594964175097
2024-12-23,IT,0.13091022542814912,0.16899331611891313,0.08028562432165079,0.13368079254864768,0.03531252357026546,0.22709167996633398,1.4692793984869545
2024-12-23,Media,-0.39462223347869196,-0.19868901867932182,-0.20185952981508457,-0.0777628887523544,-0.12092612992696741,-0.14059065483190097,1.501475484148305
2024-12-23,Metal,0.886737476243149,-0.17606133372417934,-0.14931914194596457,0.0001254211861272984,-0.17618675491030664,-0.1179629698767585,1.4716196024047945
2024-12-23,Pharma,0.3119795620967647,0.010380878859170087,-0.044649471780783635,0.02271602060975196,-0.012335141750581874,0.06847924270659093,0.983134343028794
2024-12-23,Realty,1.466847390457704,0.26840901341597073,-0.06758813717569424,0.06258891745530686,0.20582009596066386,0.3265073772633916,1.7400805217040278
2024-12-23,Banking,1.1001007745286229,-0.03408750546452547,-0.08274739933879356,0.037057809914495685,-0.07114531537902116,0.02401085838289537,0.9949850623136581
2024-12-23,NIFTY50,0.7035472972972912,-0.05809836384742084,-0.1472429024805986,-0.01478890547637748,-0.04330945837104336,0.0,0.8435028063871604
2024-12-24,Auto,0.5665493289445989,-0.1548322305091661,-0.31292436048289224,-0.10553074825692382,-0.04930148225224229,-0.10015920199825665,1.3016454034203468
2024-12-24,Energy,-0.17867653334850964,-0.2955081777312737,-0.3758925946524089,-0.20185488215756658,-0.09365329557370711,-0.24083514922036423,1.154938569901908
2024-12-24,FMCG,0.5419964812815703,-0.10698842606996457,-0.2601767678722246,-0.08777485427140445,-0.01921357179856012,-0.052315397559055114,0.8783298354882301
2024-12-24,Infra,-0.059338960990973355,-0.07323266104802088,-0.2068128036653301,-0.061055214715783894,-0.01217744633223699,-0.018559632537111424,1.0007594964175097
2024-12-24,IT,-0.36381273608389053,0.1330951354184514,0.06628020171028852,0.1121287841290783,0.02096635128937309,0.18776816392936085,1.4692793984869545
2024-12-24,Media,-0.33502230431000646,-0.1401137194703583,-0.21426026577780644,-0.06971489638079081,-0.07039882308956749,-0.08544069095944884,1.501475484148305
2024-12-24,Metal,-0.8300242707303451,-0.17393692081863885,-0.1987034230403282,0.00490174972444796,-0.1788386705430868,-0.11926389230772938,1.4716196024047945
2024-12-24,Pharma,-0.058259618288314385,0.0061748209503627765,-0.045756699997111884,0.03102605445248738,-0.024851233502124606,0.06084784946127224,0.983134343028794
2024-12-24,Realty,-0.08367260666896081,0.36228663912851505,-0.07067865665465467,0.0670088433382807,0.2952777957902344,0.4169596676394245,1.7400805217040278
2024-12-24,Banking,-0.16485876175831304,-0.016770475091924347,-0.09392680092776495,0.03755723630991908,-0.05432771140184342,0.037902553418985116,0.9949850623136581
2024-12-24,NIFTY50,-0.10861087115143775,-0.05467302851090946,-0.1626342740688793,-0.016214334044588607,-0.03845869446632085,0.0,0.8435028063871604
2024-12-26,Auto,0.8399568075838415,-0.11622674369046737,-0.30586542070593653,-0.11850777187144766,0.0022810281809802907,-0.06567368022529774,1.3016454034203468
2024-12-26,Energy,0.21263123977997012,-0.27486279791095974,-0.38744855409956,-0.21167412318591425,-0.0631886747250455,-0.2243097344457901,1.154938569901908
2024-12-26,FMCG,-0.3212314446500608,-0.08825505499113244,-0.25768449686572215,-0.10779543810020344,0.019540383109070997,-0.037701991525962805,0.8783298354882301
2024-12-26,Infra,0.27983145582972657,-0.04413688364182211,-0.20659873810073096,-0.07420185212191911,0.030064968480097,0.006416179823347523,1.0007594964175097
2024-12-26,IT,-0.01064473267319288,0.08992220263246753,0.0601057981863364,0.07993388337994173,0.009988319252525801,0.14047526609763716,1.4692793984869545
2024-12-26,Media,-1.4619973885297122,-0.145410221404717,-0.21286652953769414,-0.1092290194735442,-0.03618120193117279,-0.09485715793954735,1.501475484148305
2024-12-26,Metal,-0.14005636366012375,-0.14542919169189,-0.2142064291432716,-0.015473810801890602,-0.1299553808899994,-0.09487612822672037,1.4716196024047945
2024-12-26,Pharma,0.6811076247708048,0.058156763531500566,-0.05362991218218186,0.03385923678909059,0.024297526742409974,0.1087098269966702,0.983134343028794
2024-12-26,Realty,0.23261223540358422,0.3750353411947919,-0.04691316321576989,0.04190116682186273,0.3331341743729292,0.42558840465996156,1.7400805217040278
2024-12-26,Banking,-0.12160283655066051,-0.041223660031423824,-0.07936969010094387,0.01856325533356425,-0.05978691536498808,0.00932940343374581,0.9949850623136581
2024-12-26,NIFTY50,0.09503186263191132,-0.050553063465169634,-0.15869170440780847,-0.03344704944900344,-0.017106014016166196,0.0,0.8435028063871604
2024-12-27,Auto,0.9746030821776497,-0.01907354718921413,-0.25439718208134493,-0.09775596336525828,0.07868241617604416,-0.012993851819582309,1.3016454034203468
2024-12-27,Energy,-0.3417345815865058,-0.2390350473818899,-0.3733775729987147,-0.23027255614208397,-0.008762491239805936,-0.2329553520122581,1.154938569901908
2024-12-27,FMCG,0.331064026449579,-0.022970269509841046,-0.2444440946302895,-0.10613601212233388,0.08316574261249284,-0.016890574140209225,0.8783298354882301
2024-12-27,Infra,-0.39688364697850753,-0.017652251692136245,-0.1935522295058138,-0.0816205848416138,0.06396833314947756,-0.011572556322504424,1.0007594964175097
2024-12-27,IT,0.1308815277944797,0.09277831741958731,0.0767233606380106,0.07164097878956667,0.02113733863002064,0.09885801278921913,1.4692793984869545
2024-12-27,Media,0.3790442669554528,-0.11270802019882765,-0.225226975338005,-0.11640020196266296,0.0036921817638353033,-0.10662832482919583,1.501475484148305
2024-12-27,Metal,-0.9602203763379835,-0.1276151170716085,-0.2523586897378288,-0.046878815081940396,-0.08073630198966811,-0.12153542170197668,1.4716196024047945
2024-12-27,Pharma,1.3023584667962274,0.1303084539130106,-0.015065271475938799,0.04172802676726731,0.0885804271457433,0.13638814928264242,0.983134343028794
2024-12-27,Realty,-0.5476931458865186,0.3507415057106067,-0.02801005887066444,0.03417344186748537,0.3165680638431213,0.3568212010802385,1.7400805217040278
2024-12-27,Banking,0.2747696721886461,0.014131310783512449,-0.048282956179763935,0.024883516476632932,-0.010752205693120484,0.02021100615314427,0.9949850623136581
2024-12-27,NIFTY50,0.2661079652128029,-0.006079695369631821,-0.1308217369008894,-0.031916470292217,0.02583677492258518,0.0,0.8435028063871604
2024-12-30,Auto,-1.432096861393617,0.005374375636848135,-0.2817341910049812,-0.1194166930479844,0.12479106868483253,-0.010234976950365127,1.3016454034203468
2024-12-30,Energy,-0.5913321232371649,-0.2064993041740578,-0.3708155023194112,-0.24185063870271245,0.03535133452865466,-0.22210865676127106,1.154938569901908
2024-12-30,FMCG,0.3085317592137482,0.0022343217199930856,-0.23753702295751392,-0.10118454450981079,0.10341886622980388,-0.013375030867220177,0.8783298354882301
2024-12-30,Infra,-0.8075292451442007,0.003649780292853307,-0.20360805401002935,-0.09300097061935081,0.09665075091220411,-0.011959572294359955,1.0007594964175097
2024-12-30,IT,0.5719185345991473,0.13062137457523568,0.06683759135694227,0.06894360663643055,0.061677767938805125,0.11501202198802242,1.4692793984869545
2024-12-30,Media,-1.8718786876264382,-0.10309973275123986,-0.2831181184561497,-0.13423515301645614,0.031135420265216276,-0.11870908533845312,1.501475484148305
2024-12-30,Metal,-1.2711202478567496,-0.08122296407338006,-0.2775643812920296,-0.06618081907681267,-0.015042144996567391,-0.09683231666059332,1.4716196024047945
2024-12-30,Pharma,1.011809995946611,0.21554397297608258,0.0006992327707759186,0.04615513321279124,0.16938883976329133,0.1999346203888693,0.983134343028794
2024-12-30,Realty,-1.5401129767120159,0.4051261614668703,-0.050418031573125084,0.014786350524613488,0.39033981094225684,0.38951680887965706,1.7400805217040278
2024-12-30,Banking,-0.6987754662049372,0.060521828421608026,-0.05818320952024484,0.007527852673113487,0.05299397574849454,0.04491247583439476,0.9949850623136581
2024-12-30,NIFTY50,-0.7075847935867907,0.015609352587213262,-0.14171408325487025,-0.045484922820859315,0.06109427540807258,0.0,0.8435028063871604
2024-12-31,Auto,0.2887793308664399,-0.006860613753867743,-0.22883835501169736,-0.11998799024315024,0.11312737648928249,-0.02618436539578458,1.3016454034203468
2024-12-31,Energy,1.0221886336087005,-0.16640018852579708,-0.31035632855554296,-0.23212160166184448,0.0657214131360474,-0.1857239401677139,1.154938569901908
2024-12-31,FMCG,0.32012562170948833,0.0638133932342888,-0.2075367522321451,-0.11282483407291408,0.17663822730720288,0.04448964159237197,0.8783298354882301
2024-12-31,Infra,0.44027826420729443,0.017534975714135575,-0.14904473561775508,-0.0919485790316975,0.10948355474583307,-0.001788775927781261,1.0007594964175097
2024-12-31,IT,-1.4410451526118973,0.08090674585757333,0.06922142797036086,0.05298409035838151,0.027922655499191824,0.061582994215656495,1.4692793984869545
2024-12-31,Media,-0.06597252466805648,-0.18048691850992338,-0.24870195553021113,-0.14827351080412232,-0.032213407705801056,-0.1998106701518402,1.501475484148305
2024-12-31,Metal,0.46517399335743725,-0.06268067663908082,-0.2587334341309483,-0.06818243704673296,0.005501760407652143,-0.08200442828099766,1.4716196024047945
2024-12-31,Pharma,0.7361925141365466,0.2488415743331429,0.02139673479372402,0.04422171833577836,0.20461985599736454,0.2295178226912261,0.983134343028794
2024-12-31,Realty,-0.2370005268864217,0.36272801211051137,0.018340134040290557,0.026723498635746242,0.3360045134747651,0.3434042604685945,1.7400805217040278
2024-12-31,Banking,-0.18164040459053288,0.048397924859350606,-0.02728042296085827,0.00808159376686003,0.040316331092490575,0.02907417321743377,0.9949850623136581
2024-12-31,NIFTY50,-0.0004212721278373799,0.019323751641916836,-0.10639381235535521,-0.04869936217394548,0.06802311381586232,0.0,0.8435028063871604
2025-01-01,Auto,0.0,-0.02567688138280751,-0.20502537469794765,-0.11898488384476479,0.09330800246195728,-0.07000597396265795,1.3016454034203468
2025-01-01,Energy,0.0,-0.14027596381303983,-0.2919526449913076,-0.22523185133760637,0.08495588752456654,-0.18460505639289027,1.154938569901908
2025-01-01,FMCG,0.0,0.03204414391529964,-0.1785454259510342,-0.11972311586856471,0.15176725978386435,-0.0122849486645508,0.8783298354882301
2025-01-01,Infra,0.0,0.029887462891288925,-0.12552883994934722,-0.09580490890595492,0.12569237179724385,-0.014441629688561514,1.0007594964175097
2025-01-01,IT,0.08145494375264573,0.16102074750282322,0.06459684642482828,0.0556171815162734,0.10540356598654982,0.11669165492297279,1.4692793984869545
2025-01-01,Media,0.0,-0.13640378797692082,-0.20520222493508303,-0.14613067889590972,0.0097268909189889,-0.18073288055677125,1.501475484148305
2025-01-01,Metal,0.0,-0.1260913681327432,-0.2518731346581926,-0.07564260075289429,-0.050448767379848894,-0.17042046071259362,1.4716196024047945
2025-01-01,Pharma,0.20288524170040123,0.28745583312155637,0.030821822011587452,0.04804098937740574,0.23941484374415062,0.24312674054170594,0.983134343028794
2025-01-01,Realty,0.0,0.3440716672677809,0.045667670061699805,0.021481251578280527,0.32259041568950036,0.2997425746879304,1.7400805217040278
2025-01-01,Banking,0.39402587254537824,0.049292739087819136,-0.008396259304868278,0.005879908797657491,0.043412830290161644,0.004963646507968697,0.9949850623136581
2025-01-01,NIFTY50,0.41488871182535636,0.04432909257985044,-0.08393450735802481,-0.04594210721328312,0.09027119979313356,0.0,0.8435028063871604
2025-01-02,Auto,5.177363662739776,0.10124252378322003,-0.11107642309748238,-0.07393505279206902,0.17517757657528904,0.003528591919923857,1.3016454034203468
2025-01-02,Energy,1.499501786818036,-0.07460403428075042,-0.2257188371200284,-0.20900674041329212,0.13440270613254168,-0.1723179661440466,1.154938569901908
2025-01-02,FMCG,1.5346980993362846,0.07940069644201575,-0.14371870373788806,-0.10136958898637675,0.18077028542839252,-0.018313235421280424,0.8783298354882301
2025-01-02,Infra,1.8786554026112068,0.10064268144446646,-0.06897249303231785,-0.07559044781589432,0.17623312926036078,0.002928749581170287,1.0007594964175097
2025-01-02,IT,2.256348755898352,0.20871653484278552,0.09114384353451707,0.09183325128168415,0.11688328356110136,0.11100260297948934,1.4692793984869545
2025-01-02,Media,0.7013780109049073,-0.19456093920696874,-0.13263078667065387,-0.12399808138918166,-0.07056285781778708,-0.2922748710702649,1.501475484148305
2025-01-02,Metal,0.8491336944134842,-0.0695168415198551,-0.20032746908804983,-0.061948597128091226,-0.007568244391763873,-0.1672307733831513,1.4716196024047945
2025-01-02,Pharma,0.3991960299022823,0.2659966708586836,0.04591125573247682,0.05337589265035371,0.21262077820832992,0.16828273899538743,0.983134343028794
2025-01-02,Realty,-0.06651315513979128,0.29267284233459656,0.06337740245171919,0.04773597842445921,0.24493686391013736,0.19495891047130037,1.7400805217040278
2025-01-02,Banking,1.0672596915705324,0.06748128733531884,0.041232092879914806,0.018877013331449383,0.04860427400386946,-0.03023264452797733,0.9949850623136581
2025-01-02,NIFTY50,1.8774033191665485,0.09771393186329617,-0.03806299342424454,-0.025603799309017832,0.12331773117231401,0.0,0.8435028063871604
2025-01-03,Auto,-0.046631936419216924,0.13016817461580824,-0.13955584230475013,-0.07835378913106078,0.20852196374686902,0.03390073406748757,1.3016454034203468
2025-01-03,Energy,0.49880403838014065,0.014449156393912718,-0.2447531085666847,-0.2151017018516965,0.22955085824560922,-0.08181828415440795,1.154938569901908
2025-01-03,FMCG,0.2525490274701836,0.12831025706608581,-0.14739487291154854,-0.10292140909935292,0.23123166616543872,0.03204281651776515,0.8783298354882301
2025-01-03,Infra,-0.30443606842562865,0.12024421220730885,-0.10055831194096866,-0.08794272991940638,0.20818694212671524,0.02397677165898819,1.0007594964175097
2025-01-03,IT,-1.4096382188977907,0.14540465876805278,0.05986973532722243,0.060696386096752555,0.08470827267130022,0.04913721821973212,1.4692793984869545
2025-01-03,Media,1.7016292379274267,-0.05790777615007937,-0.15614207470718824,-0.1025939012916071,0.044686125141527734,-0.15417521669840004,1.501475484148305
2025-01-03,Metal,0.07566572742203626,0.008842892254904807,-0.183582048320642,-0.08505706223807294,0.09389995449297775,-0.08742454829341585,1.4716196024047945
2025-01-03,Pharma,-1.2308218168803786,0.22937159197026138,0.0014506458021656954,0.038363496758208174,0.1910080952120532,0.1331041514219407,0.983134343028794
2025-01-03,Realty,-0.6228354182537532,0.24086540240813878,0.03698621481166953,0.021280257815757934,0.21958514459238085,0.1445979618598181,1.7400805217040278
2025-01-03,Banking,-1.1951233746430368,0.044341392039136306,0.0034147503056697337,0.0009152326264400607,0.043426159412696244,-0.05192604850918436,0.9949850623136581
2025-01-03,NIFTY50,-0.7602755327609123,0.09626744054832066,-0.06534699780937514,-0.04244173538932916,0.1387091759376498,0.0,0.8435028063871604
2025-01-06,Auto,-2.177882862945224,-0.001214316658443293,-0.18945794409189456,-0.10128686705738311,0.10007255039893982,0.03605844315278106,1.3016454034203468
2025-01-06,Energy,-3.2398191857394565,-0.1619264466089317,-0.2853669280283414,-0.2442909593137246,0.08236451270479289,-0.12465368679770736,1.154938569901908
2025-01-06,FMCG,-1.9070542617223296,-0.010835289442419812,-0.1530658083003476,-0.11229775144227837,0.10146246199985856,0.02643747036880454,0.8783298354882301
2025-01-06,Infra,-2.384760796859098,-0.0522095406234672,-0.1381841256523488,-0.11351878232936732,0.061309241705900124,-0.014936780812242846,1.0007594964175097
2025-01-06,IT,-0.11823301364115579,0.03187208443758749,0.04865121746098303,0.05812525651140506,-0.02625317207381757,0.06914484424881184,1.4692793984869545
2025-01-06,Media,-2.7071316994259464,-0.13734887990919742,-0.2150323637377682,-0.17818227211381846,0.04083339220462104,-0.10007612009797306,1.501475484148305
2025-01-06,Metal,-3.143777331740849,-0.14519976726635295,-0.23705033962006275,-0.11319768420182068,-0.03200208306453227,-0.10792700745512859,1.4716196024047945
2025-01-06,Pharma,-0.8186610731403254,0.16805189368233797,-0.0462201197554298,0.020693102011404778,0.1473587916709332,0.20532465349356233,0.983134343028794
2025-01-06,Realty,-3.16237571189677,0.0296734173350451,-0.05148246060729537,-0.016109476162350252,0.04578289349739535,0.06694617714626945,1.7400805217040278
2025-01-06,Banking,-2.092225674862891,-0.0758564901967973,-0.030998349580383572,-0.025169848711726894,-0.050686641485070405,-0.038583730385572945,0.9949850623136581
2025-01-06,NIFTY50,-1.6192595996625703,-0.037272759811224354,-0.09025567325710693,-0.06075116917473225,0.023478409363507896,0.0,0.8435028063871604
2025-01-07,Auto,-0.0004241909970725821,-0.0242038777736453,-0.19439565416893864,-0.09989796922523787,0.07569409145159257,0.04397557683933906,1.3016454034203468
2025-01-07,Energy,1.2484515543166763,-0.16434697006726692,-0.26985203227011,-0.22721290841142938,0.06286593834416246,-0.09616751545428256,1.154938569901908
2025-01-07,FMCG,0.009084719034224698,-0.03404458192561114,-0.14548000489127041,-0.10747675796231396,0.07343217603670282,0.03413487268737322,0.8783298354882301
2025-01-07,Infra,0.8234721808431322,-0.0963232359211567,-0.1259447296800899,-0.10499370886600232,0.008670472944845617,-0.02814378130817234,1.0007594964175097
2025-01-07,IT,-0.6846045019114122,-0.01295229687620895,0.05812002435446736,0.03226656833835828,-0.04521886521456723,0.05522715773677541,1.4692793984869545
2025-01-07,Media,1.3636278783837774,-0.15309790104762222,-0.18471271442074313,-0.14738941066600847,-0.005708490381613751,-0.08491844643463786,1.501475484148305
2025-01-07,Metal,1.242384302377153,-0.11765347760454753,-0.22301012429594166,-0.09727900835967726,-0.02037446924487027,-0.04947402299156317,1.4716196024047945
2025-01-07,Pharma,0.6739464211917845,0.15788472769122877,-0.0014459146364194837,0.015466381018531324,0.14241834667269745,0.22606418230421313,0.983134343028794
2025-01-07,Realty,0.7954140497075324,-0.01751878514882419,-0.031571767900674584,-0.0052378862825899555,-0.012280898866234236,0.05066066946416017,1.7400805217040278
2025-01-07,Banking,0.5611723037939109,-0.12703720473278354,-0.038763992221061604,-0.016011613245298095,-0.11102559148748545,-0.058857750119799185,0.9949850623136581
2025-01-07,NIFTY50,0.38892874268343647,-0.06817945461298436,-0.08487432235396757,-0.05796640808187771,-0.010213046531106648,0.0,0.8435028063871604
2025-01-08,Auto,-0.47674279818362697,0.0025543092493115114,-0.1965676781300335,-0.11124883231346294,0.11380314156277445,0.06962755459896848,1.3016454034203468
2025-01-08,Energy,-0.020906056491232228,-0.13948034609774337,-0.27046553078069363,-0.23417872339803275,0.09469837730028938,-0.0724071007480864,1.154938569901908
2025-01-08,FMCG,0.43732853633953184,-0.04736479369758998,-0.138833044220145,-0.11057874640374972,0.06321395270615973,0.019708451652066993,0.8783298354882301
2025-01-08,Infra,-0.06264285676359505,-0.07624325508717648,-0.12897324630708065,-0.10875161915507721,0.032508364067900725,-0.00917000973751951,1.0007594964175097
2025-01-08,IT,0.5957195725083908,-0.028844682751630508,0.05827179816431808,0.033715966560177786,-0.0625606493118083,0.03822856259802647,1.4692793984869545
2025-01-08,Media,-0.7298289293701576,-0.2046650062606932,-0.20680417070782256,-0.15203716460499106,-0.05262784165570214,-0.13759176091103623,1.501475484148305
2025-01-08,Metal,-0.6699290429172833,-0.15263039688663751,-0.2498853762056822,-0.09942962573600192,-0.053200771150635595,-0.08555715153698054,1.4716196024047945
2025-01-08,Pharma,-0.9361374883986584,0.15904104240914668,-0.0368649708398755,0.010432074744227323,0.14860896766491935,0.22611428775880366,0.983134343028794
2025-01-08,Realty,-0.15684497835797284,-0.02485365799430855,-0.022654301877873723,-0.005157760624485213,-0.019695897369823336,0.04221958735534842,1.7400805217040278
2025-01-08,Banking,-0.7312389363316241,-0.1503902713538204,-0.03935316421685616,-0.024329810773059648,-0.12606046058076076,-0.08331702600416344,0.9949850623136581
2025-01-08,NIFTY50,-0.07993610384197103,-0.06707324534965697,-0.08392650139787443,-0.06327198635381398,-0.003801258995842993,0.0,0.8435028063871604
2025-01-09,Auto,-0.2779236367304483,-0.021566175160019723,-0.20289884605764846,-0.12084460376410829,0.09927842860408856,0.07944267151281603,1.3016454034203468
2025-01-09,Energy,-2.0264560246587515,-0.2554828393119875,-0.3050085187284525,-0.2591455159315365,0.003662676619548999,-0.15447399263915174,1.154938569901908
2025-01-09,FMCG,0.9268426009136466,-0.027440379310747314,-0.13122771610811063,-0.09846509875605192,0.0710247194453046,0.07356846736208844,0.8783298354882301
2025-01-09,Infra,-1.1590706413777574,-0.1293268715231403,-0.1563191465655391,-0.12823517404016918,-0.0010916974829711101,-0.028318024850304532,1.0007594964175097
2025-01-09,IT,-1.1637664936374525,-0.06255213477130428,0.017733139986647606,0.015668096646883498,-0.07822023141818778,0.03845671190153148,1.4692793984869545
2025-01-09,Media,-0.7681123535770773,-0.262862716759521,-0.20295742931469848,-0.15662603924069596,-0.10623667751882504,-0.16185387008668523,1.501475484148305
2025-01-09,Metal,-1.227191922342652,-0.21994769089844102,-0.26569059487779784,-0.11725102683196843,-0.10269666406647258,-0.11893884422560526,1.4716196024047945
2025-01-09,Pharma,-0.6214392290133763,0.15853583991650305,-0.05413073588095544,-0.012963566932849835,0.1714994068493529,0.2595446865893388,0.983134343028794
2025-01-09,Realty,-2.729502974272824,-0.10207168568884485,-0.09497349007580998,-0.0557852593441187,-0.04628642634472615,-0.0010628390160090928,1.7400805217040278
2025-01-09,Banking,-0.6652963648122623,-0.17961143658129916,-0.07143579153996273,-0.03602826700358719,-0.14358316957771197,-0.0786025899084634,0.9949850623136581
2025-01-09,NIFTY50,-0.6857594959147506,-0.10100884667283576,-0.1062847359205016,-0.07460015861239763,-0.026408688060438126,0.0,0.8435028063871604
2025-01-10,Auto,-1.2334124074714459,-0.008443312794947921,-0.20954027951393525,-0.13024444613585207,0.12180113334090414,0.056488769371122086,1.3016454034203468
2025-01-10,Energy,-2.037887221990431,-0.29864675762266296,-0.3288875161243163,-0.28243750630059694,-0.01620925132206602,-0.23371467545659297,1.154938569901908
2025-01-10,FMCG,-0.6572717451076793,-0.03082117310993578,-0.1484723888027014,-0.11491026882245779,0.08408909571252202,0.03411090905613423,0.8783298354882301
2025-01-10,Infra,-1.1618886047626065,-0.13039719334377198,-0.17699596489586428,-0.13813909741360086,0.007741904069828887,-0.06546511117770197,1.0007594964175097
2025-01-10,IT,3.438842770772821,0.131583775657886,0.08054598663774502,0.049000661050021536,0.08258311460786447,0.19651585782395603,1.4692793984869545
2025-01-10,Media,-3.593840661410308,-0.39327528101091747,-0.27322842536788594,-0.19130433471732264,-0.20197094629359483,-0.3283431988448475,1.501475484148305
2025-01-10,Metal,-1.6180717643855203,-0.2655383532325606,-0.2686049164241357,-0.12364037619002423,-0.14189797704253637,-0.2006062710664906,1.4716196024047945
2025-01-10,Pharma,-2.13069738335514,0.10278308019858702,-0.08089371160790486,-0.025623809410811636,0.12840688960939867,0.16771516236465703,0.983134343028794
2025-01-10,Realty,-2.765723637473483,-0.19572587218386026,-0.17527400965158127,-0.08387855813859037,-0.11184731404526989,-0.13079379001779023,1.7400805217040278
2025-01-10,Banking,-1.5541356924257843,-0.20624479201270196,-0.10020396378992251,-0.05521246552979932,-0.15103232648290266,-0.14131270984663197,0.9949850623136581
2025-01-10,NIFTY50,-0.4037999702463213,-0.06493208216607001,-0.10833206058311212,-0.08097121396317045,0.01603913179710044,0.0,0.8435028063871604
2025-01-13,Auto,-2.760912773837587,-0.13416793970979649,-0.23436859182841774,-0.15935504299545528,0.02518710328565879,0.010161733266315864,1.3016454034203468
2025-01-13,Energy,-3.318911746510389,-0.45459541913932083,-0.38505239854678686,-0.31156646793777093,-0.1430289512015499,-0.31026574616320846,1.154938569901908
2025-01-13,FMCG,-1.2212515398747237,-0.08525708630034841,-0.16258535676709374,-0.12685703971903653,0.04159995341868812,0.05907258667576394,0.8783298354882301
2025-01-13,Infra,-2.490935116252424,-0.26449871346897397,-0.2210792906790506,-0.16248877341400497,-0.102009940054969,-0.12016904049286162,1.0007594964175097
2025-01-13,IT,-1.368314904896939,0.07220358185829075,0.0772659088177922,0.03701089208711138,0.03519268977117937,0.2165332548344031,1.4692793984869545
2025-01-13,Media,-4.539329756879407,-0.5927654984766435,-0.3408699786483947,-0.22574736578005558,-0.3670181326965879,-0.4484358255005312,1.501475484148305
2025-01-13,Metal,-3.771051383475821,-0.41695174129431245,-0.32798150088444555,-0.15928525619105527,-0.2576664851032572,-0.27262206831820013,1.4716196024047945
2025-01-13,Pharma,-2.1335204352563197,-0.046817559797756404,-0.11020127204709536,-0.05062747719508839,0.0038099173973319828,0.09751211317835595,0.983134343028794
2025-01-13,Realty,-6.467350626226542,-0.39439958798927816,-0.2921759898024406,-0.1499228882458935,-0.24447669974338465,-0.2500699150131658,1.7400805217040278
2025-01-13,Banking,-1.4217924385990233,-0.2631902410197384,-0.1205306557725196,-0.07640053773859704,-0.1867897032811414,-0.11886056804362607,0.9949850623136581
2025-01-13,NIFTY50,-1.4747275302477436,-0.14432967297611235,-0.12718739373779506,-0.09740764018802861,-0.04692203278808374,0.0,0.8435028063871604
2025-01-14,Auto,2.014099481732168,-0.09998852278153558,-0.14176024363718512,-0.13269125540471363,0.03270273262317805,0.051354301879782016,1.3016454034203468
2025-01-14,Energy,2.895648794676564,-0.3680740924471882,-0.32381288315978213,-0.27357103474482236,-0.09450305770236583,-0.2167312677858706,1.154938569901908
2025-01-14,FMCG,-1.4054362505415918,-0.13056903252832966,-0.15874066015278482,-0.14697354323759884,0.016404510709269182,0.02077379213298794,0.8783298354882301
2025-01-14,Infra,1.0615579191806113,-0.25563723180821746,-0.18591881847605168,-0.15061669401129862,-0.10502053779691883,-0.10429440714689986,1.0007594964175097
2025-01-14,IT,-2.1316397618204252,-0.029811666337048088,0.021861556614203675,0.02371855387166987,-0.05353022020871796,0.12153115832426951,1.4692793984869545
2025-01-14,Media,2.967859682430918,-0.5279747141100366,-0.2550268003957458,-0.19368623427497664,-0.33428847983505994,-0.376631889448719,1.501475484148305
2025-01-14,Metal,3.9760531036979296,-0.3211665490527541,-0.23803560625052897,-0.10679283943035472,-0.21437370962239938,-0.1698237243914365,1.4716196024047945
2025-01-14,Pharma,1.37216812318679,-0.03255316056331522,-0.07217957317731967,-0.04359343098257276,0.011040270419257543,0.11878966409800237,0.983134343028794
2025-01-14,Realty,0.7991134525006993,-0.46921789944362285,-0.21618184261145218,-0.1482712020934011,-0.32094669735022174,-0.31787507478230526,1.7400805217040278
2025-01-14,Banking,1.4318912132802453,-0.21887985452765932,-0.08018447631569113,-0.054281469977007904,-0.1645983845506514,-0.06753702986634172,0.9949850623136581
2025-01-14,NIFTY50,0.3902874499386977,-0.1513428246613176,-0.10590222403409251,-0.08950435516975583,-0.06183846949156177,0.0,0.8435028063871604
2025-01-15,Auto,-0.5268712551928845,-0.13913329536520727,-0.16092516474742508,-0.1343060607832665,-0.004827234581940759,0.03173329845148953,1.3016454034203468
2025-01-15,Energy,0.7550378525519319,-0.38011492926967777,-0.3202794513359625,-0.25649190739391503,-0.12362302187576274,-0.20924833545298097,1.154938569901908
2025-01-15,FMCG,-0.13904646887907823,-0.12209315395098026,-0.1526192392149896,-0.14777768073664824,0.025684526785667974,0.04877343986571654,0.8783298354882301
2025-01-15,Infra,0.9650208582956843,-0.2618436736717045,-0.17850191364619056,-0.13364592505773168,-0.12819774861397285,-0.09097707985500772,1.0007594964175097
2025-01-15,IT,0.7896918511780093,-0.019406212330841388,0.05950969443727786,0.02741121295000358,-0.04681742528084497,0.15146038148585542,1.4692793984869545
2025-01-15,Media,-1.3565552056018282,-0.657549066509141,-0.300637051986399,-0.2177669157044193,-0.4397821508047217,-0.48668247269244425,1.501475484148305
2025-01-15,Metal,0.16268757559720903,-0.3568557125217312,-0.2614610976706827,-0.10830567403755788,-0.24855003848417334,-0.1859891187050344,1.4716196024047945
2025-01-15,Pharma,-1.0412637771182731,-0.06659380761531015,-0.09685881814457158,-0.053835451370512544,-0.012758356244797611,0.10427278620138665,0.983134343028794
2025-01-15,Realty,1.3928609567142924,-0.43357060807823905,-0.19799554540140446,-0.12197108650256842,-0.3115995215756706,-0.2627040142615422,1.7400805217040278
2025-01-15,Banking,0.046277806965822066,-0.2548707644516124,-0.10558518411715993,-0.05534099514739019,-0.1995297693042222,-0.08400417063491558,0.9949850623136581
2025-01-15,NIFTY50,0.16028803979861728,-0.1708665938166968,-0.11024771327284912,-0.08535995648069149,-0.08550663733600532,0.0,0.8435028063871604
2025-01-16,Auto,0.6538177895675235,-0.09370661504311022,-0.1569839441195007,-0.11378864775643957,0.020082032713329354,0.0644047990711538,1.3016454034203468
2025-01-16,Energy,1.3420646051437446,-0.3110024910774571,-0.2889787867322258,-0.2234769103251793,-0.08752558075227779,-0.15289107696319307,1.154938569901908
2025-01-16,FMCG,-0.5577900818535597,-0.11648476589789958,-0.14111448092948695,-0.1448231428910941,0.028338376993194525,0.04162664821636444,0.8783298354882301
2025-01-16,Infra,1.012383357922908,-0.2131995235255502,-0.14761589839225503,-0.10631857326800771,-0.10688095025754248,-0.05508810941128617,1.0007594964175097
2025-01-16,IT,-0.48938322628956366,-0.05052118108985426,0.07287812263214824,0.03280603455451608,-0.08332721564437034,0.10759023302440976,1.4692793984869545
2025-01-16,Media,0.47614388794643414,-0.6667385206931334,-0.24548918249210552,-0.20023348410479352,-0.4665050365883399,-0.5086271065788694,1.501475484148305
2025-01-16,Metal,1.7033045889750964,-0.29425657190324267,-0.20793734369356498,-0.08313284621014141,-0.21112372569310126,-0.13614515778897865,1.4716196024047945
2025-01-16,Pharma,-0.28648832864505147,-0.07275764328155392,-0.08497138063365865,-0.051582319488447444,-0.021175323793106472,0.0853537708327101,0.983134343028794
2025-01-16,Realty,0.6732923246358435,-0.4824027355659137,-0.1634600505623777,-0.10398627658518834,-0.37841645898072535,-0.32429132145164963,1.7400805217040278
2025-01-16,Banking,1.0809879623586927,-0.2549665168494416,-0.08336159578873588,-0.023984420536307362,-0.23098209631313424,-0.09685510273517758,0.9949850623136581
2025-01-16,NIFTY50,0.4247650725383689,-0.15811141411426402,-0.09827632476721249,-0.0676955108981519,-0.09041590321611212,0.0,0.8435028063871604
2025-01-17,Auto,-0.30685282136803105,-0.12545386874497502,-0.12087348060465519,-0.11580960669854196,-0.009644262046433066,0.0810124698878153,1.3016454034203468
2025-01-17,Energy,1.199121173282447,-0.28416232708856365,-0.22933035327826368,-0.20263320058370454,-0.0815291265048591,-0.07769598845577333,1.154938569901908
2025-01-17,FMCG,1.0152997148805243,-0.10213073842721669,-0.1164705334887341,-0.15623276290024038,0.05410202447302369,0.10433560020557363,0.8783298354882301
2025-01-17,Infra,1.1979858093788875,-0.20013162942434606,-0.0964021776173853,-0.08946267463001954,-0.11066895479432652,0.006334709208444256,1.0007594964175097
2025-01-17,IT,-2.6781271136051665,-0.20480255623475552,0.041231017003861004,0.011201663220544845,-0.21600421945530035,0.001663782398034802,1.4692793984869545
2025-01-17,Media,0.22075705585398175,-0.6595396781701308,-0.19931069512317454,-0.1936272701405491,-0.4659124080295817,-0.4530733395373405,1.501475484148305
2025-01-17,Metal,1.1838066410888137,-0.2738103709137503,-0.13824262359055667,-0.062441522270939326,-0.211368848642811,-0.06734403228096,1.4716196024047945
2025-01-17,Pharma,0.6935232887185006,-0.055660830913899874,-0.05218532195316816,-0.04223708663140368,-0.013423744282496194,0.15080550771889045,0.983134343028794
2025-01-17,Realty,1.3160037072084796,-0.4301803366020266,-0.0851990459118194,-0.0867265090218313,-0.34345382758019527,-0.22371399796923627,1.7400805217040278
2025-01-17,Banking,-1.497802636740786,-0.32596028510798086,-0.08569493293454337,-0.052510659866896486,-0.2734496252410844,-0.11949394647519054,0.9949850623136581
2025-01-17,NIFTY50,-0.46586517926727744,-0.20646633863279032,-0.08525877719188484,-0.07663851144002463,-0.1298278271927657,0.0,0.8435028063871604
2025-01-20,Auto,-0.5234448103413447,-0.17435883741731514,-0.11769007220574666,-0.1242927895902811,-0.05006604782703404,0.007644451437830019,1.3016454034203468
2025-01-20,Energy,0.820066845037215,-0.2531402783982099,-0.20745811043281162,-0.20191292485277337,-0.05122735354543653,-0.07113698954306474,1.154938569901908
2025-01-20,FMCG,-0.11254448541822004,-0.11393135366685107,-0.12103232182799166,-0.1595359831757184,0.04560462950886733,0.06807193518829409,0.8783298354882301
2025-01-20,Infra,0.6064733109662601,-0.1785732355517811,-0.07284402316749797,-0.09257950394127998,-0.08599373161050111,0.0034300533033640723,1.0007594964175097
2025-01-20,IT,0.38209174272365587,-0.18534482891511975,0.00785909893061043,-0.003773739644080306,-0.18157108927103943,-0.003341540059974585,1.4692793984869545
2025-01-20,Media,0.9956282844332698,-0.6153154915071978,-0.18827599503409584,-0.21242436818353075,-0.40289112332366706,-0.4333122026520526,1.501475484148305
2025-01-20,Metal,1.075482731872146,-0.2790408673837759,-0.11610603053873643,-0.05747663254428485,-0.22156423483949106,-0.09703757852863076,1.4716196024047945
2025-01-20,Pharma,0.5471073224152079,-0.03317250228596821,-0.017031843992100597,-0.04810730113819519,0.014934798852226983,0.14883078656917695,0.983134343028794
2025-01-20,Realty,0.6494517525618804,-0.40682587264929126,-0.07337263574373513,-0.08933030146469402,-0.31749557118459726,-0.2248225837941461,1.7400805217040278
2025-01-20,Banking,1.6691165594781454,-0.2644745247185169,-0.05728621283013584,-0.03732317642446451,-0.2271513482940524,-0.08247123586337174,0.9949850623136581
2025-01-20,NIFTY50,0.6100485537167577,-0.18200328885514516,-0.07259869339078591,-0.07452536089886472,-0.10747792795628044,0.0,0.8435028063871604
2025-01-21,Auto,-1.6258151086297468,-0.20278788772848463,-0.1361677374574688,-0.12862529040053608,-0.07416259732794855,0.016979086958545858,1.3016454034203468
2025-01-21,Energy,-1.8931665829094335,-0.3027335874780686,-0.24445732928004987,-0.2067155020852894,-0.0960180853927792,-0.08296661279103812,1.154938569901908
2025-01-21,FMCG,-0.20704409668523827,-0.0467303175438046,-0.07731676313180189,-0.16498820879808226,0.11825789125427766,0.17303665714322589,0.8783298354882301
2025-01-21,Infra,-1.6842421002984054,-0.23900574762376134,-0.10299284954528032,-0.1006222451958531,-0.13838350242790826,-0.019238772936730847,1.0007594964175097
2025-01-21,IT,-1.172834117046595,-0.23308267001988547,-0.008441416548934192,-0.012352404918104644,-0.22073026510178084,-0.013315695332854982,1.4692793984869545
2025-01-21,Media,-1.4918008636648383,-0.5977993450650331,-0.21034753428695116,-0.21231223181571682,-0.3854871132493163,-0.3780323703780026,1.501475484148305
2025-01-21,Metal,-0.94330317106327,-0.33109325237974496,-0.12791897860733037,-0.05242489197253933,-0.27866836040720566,-0.11132627769271447,1.4716196024047945
2025-01-21,Pharma,-1.3501694799746722,-0.0595091387960874,-0.0468921905674378,-0.06136779912487129,0.001858660328783887,0.16025783589094308,0.983134343028794
2025-01-21,Realty,-4.120162075186329,-0.5534764622672694,-0.1231547607688301,-0.12216699938694084,-0.43130946288032856,-0.33370948758023894,1.7400805217040278
2025-01-21,Banking,-1.5803235842250185,-0.31081353918017846,-0.09312774105476485,-0.04919806299027428,-0.26161547618990416,-0.09104656449314796,0.9949850623136581
2025-01-21,NIFTY50,-1.3711845677293555,-0.2197669746870305,-0.0929895315615148,-0.08431856337405817,-0.1354484113129723,0.0,0.8435028063871604
2025-01-22,Auto,-0.12935188845349943,-0.205977993381069,-0.10231455277005788,-0.15379859465271106,-0.052179398728357945,-0.006344350480060101,1.3016454034203468
2025-01-22,Energy,-1.466985677747501,-0.3305973399671373,-0.23223979800944408,-0.24628061859986514,-0.08431672136727217,-0.1309636970661284,1.154938569901908
2025-01-22,FMCG,-0.04781803275671903,-0.05243617164236677,-0.0927150070157412,-0.178301022004486,0.12586485036211922,0.14719747125864213,0.8783298354882301
2025-01-22,Infra,-0.28822667203201036,-0.2318621567458334,-0.07763044763023733,-0.130244796023223,-0.1016173607226104,-0.0322285138448245,1.0007594964175097
2025-01-22,IT,2.14099258291236,-0.18905907119380375,0.031236428341568184,-0.00632117970775904,-0.18273789148604472,0.01057457170720516,1.4692793984869545
2025-01-22,Media,-1.800738007380076,-0.6350573609522824,-0.20370428775169203,-0.23649575642631632,-0.39856160452596606,-0.43542371805127345,1.501475484148305
2025-01-22,Metal,-0.7249049144602115,-0.3623426222358213,-0.09965256562516271,-0.09280396025829875,-0.2695386619775226,-0.1627089793348124,1.4716196024047945
2025-01-22,Pharma,0.6948294120560972,-0.033710910076408064,-0.03558860680241416,-0.06365778965205503,0.029946879575646963,0.16592273282460085,0.983134343028794
2025-01-22,Realty,-4.5620074478511015,-0.7533656783118495,-0.17974645007222065,-0.18265042282559601,-0.5707152554862536,-0.5537320354108406,1.7400805217040278
2025-01-22,Banking,0.3160328611123475,-0.3108861365322653,-0.0638071388879478,-0.062293318278923274,-0.24859281825334206,-0.11125249363125642,0.9949850623136581
2025-01-22,NIFTY50,0.5676490914416465,-0.1996336429010089,-0.06859667912166542,-0.09898872105500778,-0.10064492184600113,0.0,0.8435028063871604
2025-01-23,Auto,1.0981223410090113,-0.18126696690937585,-0.09557787016279518,-0.14336644250316358,-0.03790052440621228,0.015469326247374099,1.3016454034203468
2025-01-23,Energy,0.18163579913454964,-0.31184202918079884,-0.231761786447812,-0.2372437058934994,-0.07459832328729943,-0.11510573602404889,1.154938569901908
2025-01-23,FMCG,0.3341064650992154,-0.055247619864823294,-0.0968833735080421,-0.16694992058837757,0.11170230072355428,0.14148867329192666,0.8783298354882301
2025-01-23,Infra,0.35182204334236467,-0.22193248545736602,-0.07825160732840378,-0.12267535155117262,-0.0992571339061934,-0.025196192300616066,1.0007594964175097
2025-01-23,IT,1.7868943107535395,-0.14060229884994335,0.054415105134837015,0.007295575615397325,-0.14789787446534067,0.0561339943068066,1.4692793984869545
2025-01-23,Media,1.4429580640312745,-0.5698076156902009,-0.21233992249612438,-0.2391013719278939,-0.33070624376230695,-0.37307132253345093,1.501475484148305
2025-01-23,Metal,0.5348107161831095,-0.34743573028155633,-0.13299997721398374,-0.09640515249231262,-0.2510305777892437,-0.15069943712480638,1.4716196024047945
2025-01-23,Pharma,1.3993749631046049,0.011267557631643443,-0.03313721856750218,-0.049439442175269493,0.06070699980691294,0.2080038507883934,0.983134343028794
2025-01-23,Realty,0.9999450362552675,-0.7261372272389809,-0.18600200555206298,-0.1907969724999428,-0.5353402547390381,-0.529400934082231,1.7400805217040278
2025-01-23,Banking,-0.2778863194661696,-0.3085554056260224,-0.0839230974995762,-0.06893608472953135,-0.23961932089649107,-0.11181911246927245,0.9949850623136581
2025-01-23,NIFTY50,0.21593282262408753,-0.19673629315674995,-0.07591207813561097,-0.09517150791025614,-0.10156478524649382,0.0,0.8435028063871604
2025-01-24,Auto,-1.5449141703749114,-0.20599485723857427,-0.09518705253324895,-0.16091086674190386,-0.04508399049667042,-0.005599059819375973,1.3016454034203468
2025-01-24,Energy,-1.7806651787516503,-0.3458324781567172,-0.27150598633018885,-0.2659721530396486,-0.07986032511706859,-0.1454366807375189,1.154938569901908
2025-01-24,FMCG,0.5154921089364661,-0.0016523301026364716,-0.08691927312961958,-0.15326750955182764,0.15161517944919117,0.19874346731656184,0.8783298354882301
2025-01-24,Infra,-0.8545083168188694,-0.22874200231216815,-0.09958212141751983,-0.13393169126321885,-0.0948103110489493,-0.02834620489296985,1.0007594964175097
2025-01-24,IT,0.39756540970088405,-0.1531710778573925,0.06791034889573518,0.012780776360628267,-0.16595185421802078,0.047224719561805795,1.4692793984869545
2025-01-24,Media,-2.598902094291744,-0.5800189634907508,-0.26091854838030987,-0.2790186546004091,-0.3010003088903417,-0.37962316607155244,1.501475484148305
2025-01-24,Metal,-0.9012923623293423,-0.3859493902832082,-0.15886203629396486,-0.11318410889815135,-0.27276528138505685,-0.18555359286400988,1.4716196024047945
2025-01-24,Pharma,-2.107568596221776,-0.04802952945418881,-0.04960774860245839,-0.07243528903284896,0.024405759578660147,0.1523662679650095,0.983134343028794
2025-01-24,Realty,-2.3062863834878544,-0.7893066731423574,-0.24823151595253354,-0.22280223789721237,-0.5665044352451449,-0.588910875723159,1.7400805217040278
2025-01-24,Banking,-0.45524546450842474,-0.3128107366664338,-0.12602128129945397,-0.0785959534469237,-0.23421478321951006,-0.11241493924723547,0.9949850623136581
2025-01-24,NIFTY50,-0.48760476583936674,-0.2003957974191983,-0.09278325564628226,-0.10178342212248129,-0.09861237529671701,0.0,0.8435028063871604
2025-01-27,Auto,-0.9047905057781414,-0.2520459741501757,-0.1106484621379176,-0.1738354716852004,-0.07821050246497532,0.016139122416195473,1.3016454034203468
2025-01-27,Energy,-2.5433243900013003,-0.4458474308941792,-0.3111994066375906,-0.2963063607144493,-0.1495410701797299,-0.17766233432780804,1.154938569901908
2025-01-27,FMCG,-0.7398900663896035,-0.06922074669176974,-0.11459456411394454,-0.16302709599522439,0.09380634930345465,0.19896434987460143,0.8783298354882301
2025-01-27,Infra,-1.593354639188449,-0.32143558622501545,-0.12708677529164011,-0.15543895481275388,-0.16599663141226156,-0.05325048965864426,1.0007594964175097
2025-01-27,IT,-3.362280417548824,-0.28670163107618724,0.026260284893364065,-0.026175940656304835,-0.2605256904198824,-0.01851653450981605,1.4692793984869545
2025-01-27,Media,-4.7310453234124195,-0.718209934338179,-0.3786920265290474,-0.318368847284335,-0.399841087053844,-0.45002483777180785,1.501475484148305
2025-01-27,Metal,-2.950656559735998,-0.4603065738951036,-0.20870001153776888,-0.14130799968028857,-0.31899857421481503,-0.19212147732873242,1.4716196024047945
2025-01-27,Pharma,-2.6521991140197154,-0.12564692755886933,-0.0771121629746402,-0.09881944504086637,-0.02682748251800296,0.14253816900750185,0.983134343028794
2025-01-27,Realty,-1.048563333727337,-0.8095780885582103,-0.2643767205681341,-0.24126828798162944,-0.5683098005765809,-0.5413929919918392,1.7400805217040278
2025-01-27,Banking,-0.6267647874275917,-0.35671279687600943,-0.12011949028501685,-0.08631632616538999,-0.27039647071061945,-0.08852770030963825,0.9949850623136581
2025-01-27,NIFTY50,-1.1391241935562957,-0.2681850965663712,-0.10318561678250515,-0.1159636760571112,-0.15222142050925996,0.0,0.8435028063871604
2025-01-28,Auto,1.3368009408945003,-0.20992572990088057,-0.08276668462070647,-0.1550368703632749,-0.054888859537605666,0.0260903708687861,1.3016454034203468
2025-01-28,Energy,-1.3926134485647612,-0.472170659298589,-0.33465565918603074,-0.3040135299512593,-0.16815712934732968,-0.2361545585289223,1.154938569901908
2025-01-28,FMCG,-0.3819112223629739,-0.07185786479097438,-0.10573217787650137,-0.1660441519205706,0.09418628712959622,0.16415823597869228,0.8783298354882301
2025-01-28,Infra,0.04622610221867163,-0.3106971355151363,-0.13292542948857142,-0.1499563979598781,-0.16074073755525817,-0.07468103474546961,1.0007594964175097
2025-01-28,IT,-0.5707246567669744,-0.2809264776012729,0.06718789623752515,0.0014110200463355069,-0.2823374976476084,-0.0449103768316062,1.4692793984869545
2025-01-28,Media,-1.2454890745649094,-0.8081925099821936,-0.4298357548108759,-0.328870104361329,-0.4793224056208646,-0.572176409212527,1.501475484148305
2025-01-28,Metal,-0.39499878075754946,-0.441143893516351,-0.21250022418390355,-0.13651265132766896,-0.3046312421886821,-0.20512779274668436,1.4716196024047945
2025-01-28,Pharma,-2.328077068644052,-0.21802279951940767,-0.14277395999626777,-0.10765459398633936,-0.11036820553306831,0.017993301250258997,0.983134343028794
2025-01-28,Realty,2.166711976924862,-0.8405753260688882,-0.2257674765022405,-0.21464056086971922,-0.6259347651991689,-0.6045592252992216,1.7400805217040278
2025-01-28,Banking,1.6690086187629793,-0.3009268156046171,-0.0816173404139997,-0.0797316026096499,-0.2211952129949672,-0.06491071483495042,0.9949850623136581
2025-01-28,NIFTY50,0.5611229817278129,-0.23601610076966667,-0.08455561101905151,-0.10793675938878035,-0.12807934138088634,0.0,0.8435028063871604
2025-01-29,Auto,1.4471660184512292,-0.10946724852250973,-0.07926558761536473,-0.14340097652632727,0.03393372800381754,0.051764254460208506,1.3016454034203468
2025-01-29,Energy,2.0075955710648685,-0.35164413504136943,-0.3153468215770907,-0.28108247622857313,-0.0705616588127963,-0.1904126320586512,1.154938569901908
2025-01-29,FMCG,-0.5030458730799436,-0.07511863261172962,-0.12059678121837927,-0.17783695557599313,0.10271832296426352,0.08611287037098862,0.8783298354882301
2025-01-29,Infra,0.5877267446652512,-0.23388283937374243,-0.13177177677453558,-0.14104056531026926,-0.09284227406347317,-0.0726513363910242,1.0007594964175097
2025-01-29,IT,2.615577719065576,-0.17622813005640062,0.10970442342427038,0.03426649556025896,-0.21049462561665958,-0.014996627073682378,1.4692793984869545
2025-01-29,Media,2.5385634886804898,-0.7243305898531673,-0.3943366654626349,-0.27346207277242807,-0.4508685170807393,-0.5630990868704491,1.501475484148305
2025-01-29,Metal,1.8535227515012354,-0.3248726062401056,-0.192946446867431,-0.10883523482943043,-0.2160373714106752,-0.16364110325738737,1.4716196024047945
2025-01-29,Pharma,1.7661578726765548,-0.13204152861863386,-0.11858672170596515,-0.08344391207407943,-0.048597616544554426,0.02918997436408438,0.983134343028794
2025-01-29,Realty,2.9087930091300285,-0.7404866423821791,-0.19321140524824124,-0.18780438316023165,-0.5526822592219475,-0.5792551393994608,1.7400805217040278
2025-01-29,Banking,0.6120665577717066,-0.2340811510819026,-0.07784477309544495,-0.07898038294573016,-0.15510076813617246,-0.07284964809918437,0.9949850623136581
2025-01-29,NIFTY50,0.8966649288351114,-0.16123150298271824,-0.07642787047449325,-0.09964852423495676,-0.061582978747761474,0.0,0.8435028063871604
2025-01-30,Auto,-0.40135033855747126,-0.09771502645534835,-0.06968405090111744,-0.168742304249606,0.07102727779425766,0.03229718515480412,1.3016454034203468
2025-01-30,Energy,1.2825168690509647,-0.2728254540700082,-0.2506225823485323,-0.2805640759037991,0.007738621833790926,-0.14281324245985572,1.154938569901908
2025-01-30,FMCG,0.7176877128676873,-0.05121646195619611,-0.08929988591329838,-0.1851674240829236,0.1339509621267275,0.07879574965395636,0.8783298354882301
2025-01-30,Infra,0.7710941088654222,-0.17862190987226376,-0.08369507641184641,-0.1487904356375132,-0.02983147423475055,-0.048609698262111284,1.0007594964175097
2025-01-30,IT,-1.1367988966433207,-0.22242299184931222,0.0912461330990592,0.01478003946924606,-0.23720303131855827,-0.09241078023915975,1.4692793984869545
2025-01-30,Media,-1.2142045984334104,-0.6903040894110134,-0.37864628978940457,-0.2906548778881946,-0.3996492115228188,-0.560291877800861,1.501475484148305
2025-01-30,Metal,-0.10712197777683619,-0.2831105557900611,-0.16857016814556905,-0.12841343664238836,-0.15469711914767276,-0.15309834417990864,1.4716196024047945
2025-01-30,Pharma,1.2084256459328646,-0.12800150184296996,-0.08610735622997485,-0.07365601248650451,-0.05434548935646545,0.0020107097671825114,0.983134343028794
2025-01-30,Realty,1.7792779046136076,-0.6656680992318869,-0.11466836419262695,-0.2019188149091331,-0.46374928432275375,-0.5356558876217343,1.7400805217040278
2025-01-30,Banking,0.29695348573544056,-0.18031956654538975,-0.05810250802436393,-0.09151029112071664,-0.08880927542467311,-0.050307354935237275,0.9949850623136581
2025-01-30,NIFTY50,0.3730087599762788,-0.13001221161015247,-0.04902143503381343,-0.11190447287715541,-0.018107738732997064,0.0,0.8435028063871604
2025-01-31,Auto,1.6532066285586788,-0.018176060904170344,-0.060965583495369846,-0.16766856183923326,0.14949250093506292,0.040672644981359175,1.3016454034203468
2025-01-31,Energy,2.632923890929373,-0.15230387895806294,-0.22056215160345763,-0.26480605989801054,0.1125021809399476,-0.09345517307253343,1.154938569901908
2025-01-31,FMCG,2.039275428948595,0.03505313535591433,-0.04959503691572979,-0.16983638937992174,0.20488952473583608,0.09390184124144385,0.8783298354882301
2025-01-31,Infra,1.4805426452382475,-0.10481473472630842,-0.06365544183328094,-0.1452661433668745,0.04045140864056607,-0.045966028840778904,1.0007594964175097
2025-01-31,IT,0.5564935510939728,-0.16194539761187748,0.10040554415284027,0.026674902223414978,-0.18862029983529247,-0.10309669172634797,1.4692793984869545
2025-01-31,Media,0.9002953335337516,-0.6305353286764684,-0.35977616162582565,-0.2886768605688288,-0.34185846810763965,-0.571686622790939,1.501475484148305
2025-01-31,Metal,1.204255493388362,-0.20889990285566892,-0.1958328703111571,-0.12100524232614984,-0.08789466052951908,-0.1500511969701394,1.4716196024047945
2025-01-31,Pharma,0.0884665174474275,-0.18231713755816706,-0.08632247120023306,-0.07890351306885596,-0.1034136244893111,-0.12346843167263755,0.983134343028794
2025-01-31,Realty,1.9417999590622737,-0.5735231664803171,-0.09268443529509858,-0.20510527200505635,-0.36841789447526074,-0.5146744605947876,1.7400805217040278
2025-01-31,Banking,0.558181139380598,-0.12566593743471394,-0.08108154044190148,-0.09176513684617174,-0.033900800588542196,-0.06681723154918442,0.9949850623136581
2025-01-31,NIFTY50,1.1135740150325812,-0.05884870588552952,-0.0456002994809492,-0.10591185615420037,0.047063150268670854,0.0,0.8435028063871604
2025-02-01,Auto,0.0,0.052750283872629034,-0.0818202948536297,-0.17243745278610031,0.22518773665872935,0.06463583300553966,1.3016454034203468
2025-02-01,Energy,0.0,-0.08516626774135079,-0.24787770671121365,-0.27344868724711746,0.18828241950576668,-0.07328071860844017,1.154938569901908
2025-02-01,FMCG,0.0,0.06812047297302115,-0.05564769537797831,-0.16131427139736132,0.22943474437038247,0.08000602210593177,0.8783298354882301
2025-02-01,Infra,0.0,-0.03540367959485535,-0.09262079042814397,-0.1471420495150755,0.11173836992022015,-0.02351813046194473,1.0007594964175097
2025-02-01,IT,0.0,-0.07421548152975392,0.033824865758965705,0.01988715956929041,-0.09410264109904433,-0.0623299323968433,1.4692793984869545
2025-02-01,Media,0.0,-0.5739528838514448,-0.3832734919461646,-0.28881054575530646,-0.28514233809613837,-0.5620673347185342,1.501475484148305
2025-02-01,Metal,0.0,-0.14802338911511242,-0.22231778037633024,-0.15397489315683963,0.005951504041727201,-0.1361378399822018,1.4716196024047945
2025-02-01,Pharma,0.0,-0.15352581356255282,-0.10537846688854084,-0.0815042933273232,-0.07202152023522962,-0.1416402644296422,0.983134343028794
2025-02-01,Realty,0.0,-0.443150708095054,-0.13572084769608528,-0.20175065244050994,-0.2414000556545441,-0.4312651589621434,1.7400805217040278
2025-02-01,Banking,0.0,-0.0728956074557996,-0.08459792426151802,-0.08894762792498936,0.01605202046918977,-0.06101005832288897,0.9949850623136581
2025-02-01,NIFTY50,-0.11166221250199504,-0.011885549132910622,-0.06609778762203329,-0.10721035853944373,0.09532480940653311,0.0,0.8435028063871604
2025-02-03,Auto,2.0089576451944646,0.12300015636818706,-0.02586951669988106,-0.14879082608069794,0.271790982448885,0.17552758866665222,1.3016454034203468
2025-02-03,Energy,-5.069097737376971,-0.2767795945046292,-0.30825331899834496,-0.33884353251326194,0.062063938008632746,-0.22425216220616404,1.154938569901908
2025-02-03,FMCG,1.283430138717745,0.07887256239589228,-0.01795921191921827,-0.14241085607410625,0.22128341846999855,0.13139999469435745,0.8783298354882301
2025-02-03,Infra,-2.7891249644397154,-0.15112908089221908,-0.12227419481901738,-0.183026013916914,0.03189693302469493,-0.09860164859375392,1.0007594964175097
2025-02-03,IT,-0.8168718612841408,-0.10580821775349691,0.03159254918270812,0.018254343629934895,-0.1240625613834318,-0.05328078545503175,1.4692793984869545
2025-02-03,Media,1.8699603751384242,-0.49846679689754086,-0.34857790778843134,-0.30072861884257,-0.19773817805497085,-0.4459393645990757,1.501475484148305
2025-02-03,Metal,-2.9114169230137876,-0.2746285357570103,-0.22534493474059483,-0.1910889398829798,-0.08353959587403048,-0.22210110345854514,1.4716196024047945
2025-02-03,Pharma,-0.35916525054335846,-0.17589730731722358,-0.08275821422902672,-0.08839875029293029,-0.0874985570242933,-0.12336987501875843,0.983134343028794
2025-02-03,Realty,3.0770106227076655,-0.3894786003533886,-0.06053479346870892,-0.1748849582349257,-0.2145936421184629,-0.3369511680549234,1.7400805217040278
2025-02-03,Banking,-0.7595678792795768,-0.1348845625827396,-0.08448603402363251,-0.10012645375344223,-0.03475810882929736,-0.08235713028427444,0.9949850623136581
2025-02-03,NIFTY50,-0.5157091976693451,-0.05252743229846516,-0.055312898072943005,-0.11567107908655413,0.06314364678808898,0.0,0.8435028063871604
2025-02-04,Auto,0.8918882893213853,0.13384478838074662,-0.01049372106420976,-0.1640013108616793,0.2978460992424259,0.12878750223872676,1.3016454034203468
2025-02-04,Energy,2.235416221922537,-0.19630983599559432,-0.245909006863434,-0.31603167510013735,0.11972183910454304,-0.20136712213761418,1.154938569901908
2025-02-04,FMCG,-0.2522687142778923,0.052397055877243526,-0.027295685096360527,-0.15598549328906855,0.20838254916631208,0.04733976973522366,0.8783298354882301
2025-02-04,Infra,2.4039984474922393,-0.06901783394277865,-0.07112524749539977,-0.1608811470911463,0.09186331314836764,-0.07407512008479852,1.0007594964175097
2025-02-04,IT,1.2902254411929714,-0.050673611844268183,0.0412107617870916,0.02729559719210295,-0.07796920903637114,-0.05573089798628805,1.4692793984869545
2025-02-04,Media,0.736114748820138,-0.46276222845986936,-0.3014379739651139,-0.2970942533384941,-0.16566797512137527,-0.46781951460188925,1.501475484148305
2025-02-04,Metal,1.79396203283404,-0.18716232563819749,-0.18054962322841817,-0.1948563905729513,0.007694064934753803,-0.19221961178021735,1.4716196024047945
2025-02-04,Pharma,1.7430792458612787,-0.11585267851223711,-0.05483892878093717,-0.0691220261688203,-0.04673065234341682,-0.12090996465425699,0.983134343028794
2025-02-04,Realty,0.552806142204787,-0.368262642057597,-0.0029880014645409458,-0.16987331845563544,-0.19838932360196157,-0.3733199281996169,1.7400805217040278
2025-02-04,Banking,1.9251937287013021,-0.06521614623408574,-0.04099331066300505,-0.08435658269653855,0.01914043646245281,-0.07027343237610562,0.9949850623136581
2025-02-04,NIFTY50,1.6189306820631133,0.005057286142019872,-0.02480787118444479,-0.10673708733191288,0.11179437347393276,0.0,0.8435028063871604
2025-02-05,Auto,-0.07627420073085256,0.10330375477025681,-0.006461494460105281,-0.16947569554720543,0.27277945031746226,0.10744488758978044,1.3016454034203468
2025-02-05,Energy,1.3641186217984602,-0.15792692326164465,-0.21639486058630214,-0.31094134382025485,0.1530144205586102,-0.153785790442121,1.154938569901908
2025-02-05,FMCG,-1.555572060443633,0.011252368684124455,-0.03850134315350399,-0.1680388750157733,0.17929124369989777,0.015393501503648082,0.8783298354882301
2025-02-05,Infra,0.07821195439641215,-0.07573848399055579,-0.05993768381618895,-0.16297865339733925,0.08724016940678346,-0.07159735117103216,1.0007594964175097
2025-02-05,IT,0.06556563667978743,-0.048133266199168835,0.020894468216649347,0.024026110057834654,-0.07215937625700349,-0.04399213337964521,1.4692793984869545
2025-02-05,Media,1.7944670642762173,-0.3542134133663384,-0.24981181738552774,-0.25998215748057557,-0.09423125588576281,-0.3500722805468148,1.501475484148305
2025-02-05,Metal,1.5135839052970335,-0.13204098333962558,-0.1387350875157578,-0.1868179472087229,0.054776963869097334,-0.12789985052010194,1.4716196024047945
2025-02-05,Pharma,0.6190811430346166,-0.11792022790344342,-0.029881732185971416,-0.07506001742260238,-0.04286021048084104,-0.1137790950839198,0.983134343028794
2025-02-05,Realty,-1.8482668399857571,-0.4376252779039084,-0.031294968354558236,-0.17715053477848272,-0.26047474312542573,-0.4334841450843848,1.7400805217040278
2025-02-05,Banking,0.3690373418034465,-0.04886147362228218,-0.045042566826853,-0.06920028460805662,0.02033881098577444,-0.04472034080275855,0.9949850623136581
2025-02-05,NIFTY50,-0.1809207062143936,-0.004141132819523626,-0.02734709814234663,-0.1071748472117135,0.10303371439218988,0.0,0.8435028063871604
2025-02-06,Auto,-0.928048116584046,0.039882048144866955,0.010404250477826412,-0.1563041053392743,0.19618615348414126,0.06596878858684467,1.3016454034203468
2025-02-06,Energy,-0.8567862345346788,-0.17509531169325043,-0.20706517953757017,-0.30728348589689325,0.13218817420364282,-0.14900857125127273,1.154938569901908
2025-02-06,FMCG,-0.9611798057951093,-0.03182242572403182,-0.027396347616936434,-0.17357020499487025,0.14174777927083843,-0.00573568528205411,0.8783298354882301
2025-02-06,Infra,-0.8151709361567838,-0.08968139362983167,-0.05366682266098396,-0.15892861754715307,0.0692472239173214,-0.06359465318785396,1.0007594964175097
2025-02-06,IT,0.3092881627009936,-0.042186378368951706,0.0252959695253178,0.03708678096902315,-0.07927315933797485,-0.016099637926973994,1.4692793984869545
2025-02-06,Media,-0.7511751878880757,-0.39188739519445603,-0.2522977076966419,-0.28078044862348867,-0.11110694657096737,-0.3658006547524783,1.501475484148305
2025-02-06,Metal,-0.7529188177556878,-0.1251309313868824,-0.12637302422924546,-0.20994943695418,0.08481850556729761,-0.09904419094490467,1.4716196024047945
2025-02-06,Pharma,0.642708833481942,-0.13990854901391955,-0.004800047550454489,-0.056679697321932385,-0.08322885169198717,-0.11382180857194184,0.983134343028794
2025-02-06,Realty,-2.1871332835787904,-0.4922732824936508,-0.07076588839152205,-0.18276446674499322,-0.30950881574865763,-0.4661865420516731,1.7400805217040278
2025-02-06,Banking,0.07756935792326836,-0.0554348174311281,-0.020651753323807826,-0.05066690993021865,-0.004767907500909455,-0.02934807698915039,0.9949850623136581
2025-02-06,NIFTY50,-0.39226026346081966,-0.026086740441977712,-0.016083217905804765,-0.09591007141458552,0.0698233309726078,0.0,0.8435028063871604
2025-02-07,Auto,0.6914487714027695,0.11066690257141316,0.058020639104130654,-0.15093382647951645,0.2616007290509296,0.1192966119798285,1.3016454034203468
2025-02-07,Energy,-0.7333667639652486,-0.17982979971751986,-0.19316455194578883,-0.307153601452114,0.12732380173459415,-0.17120009030910452,1.154938569901908
2025-02-07,FMCG,-1.3045782725628174,-0.08559276011658401,-0.04167921919829546,-0.18688893534387063,0.10129617522728662,-0.07696305070816867,0.8783298354882301
2025-02-07,Infra,-0.002426771575803066,-0.06284464451088508,-0.029597432109015887,-0.1566869175103146,0.09384227299942953,-0.05421493510246973,1.0007594964175097
2025-02-07,IT,-0.23081959615787184,-0.06894431606085234,0.03083852925719166,0.02157695555101073,-0.09052127161186307,-0.060314606652437,1.4692793984869545
2025-02-07,Media,-1.0132130395400174,-0.36326520692490866,-0.2331824698380743,-0.30983381461240267,-0.05343139231250599,-0.3546354975164933,1.501475484148305
2025-02-07,Metal,2.6561298438719128,0.0057774050040730295,-0.037722779534653535,-0.18311711919332868,0.18889452419740171,0.014407114412488372,1.4716196024047945
2025-02-07,Pharma,0.3087330727042925,-0.16334444645533022,0.02609976326037618,-0.053981993637926114,-0.10936245281740412,-0.15471473704691488,0.983134343028794
2025-02-07,Realty,0.09817020353906081,-0.43766384315194823,-0.016268840842538938,-0.17949996876606616,-0.25816387438588206,-0.4290341337435329,1.7400805217040278
2025-02-07,Banking,-0.44311371117191634,-0.04691275893002741,0.00680453474579031,-0.054426392656839025,0.0075136337268116166,-0.038283049521612066,0.9949850623136581
2025-02-07,NIFTY50,-0.18387386257991967,-0.008629709408415343,0.0034898215893989595,-0.09735262530605193,0.08872291589763659,0.0,0.8435028063871604
2025-02-10,Auto,-1.4803903660943418,0.05169457933938711,0.022416982792759683,-0.1353273768946692,0.18702195623405632,0.08554369198456757,1.3016454034203468
2025-02-10,Energy,-2.1555715241186713,-0.28575513830843224,-0.22607766341711466,-0.3021559318065061,0.01640079349807383,-0.25190602566325176,1.154938569901908
2025-02-10,FMCG,-0.46568131487656483,-0.11178632466945244,-0.023986465717581822,-0.1756199430445809,0.06383361837512845,-0.07793721202427198,0.8783298354882301
2025-02-10,Infra,-0.9625105596720918,-0.10960427197353129,-0.046034648129697854,-0.1358979144030138,0.02629364242948251,-0.07575515932835084,1.0007594964175097
2025-02-10,IT,-0.7574211804175834,-0.04615685032104189,0.01737494776826572,0.030762001873226617,-0.0769188521942685,-0.012307737675861428,1.4692793984869545
2025-02-10,Media,-2.383229499865114,-0.44050710609814386,-0.31049701230403365,-0.3126370057195221,-0.1278701003786218,-0.4066579934529634,1.501475484148305
2025-02-10,Metal,-2.6386569666324244,-0.09768362699558902,-0.08018215181733493,-0.20505016508582855,0.10736653809023952,-0.06383451435040857,1.4716196024047945
2025-02-10,Pharma,-1.8632495781809144,-0.24999251619924553,-0.0005754709330513252,-0.06906634887059918,-0.18092616732864636,-0.21614340355406508,0.983134343028794
2025-02-10,Realty,-2.9857278031593992,-0.5292880856943808,-0.08328003679193469,-0.16420260587126656,-0.36508547982311423,-0.4954389730492003,1.7400805217040278
2025-02-10,Banking,-0.35457662398508116,-0.05267729957651235,-0.00213968735858087,-0.03574604849940963,-0.01693125107710272,-0.01882818693133189,0.9949850623136581
2025-02-10,NIFTY50,-0.7570033692307909,-0.03384911264518046,-0.007262680501631813,-0.08221224578529696,0.0483631331401165,0.0,0.8435028063871604
2025-02-11,Auto,-2.330974556767096,-0.02600457255284942,-0.025840726967828465,-0.1453517739829149,0.11934720143006548,0.06583978027333015,1.3016454034203468
2025-02-11,Energy,-2.096395138060092,-0.35563497624376866,-0.24795547002840426,-0.3131800887421279,-0.04245488750164078,-0.2637906234175891,1.154938569901908
2025-02-11,FMCG,-1.9366812733928263,-0.17634236711587997,-0.07214911160029018,-0.1778110730059828,0.0014687058901028394,-0.0844980142897004,0.8783298354882301
2025-02-11,Infra,-1.7136177325966173,-0.1667248630600852,-0.06841870008439814,-0.13926084765292654,-0.02746401540715865,-0.07488051023390561,1.0007594964175097
2025-02-11,IT,-1.4748846760534895,-0.09803483764791306,0.031492954927455075,0.010386285067247838,-0.1084211227151609,-0.006190484821733483,1.4692793984869545
2025-02-11,Media,-2.8520008281442633,-0.5355738003696193,-0.3359887941732701,-0.3153260834132618,-0.22024771695635753,-0.44372944754343974,1.501475484148305
2025-02-11,Metal,-1.7429816707539514,-0.15578301602072073,-0.14093719207673197,-0.21984309511236863,0.0640600790916479,-0.06393866319454115,1.4716196024047945
2025-02-11,Pharma,-1.920784205052406,-0.3207814977576725,-0.016662832318058058,-0.08637928457816585,-0.23440221317950666,-0.22893714493149292,0.983134343028794
2025-02-11,Realty,-3.066380789316281,-0.6315007786715902,-0.14371455570190464,-0.1800551461827302,-0.45144563248885994,-0.5396564258454106,1.7400805217040278
2025-02-11,Banking,-1.1556422690622403,-0.1043329042967663,-0.027520082604473584,-0.04037514096883429,-0.06395776332793202,-0.012488551470586723,0.9949850623136581
2025-02-11,NIFTY50,-1.3249684936046169,-0.09184435282617957,-0.023757630123164564,-0.08657112251407639,-0.00527323031210318,0.0,0.8435028063871604
2025-02-12,Auto,-0.7373611515718692,-0.22316206636323757,-0.06095977129000877,-0.14843830418606746,-0.07472376217717011,-0.06490163859673936,1.3016454034203468
2025-02-12,Energy,-0.37996681829387535,-0.418283929747499,-0.24644398201412476,-0.2899072013291853,-0.1283767284183137,-0.26002350198100077,1.154938569901908
2025-02-12,FMCG,-0.10270614424403579,-0.2309225085685573,-0.07576090606327078,-0.1727866386814445,-0.05813586988711281,-0.0726620808020591,0.8783298354882301
2025-02-12,Infra,-0.12702846489596187,-0.2335809919769908,-0.06646915526626218,-0.12384199268054218,-0.10973899929644863,-0.0753205642104926,1.0007594964175097
2025-02-12,IT,-0.5606631120865457,-0.1919352332474097,0.008390650797687934,-0.003215848726125175,-0.1887193845212845,-0.03367480548091148,1.4692793984869545
2025-02-12,Media,-0.05851310980986568,-0.5609035043934452,-0.37773222180020694,-0.2753883592449176,-0.28551514514852755,-0.402643076626947,1.501475484148305
2025-02-12,Metal,0.6678060916632811,-0.1618272694457275,-0.11567205548279133,-0.1874940692072757,0.025666799761548204,-0.003566841679229299,1.4716196024047945
2025-02-12,Pharma,-0.5056552801242398,-0.35094320809188984,-0.04247326861660313,-0.08637356554231207,-0.26456964254957777,-0.19268278032539163,0.983134343028794
2025-02-12,Realty,-2.7404431534255536,-0.7206317786144488,-0.21397946813992613,-0.19795899123700353,-0.5226727873774453,-0.5623713508479506,1.7400805217040278
2025-02-12,Banking,0.15393835981993842,-0.13477694868845277,-0.03364783067656696,-0.017437587642874383,-0.11733936104557839,0.023483479078045433,0.9949850623136581
2025-02-12,NIFTY50,-0.11507892904301098,-0.1582604277664982,-0.030273247951601023,-0.07812880487166242,-0.08013162289483579,0.0,0.8435028063871604
2025-02-13,Auto,-0.2818189472774013,-0.2310016333918437,-0.05041672938801774,-0.17003777266711464,-0.06096386072472906,-0.0960804747934074,1.3016454034203468
2025-02-13,Energy,-0.09739025790581612,-0.43815707295703094,-0.2118539582815591,-0.3092210966968001,-0.12893597626023084,-0.30323591435859465,1.154938569901908
2025-02-13,FMCG,-0.7894638902845252,-0.2656562724937143,-0.06867300771381424,-0.18681533943893716,-0.07884093305477716,-0.130735113895278,0.8783298354882301
2025-02-13,Infra,-0.0511256439642338,-0.22513731116161098,-0.05244654947715107,-0.1420846450145161,-0.08305266614709489,-0.09021615256317467,1.0007594964175097
2025-02-13,IT,-1.0002856702130192,-0.1782901482912506,-0.016442744761598904,-0.019516892545601912,-0.15877325574564868,-0.043368989692814275,1.4692793984869545
2025-02-13,Media,0.4911958959025853,-0.6012512824609398,-0.3295795293055096,-0.30451181062510546,-0.2967394718358344,-0.4663301238625035,1.501475484148305
2025-02-13,Metal,0.8217940053682371,-0.13695632684752082,-0.06405671729630803,-0.16804014116293495,0.031083814315414127,-0.002035168249084507,1.4716196024047945
2025-02-13,Pharma,1.3482553375465223,-0.2649739696109931,-0.017801188820365892,-0.08735755933555392,-0.1776164102754392,-0.1300528110125568,0.983134343028794
2025-02-13,Realty,0.8101565527988575,-0.6728653795793619,-0.21599998858561156,-0.1996309833186743,-0.4732343962606876,-0.5379442209809255,1.7400805217040278
2025-02-13,Banking,-0.24171177759326756,-0.10299656212012713,-0.029327585040495412,-0.032055687169595885,-0.07094087495053125,0.03192459647830918,0.9949850623136581
2025-02-13,NIFTY50,-0.06009745771905495,-0.1349211585984363,-0.01932685902505782,-0.08853838473906218,-0.04638277385937413,0.0,0.8435028063871604
2025-02-14,Auto,-1.2307388926251939,-0.1994301677145094,-0.10032224218647633,-0.19278201863276617,-0.006648149081743215,-0.10370010859247085,1.3016454034203468
2025-02-14,Energy,-2.283710645251391,-0.4062867882740954,-0.28410661744151355,-0.32567354811025945,-0.08061324016383598,-0.3105567291520569,1.154938569901908
2025-02-14,FMCG,-0.3304886898091053,-0.21310408676327347,-0.11196968810284665,-0.17307856778798955,-0.04002551897528392,-0.11737402764123493,0.8783298354882301
2025-02-14,Infra,-1.152130691284503,-0.18404964097579116,-0.11812959079962919,-0.15347263076016293,-0.030577010215628225,-0.08831958185375262,1.0007594964175097
2025-02-14,IT,-0.010655415858562556,-0.17470422836516414,-0.07141607196378834,-0.025800597814399362,-0.14890363055076478,-0.0789741692431256,1.4692793984869545
2025-02-14,Media,-3.3956980448596963,-0.6242034939753982,-0.3807761869422978,-0.35142274048364486,-0.27278075349175335,-0.5284734348533596,1.501475484148305
2025-02-14,Metal,-1.7855490274496733,-0.09168205003781496,-0.11844090865208397,-0.1885942430926468,0.09691219305483184,0.004048009084223578,1.4716196024047945
2025-02-14,Pharma,-2.872758513035889,-0.3334438842741786,-0.08269599529592035,-0.14196137459501273,-0.19148250967916586,-0.23771382515214007,0.983134343028794
2025-02-14,Realty,-1.7372820165325487,-0.6253622564005545,-0.2978444195327547,-0.2427757258717151,-0.38258653052883945,-0.529632197278516,1.7400805217040278
2025-02-14,Banking,-0.5275590090060844,-0.05084100659156691,-0.0633487483941821,-0.037612568584111356,-0.013228438007455552,0.04488905253047163,0.9949850623136581
2025-02-14,NIFTY50,-0.4435266153706374,-0.09573005912203854,-0.06650140946663145,-0.09208046854541749,-0.0036495905766210507,0.0,0.8435028063871604
2025-02-17,Auto,-0.5321925376756242,-0.2171557792704611,-0.12067982852205321,-0.2019823625361128,-0.0151734167343483,-0.11285901405151694,1.3016454034203468
2025-02-17,Energy,0.5405219619628587,-0.429884441352556,-0.29711570570991147,-0.3231961686309253,-0.10668827272163067,-0.32558767613361184,1.154938569901908
2025-02-17,FMCG,-0.36423797488713827,-0.22554817656065224,-0.1297963792431317,-0.17216939544773102,-0.053378781112921214,-0.12125141134170808,0.8783298354882301
2025-02-17,Infra,0.17921681493862085,-0.20552481983927487,-0.15092402788021578,-0.15247142639981826,-0.053053393439456614,-0.10122805462033072,1.0007594964175097
2025-02-17,IT,-0.5759927471152171,-0.1710838365386243,-0.09201806670741663,-0.018281262609896536,-0.15280257392872776,-0.06678707131968015,1.4692793984869545
2025-02-17,Media,-0.7070367359520602,-0.6932256477865927,-0.42316177441710756,-0.354217025542693,-0.33900862224389966,-0.5889288825676485,1.501475484148305
2025-02-17,Metal,0.7658039122137472,-0.10756806304326182,-0.1126107703239047,-0.18452943721171505,0.07696137416845324,-0.003271297824317662,1.4716196024047945
2025-02-17,Pharma,1.2706848304079976,-0.3135526039669715,-0.0778339381378714,-0.1054814777466035,-0.208071126220368,-0.20925583874802733,0.983134343028794
2025-02-17,Realty,0.012024244929897954,-0.6514752498931423,-0.33449701752098326,-0.23820626189816382,-0.41326898799497847,-0.5471784846741982,1.7400805217040278
2025-02-17,Banking,0.32474746924271436,-0.05872183440994013,-0.09287951957136184,-0.04541660628402111,-0.01330522812591902,0.04557493080900402,0.9949850623136581
2025-02-17,NIFTY50,0.13192755977626813,-0.10429676521894415,-0.08623810991596424,-0.09134846997562641,-0.01294829524331774,0.0,0.8435028063871604
2025-02-18,Auto,-0.6056401675293088,-0.2214523582486505,-0.1094490244996695,-0.20486257150290585,-0.016589786745744656,-0.11775864202345591,1.3016454034203468
2025-02-18,Energy,0.3627484856991714,-0.4170959566128759,-0.27828815135530965,-0.31934233939142104,-0.09775361722145487,-0.31340224038768133,1.154938569901908
2025-02-18,FMCG,-0.8773255264897584,-0.26936997865496193,-0.15836738617627596,-0.1823453556984173,-0.08702462295654462,-0.16567626242976735,0.8783298354882301
2025-02-18,Infra,0.19906131936333615,-0.19680134730171048,-0.1365223011944435,-0.1515826133052906,-0.045218733996419874,-0.09310763107651589,1.0007594964175097
2025-02-18,IT,0.9523298676267666,-0.15919682670134516,-0.09402075472648781,-0.014217743457569654,-0.1449790832437755,-0.05550311047615057,1.4692793984869545
2025-02-18,Media,-0.6040733881853333,-0.6890337964137653,-0.44684940133722933,-0.3675473792764702,-0.3214864171372951,-0.5853400801885706,1.501475484148305
2025-02-18,Metal,0.06544585506624845,-0.08305556644381076,-0.11784298166522415,-0.19427543961839172,0.11121987317458096,0.020638149781383827,1.4716196024047945
2025-02-18,Pharma,-0.5067412281742234,-0.2992393952928237,-0.07009917644183851,-0.12432311232419156,-0.1749162829686321,-0.1955456790676291,0.983134343028794
2025-02-18,Realty,0.060128676247961366,-0.6442427947396112,-0.33454822636695986,-0.22985046616511953,-0.4143923285744917,-0.5405490785144166,1.7400805217040278
2025-02-18,Banking,-0.3483586959779905,-0.04595915973148568,-0.09817471554265304,-0.041555162721732666,-0.004403997009753011,0.05773455649370891,0.9949850623136581
2025-02-18,NIFTY50,-0.06184463402948426,-0.10369371622519459,-0.08538348078742579,-0.09051557300698114,-0.01317814321821345,0.0,0.8435028063871604
2025-02-19,Auto,-0.04468602828485713,-0.21367777130046411,-0.11762197323024193,-0.206491821138587,-0.007185950161877119,-0.13104126263895932,1.3016454034203468
2025-02-19,Energy,1.1327713816153828,-0.31178837640373813,-0.28363560785786285,-0.30726847128688106,-0.00451990511685707,-0.22915186774223334,1.154938569901908
2025-02-19,FMCG,-0.22875312020654848,-0.3078898360256351,-0.1676651076681912,-0.19011508941395217,-0.11777474661168291,-0.22525332736413028,0.8783298354882301
2025-02-19,Infra,0.4136687312755072,-0.14437670154660168,-0.136851786534871,-0.15233833155922663,0.007961630012624954,-0.0617401928850969,1.0007594964175097
2025-02-19,IT,-1.3025684525317938,-0.16382355866448986,-0.11318784671789706,-0.04278575956373154,-0.12103779910075832,-0.08118705000298508,1.4692793984869545
2025-02-19,Media,1.429390989633661,-0.6157836849734074,-0.43932320086646415,-0.3405661812009348,-0.2752175037724726,-0.5331471763119027,1.501475484148305
2025-02-19,Metal,1.2549129177710006,-0.00031873844002234066,-0.11013321466923169,-0.17723330939853935,0.176914570958517,0.08231777022148244,1.4716196024047945
2025-02-19,Pharma,-0.7115160535867804,-0.3022419561119372,-0.07185305809771707,-0.13683447595794934,-0.16540748015398787,-0.21960544745043242,0.983134343028794
2025-02-19,Realty,1.6705756406454109,-0.4975735075756701,-0.2998225966322574,-0.22917349590909666,-0.26840001166657346,-0.4149369989141653,1.7400805217040278
2025-02-19,Banking,0.9835553667974617,0.009002564655505122,-0.08530443596289701,-0.04462300614147344,0.05362557079697856,0.0916390733170099,0.9949850623136581
2025-02-19,NIFTY50,-0.05404326900405598,-0.08263650866150478,-0.09182267766717027,-0.09840199350083598,0.015765484839331198,0.0,0.8435028063871604
2025-02-20,Auto,1.2185252301907035,-0.1319465167117258,-0.07019491475333689,-0.18367569191319874,0.05172917520147294,-0.05989931332968544,1.3016454034203468
2025-02-20,Energy,1.8306982407006789,-0.18283552764736777,-0.2407411426350153,-0.2802035199653335,0.09736799231796572,-0.1107883242653274,1.154938569901908
2025-02-20,FMCG,-0.0442097763586613,-0.28745443706733453,-0.15913780508863515,-0.19479973822424573,-0.0926546988430888,-0.21540723368529419,0.8783298354882301
2025-02-20,Infra,0.8038930923254028,-0.07885064497700138,-0.10462391916038667,-0.14428085825624332,0.06543021327924194,-0.006803441594961018,1.0007594964175097
2025-02-20,IT,-0.1424602314031409,-0.28320032540368856,-0.07580827487290126,-0.04070278404273283,-0.24249754136095572,-0.2111531220216482,1.4692793984869545
2025-02-20,Media,1.0979463714379856,-0.4593907838784642,-0.42633303244469084,-0.335282544871412,-0.1241082390070522,-0.38734358049642387,1.501475484148305
2025-02-20,Metal,1.9595152749105393,0.11893416286984632,-0.07330209518135715,-0.13942522332614168,0.258359386195988,0.19098136625188666,1.4716196024047945
2025-02-20,Pharma,-0.1645052833813665,-0.2367022194461447,-0.06695956962377884,-0.13282988088731815,-0.10387233855882655,-0.16465501606410432,0.983134343028794
2025-02-20,Realty,1.1170887251809036,-0.3681464288205238,-0.281936150502192,-0.2395648160412288,-0.12858161277929497,-0.29609922543848344,1.7400805217040278
2025-02-20,Banking,-0.47518720725840957,0.04496751416108428,-0.08063863892580884,-0.05181347113958691,0.0967809853006712,0.11701471754312465,0.9949850623136581
2025-02-20,NIFTY50,-0.08612081186238907,-0.07204720338204036,-0.06848964277405518,-0.09623710818275488,0.02418990480071452,0.0,0.8435028063871604
2025-02-21,Auto,-2.577588074832937,-0.1258356934115708,-0.13000181656068366,-0.1981909590228021,0.07235526561123129,-0.0858889117081803,1.3016454034203468
2025-02-21,Energy,-0.5591827056347531,-0.09084455961817989,-0.27271998937875036,-0.28698311890391787,0.19613855928573798,-0.05089777791478939,1.154938569901908
2025-02-21,FMCG,-0.4569443593386069,-0.2619775310494639,-0.17361730867490618,-0.1957160815278838,-0.06626144952158011,-0.22203074934607342,0.8783298354882301
2025-02-21,Infra,-0.5198515631757217,-0.013147859874444631,-0.1388232866717093,-0.15176881374418194,0.1386209538697373,0.026798921828945867,1.0007594964175097
2025-02-21,IT,-0.7864700163444094,-0.2638054957852709,-0.09580095696349007,-0.03642455938322883,-0.22738093640204207,-0.2238587140818804,1.4692793984869545
2025-02-21,Media,-1.1721045929430685,-0.3471499450805862,-0.4699577217786149,-0.34296330079245857,-0.00418664428812765,-0.3072031633771957,1.501475484148305
2025-02-21,Metal,1.017249739675008,0.27854420030820726,-0.0692037704930526,-0.12580626715356127,0.4043504674617685,0.31849098201159776,1.4716196024047945
2025-02-21,Pharma,-1.9248745384458088,-0.22974735621912767,-0.13828245800844205,-0.15004996677110613,-0.07969738944802154,-0.18980057451573717,0.983134343028794
2025-02-21,Realty,-1.2742604749782283,-0.19504342377891337,-0.29472150588409574,-0.2597984677945982,0.06475504401568483,-0.15509664207552287,1.7400805217040278
2025-02-21,Banking,-0.7162354919714731,0.06848607904866928,-0.09735208098553456,-0.057525077498789975,0.12601115654745926,0.10843286075205978,0.9949850623136581
2025-02-21,NIFTY50,-0.5117148798882476,-0.0399467817033905,-0.09213822733975142,-0.09810718972632687,0.05816040802293637,0.0,0.8435028063871604
2025-02-24,Auto,0.2166829034291995,-0.18574957935500308,-0.14286905106826933,-0.15642335554312442,-0.02932622381187866,-0.0973261982200942,1.3016454034203468
2025-02-24,Energy,-1.111671368542666,-0.22442189839215423,-0.2962479954196712,-0.2906825549039062,0.06626065651175198,-0.13599851725724535,1.154938569901908
2025-02-24,FMCG,0.36019004394201026,-0.2031233212333439,-0.16684617688083678,-0.17353488051297117,-0.029588440720372727,-0.11469994009843501,0.8783298354882301
2025-02-24,Infra,-1.3929073696936078,-0.09496336950358526,-0.17530030065590138,-0.15560033548522953,0.06063696598164427,-0.006539988368676378,1.0007594964175097
2025-02-24,IT,-2.708006865518786,-0.2830177325752163,-0.1564146994561322,-0.07976487311560297,-0.2032528594596133,-0.1945943514403074,1.4692793984869545
2025-02-24,Media,-0.9816419307426827,-0.4787999988530396,-0.5033873564815381,-0.3296178665481771,-0.1491821323048625,-0.3903766177181307,1.501475484148305
2025-02-24,Metal,-2.1708118329922477,0.07364870241853469,-0.12375892331710973,-0.13414083669417445,0.20778953911270914,0.16207208355344357,1.4716196024047945
2025-02-24,Pharma,0.019861167279033864,-0.27482425474938627,-0.15368870765635073,-0.13972780036800853,-0.13509645438137774,-0.18640087361447738,0.983134343028794
2025-02-24,Realty,-0.8111279557060369,-0.2487181373858046,-0.35896801841471365,-0.227027274202903,-0.021690863182901587,-0.1602947562508957,1.7400805217040278
2025-02-24,Banking,-0.6721966902638932,-0.0016501844028019945,-0.11026501946523067,-0.05400637901139475,0.05235619460859276,0.08677319673210689,0.9949850623136581
2025-02-24,NIFTY50,-1.0640105330068539,-0.08842338113490888,-0.11988310289811326,-0.10007594306769797,0.011652561932789088,0.0,0.8435028063871604
2025-02-25,Auto,0.5110794136411023,-0.15115122372720352,-0.14514225954620538,-0.15766718440735122,0.006515960680147703,-0.056527854438375505,1.3016454034203468
2025-02-25,Energy,-0.7122096567176994,-0.2733301487011419,-0.32672253898540987,-0.3046296837910223,0.03129953508988037,-0.1787067794123139,1.154938569901908
2025-02-25,FMCG,0.32045178374715544,-0.18780671281246944,-0.15494993338172486,-0.16434839708081622,-0.023458315731653218,-0.09318334352364142,0.8783298354882301
2025-02-25,Infra,-0.36786340268638584,-0.13939284486965425,-0.20061825927067936,-0.1654655573873451,0.02607271251769086,-0.04476947558082624,1.0007594964175097
2025-02-25,IT,-0.7993103810233992,-0.33598447364859657,-0.17769534298971898,-0.07232169492468027,-0.2636627787239163,-0.24136110435976854,1.4692793984869545
2025-02-25,Media,0.8391151692818566,-0.4056109863569167,-0.5315800264330289,-0.3356283634432382,-0.06998262291367852,-0.3109876170680887,1.501475484148305
2025-02-25,Metal,-1.5357079875389368,0.01703551698066317,-0.16991009777053406,-0.16862889278690074,0.1856644097675639,0.11165888626949119,1.4716196024047945
2025-02-25,Pharma,-0.6893129055859482,-0.263092559031642,-0.1648431833234761,-0.1522700651069284,-0.11082249392471363,-0.168469189742814,0.983134343028794
2025-02-25,Realty,-1.3131975979699284,-0.33892008920861194,-0.38624534864342547,-0.24497039333714032,-0.09394969587147162,-0.2442967199197839,1.7400805217040278
2025-02-25,Banking,-0.08961132482888656,-0.006179822129292282,-0.13052529329045232,-0.07245006345453739,0.0662702413252451,0.08844354715953573,0.9949850623136581
2025-02-25,NIFTY50,-0.025711604818956513,-0.09462336928882802,-0.1327449815527624,-0.10503959861150874,0.010416229322680728,0.0,0.8435028063871604
2025-02-27,Auto,-1.5108990605860795,-0.22330845206565694,-0.1585075335543836,-0.17909211343488612,-0.04421633863077082,-0.11415665773338336,1.3016454034203468
2025-02-27,Energy,-1.1575449725055198,-0.3566504679561174,-0.3338264795167873,-0.3115360138068563,-0.045114454149261074,-0.2474986736238438,1.154938569901908
2025-02-27,FMCG,-0.759156685203477,-0.19451893292413333,-0.1555018494110164,-0.1589159649277024,-0.03560296799643092,-0.08536713859185975,0.8783298354882301
2025-02-27,Infra,-0.5160253074514509,-0.19033980038213288,-0.20176966195384155,-0.16185719905554768,-0.0284826013265852,-0.0811880060498593,1.0007594964175097
2025-02-27,IT,-0.47187887972913733,-0.33540099542991564,-0.19296108825988498,-0.06321491672187306,-0.27218607870804257,-0.22624920109764207,1.4692793984869545
2025-02-27,Media,-3.5768243435142066,-0.5407099274056048,-0.6037242240493692,-0.343896097463272,-0.19681382994233276,-0.4315581330733312,1.501475484148305
2025-02-27,Metal,0.49858151193058475,-0.023121918920820553,-0.1586892454120316,-0.14633220210265016,0.12321028318182961,0.08602987541145303,1.4716196024047945
2025-02-27,Pharma,-0.23655506379752778,-0.2614281168700579,-0.1670928800758059,-0.1437902927124584,-0.11763782415759949,-0.15227632253778434,0.983134343028794
2025-02-27,Realty,-2.0927899736514766,-0.4311228324848559,-0.4567627840253848,-0.2526809778698704,-0.17844185461498546,-0.3219710381525823,1.7400805217040278
2025-02-27,Banking,0.2786542114596058,-0.03292428049259518,-0.14394539867101835,-0.06654915735668898,0.0336248768640938,0.0762275138396784,0.9949850623136581
2025-02-27,NIFTY50,-0.011087678764998277,-0.10915179433227358,-0.13363160422326878,-0.10190148128889952,-0.007250313043374063,0.0,0.8435028063871604
2025-02-28,Auto,-3.921894955179561,-0.34380985652604135,-0.23463186263550817,-0.1951856059117839,-0.14862425061425744,-0.18803703594702667,1.3016454034203468
2025-02-28,Energy,-2.0910479198773646,-0.4663227710614445,-0.3752425490750041,-0.3083278258726573,-0.1579949451887872,-0.31054995048242984,1.154938569901908
2025-02-28,FMCG,-2.624425207701142,-0.3158430970101888,-0.20898691771870279,-0.18292805466255235,-0.13291504234763646,-0.16007027643117414,0.8783298354882301
2025-02-28,Infra,-2.065862152256537,-0.299134732436647,-0.24963318093049652,-0.16397969589047254,-0.13515503654617447,-0.14336191185763233,1.0007594964175097
2025-02-28,IT,-4.180969920590483,-0.38549575566275956,-0.2951491559487575,-0.10101124055167919,-0.28448451511108036,-0.2297229350837449,1.4692793984869545
2025-02-28,Media,-3.4798344190116515,-0.6640629765677927,-0.6618013273689617,-0.35422812227138056,-0.3098348542964121,-0.508290155988778,1.501475484148305
2025-02-28,Metal,-1.3863536904931362,-0.10879392997355222,-0.1913021504436513,-0.12842639238488854,0.019632462411336316,0.04697889060546245,1.4716196024047945
2025-02-28,Pharma,-1.9194356784852373,-0.34852674911018255,-0.2020937900120412,-0.15096579767217294,-0.1975609514380096,-0.19275392853116788,0.983134343028794
2025-02-28,Realty,-1.4147095221181294,-0.522146606795743,-0.4761634716988848,-0.23084823287312722,-0.29129837392261576,-0.36637378621672834,1.7400805217040278
2025-02-28,Banking,-0.8187739899296442,-0.010289992265557121,-0.168125138686769,-0.06055995271154795,0.05026996044599083,0.14548282831345755,0.9949850623136581
2025-02-28,NIFTY50,-1.8644959666695105,-0.15577282057901468,-0.18111957960590253,-0.10876345832092811,-0.047009362258086565,0.0,0.8435028063871604
2025-03-03,Auto,0.19294382057157833,-0.31993023549561056,-0.24714453645646284,-0.18510345996903466,-0.1348267755265759,-0.14300912815190936,1.3016454034203468
2025-03-03,Energy,-0.03697632675752072,-0.4948908767879357,-0.37401557759307275,-0.30326903255118626,-0.19162184423674944,-0.3179697694442345,1.154938569901908
2025-03-03,FMCG,0.19264226459390077,-0.30567020534311823,-0.20980077950498463,-0.1825782829997005,-0.12309192234341773,-0.12874909799941703,0.8783298354882301
2025-03-03,Infra,0.4148468639431968,-0.3055222806707492,-0.24204775811126514,-0.15040344233524836,-0.15511883833550086,-0.128601173327048,1.0007594964175097
2025-03-03,IT,0.7935742820551761,-0.3717796710183755,-0.27856224996674767,-0.11868715771905158,-0.2530925132993239,-0.1948585636746743,1.4692793984869545
2025-03-03,Media,-1.1032142644952225,-0.7340243948654089,-0.6746699431863036,-0.37019212831120024,-0.3638322665542087,-0.5571032875217077,1.501475484148305
2025-03-03,Metal,1.1807622920278593,-0.10528461130169511,-0.19216273934273553,-0.11249889079305599,0.007214279491360873,0.07163649604200609,1.4716196024047945
2025-03-03,Pharma,0.33462427763897296,-0.35560951726939033,-0.19439100977767926,-0.12989106841786385,-0.22571844885152648,-0.17868840992568913,0.983134343028794
2025-03-03,Realty,1.2595547669457696,-0.5018098396496132,-0.45431785614945225,-0.2161850370456945,-0.28562480260391876,-0.32488873230591203,1.7400805217040278
2025-03-03,Banking,-0.4765743529761002,-0.08181302268069864,-0.1731437736996078,-0.06546181611365677,-0.016351206567041865,0.09510808466300257,0.9949850623136581
2025-03-03,NIFTY50,-0.024400049223838316,-0.1769211073437012,-0.1794621980994232,-0.107372831375091,-0.0695482759686102,0.0,0.8435028063871604
2025-03-04,Auto,-1.3095199263793877,-0.3093870627539319,-0.2560874752412083,-0.19390751255628985,-0.11547955019764206,-0.17264896885086772,1.3016454034203468
2025-03-04,Energy,0.7734835758002268,-0.40600253816428034,-0.35436806282117445,-0.29830573224146,-0.10769680592282033,-0.26926444426121615,1.154938569901908
2025-03-04,FMCG,-0.5166681511242444,-0.31599100715775175,-0.18136066235077813,-0.15687484447378514,-0.1591161626839666,-0.17925291325468756,0.8783298354882301
2025-03-04,Infra,0.0,-0.24938087732746897,-0.24419331247561515,-0.15178885880600987,-0.0975920185214591,-0.11264278342440479,1.0007594964175097
2025-03-04,IT,-0.8972615763618963,-0.36259391966221893,-0.29783829484105223,-0.1264922509200291,-0.23610166874218982,-0.22585582575915475,1.4692793984869545
2025-03-04,Media,2.3695817755807314,-0.6053116402238901,-0.6015554926444616,-0.3420022362659308,-0.26330940395795926,-0.4685735463208259,1.501475484148305
2025-03-04,Metal,0.3781753430146084,-0.061235327499099164,-0.1961642899394221,-0.10569109490458663,0.04445576740548746,0.07550276640396503,1.4716196024047945
2025-03-04,Pharma,-0.2975401578510173,-0.32052187319860187,-0.19001550599734462,-0.13810208477782582,-0.18241978842077605,-0.18378377929553769,0.983134343028794
2025-03-04,Realty,0.09901451585889731,-0.3611706199481057,-0.4573235411076876,-0.2024933804952553,-0.15867723945285037,-0.2244325260450415,1.7400805217040278
2025-03-04,Banking,0.27205723740042487,-0.02006699529318386,-0.16544026723668115,-0.06877415913423786,0.048707163841054,0.11667109860988033,0.9949850623136581
2025-03-04,NIFTY50,-0.16569416451024388,-0.13673809390306418,-0.17825253429504734,-0.1075723856753646,-0.02916570822769958,0.0,0.8435028063871604
2025-03-05,Auto,2.60272137816866,-0.2183179538665266,-0.2121479736237978,-0.14098235313554747,-0.07733560073097914,-0.10109720714615912,1.3016454034203468
2025-03-05,Energy,2.8449834635291715,-0.2622702334550579,-0.2964337867110976,-0.24224994315798204,-0.02002029029707586,-0.14504948673469042,1.154938569901908
2025-03-05,FMCG,1.4940381351529197,-0.26459580156076373,-0.15851598660156527,-0.15000860519741538,-0.11458719636334835,-0.14737505484039626,0.8783298354882301
2025-03-05,Infra,2.1676303603113123,-0.16751897624935821,-0.1996905664975958,-0.10759329050327765,-0.059925685746080565,-0.050298229528990726,1.0007594964175097
2025-03-05,IT,2.133628365971396,-0.362839393560251,-0.2759492323770274,-0.10012217895903824,-0.2627172146012128,-0.24561864683988355,1.4692793984869545
2025-03-05,Media,3.1373473327805046,-0.44070879555187065,-0.5378830782520765,-0.2827057903517516,-0.15800300520011906,-0.32348804883150317,1.501475484148305
2025-03-05,Metal,4.042408976221146,0.09767513552361275,-0.1323337433561043,-0.03387666524223756,0.1315518007658503,0.21489588224398024,1.4716196024047945
2025-03-05,Pharma,1.5446031517200254,-0.2921960818764709,-0.1629534959764395,-0.12112443182709974,-0.17107165004937114,-0.17497533515610342,0.983134343028794
2025-03-05,Realty,2.324573451989953,-0.13161792328673724,-0.44249180079929334,-0.16370360781039286,0.03208568452365562,-0.014397176566369754,1.7400805217040278
2025-03-05,Banking,0.5073043618086581,-0.013691278603306841,-0.16228870756778607,-0.0471018521264008,0.033410573523093956,0.10352946811706065,0.9949850623136581
2025-03-05,NIFTY50,1.1531695069225467,-0.11722074672036749,-0.1584271948106882,-0.0848047016545661,-0.03241604506580138,0.0,0.8435028063871604
2025-03-06,Auto,0.783532132424547,-0.22880429415267542,-0.2050356305310256,-0.1399866781594219,-0.08881761599325352,-0.13533527926772834,1.3016454034203468
2025-03-06,Energy,2.0270468013463327,-0.20075653338133181,-0.2562992812810653,-0.2214267020923186,0.020670168710986786,-0.10728751849638474,1.154938569901908
2025-03-06,FMCG,1.191907034496409,-0.23600244924752398,-0.14562503455617365,-0.14325639875453608,-0.0927460504929879,-0.1425334343625769,0.8783298354882301
2025-03-06,Infra,1.4667684762622812,-0.13035409515202767,-0.17614329030469686,-0.09561910326961175,-0.034734991882415925,-0.036885080267080594,1.0007594964175097
2025-03-06,IT,0.19174044778493826,-0.4160111889925377,-0.27830674392124055,-0.1023936595742879,-0.3136175294182498,-0.3225421741075906,1.4692793984869545
2025-03-06,Media,0.9736879927942921,-0.45635113125977006,-0.5130793734749856,-0.29367699208400627,-0.1626741391757638,-0.362882116374823,1.501475484148305
2025-03-06,Metal,2.3424928699087966,0.157931207314469,-0.09475226148354368,-0.036022915704499496,0.1939541230189685,0.25140022219941605,1.4716196024047945
2025-03-06,Pharma,1.4734027098895153,-0.2897284903169739,-0.13923046634266523,-0.11866764248399277,-0.17106084783298114,-0.19625947543202682,0.983134343028794
2025-03-06,Realty,-0.16916964528509437,-0.17058841267141597,-0.44836281995519844,-0.180864141258514,0.01027572858709802,-0.0771193977864689,1.7400805217040278
2025-03-06,Banking,0.2840794890887066,0.005040915015189033,-0.15175724530541668,-0.05426842666132112,0.05930934167651015,0.09850992990013611,0.9949850623136581
2025-03-06,NIFTY50,0.9284847776867,-0.09346901488494708,-0.14510265402084851,-0.08176439038538966,-0.01170462449955742,0.0,0.8435028063871604
2025-03-07,Auto,0.23855304161650714,-0.16935538708629477,-0.1876751221624345,-0.11990983071759756,-0.04944555636869721,-0.09329324435082718,1.3016454034203468
2025-03-07,Energy,0.18468290929964937,-0.13524493044628846,-0.24053870430150284,-0.22608563436888873,0.09084070392260027,-0.059182787710820875,1.154938569901908
2025-03-07,FMCG,0.00289071363515081,-0.25308916242423446,-0.12737074626343547,-0.14230923622782457,-0.11077992619640989,-0.17702701968876688,0.8783298354882301
2025-03-07,Infra,0.2669360238372942,-0.09297261713015555,-0.16085730972116188,-0.09737895332173174,0.004406336191576196,-0.016910474394687958,1.0007594964175097
2025-03-07,IT,-0.8516162039536979,-0.45765057611435717,-0.3054108269858748,-0.10727662610762893,-0.3503739500067282,-0.3815884333788896,1.4692793984869545
2025-03-07,Media,1.8294351588892699,-0.3087398894870696,-0.4443794264889102,-0.2768589954158964,-0.03188089407117317,-0.23267774675160202,1.501475484148305
2025-03-07,Metal,0.430324046048014,0.20231842092704752,-0.09181548467808034,-0.03846855055362739,0.2407869714806749,0.2783805636625151,1.4716196024047945
2025-03-07,Pharma,-0.22057512105810861,-0.22682870781151834,-0.1374291186328536,-0.10868140167214503,-0.11814730613937331,-0.15076656507605074,0.983134343028794
2025-03-07,Realty,-1.1862311370232748,-0.13325323778926332,-0.46127995546581035,-0.20990542323144343,0.07665218544218011,-0.05719109505379573,1.7400805217040278
2025-03-07,Banking,-0.2677470265749271,0.011290862946305621,-0.1507599368600641,-0.08025056655086743,0.09154142949717305,0.0873530056817732,0.9949850623136581
2025-03-07,NIFTY50,0.03460139864501777,-0.07606214273546759,-0.13822897007733295,-0.08720955134267738,0.011147408607209794,0.0,0.8435028063871604
2025-03-10,Auto,-1.2227611391539162,-0.1799544081988206,-0.21600019117449817,-0.1337504441582186,-0.04620396404060201,-0.12823572553825713,1.3016454034203468
2025-03-10,Energy,-1.5296436660181323,-0.10145557298018287,-0.273651501937181,-0.24128479541845468,0.1398292224382718,-0.049736890319619385,1.154938569901908
2025-03-10,FMCG,0.22083962114378686,-0.22106483950645478,-0.1451427930991123,-0.15008465591144793,-0.07098018359500685,-0.1693461568458913,0.8783298354882301
2025-03-10,Infra,-0.8911589655908769,-0.06956609467690315,-0.19550084045095933,-0.10791321508672778,0.03834712040982463,-0.017847412016339666,1.0007594964175097
2025-03-10,IT,-0.46549098407514533,-0.36109092833190115,-0.32389627970404417,-0.10285678618172436,-0.2582341421501768,-0.30937224567133764,1.4692793984869545
2025-03-10,Media,-0.2552084947396449,-0.15954532853131045,-0.43887763143474484,-0.3056431271964684,0.14609779866515796,-0.10782664587074697,1.501475484148305
2025-03-10,Metal,-0.8580871588748318,0.2720707342890864,-0.09411791980300861,-0.04844309626215046,0.32051383055123683,0.3237894169496499,1.4716196024047945
2025-03-10,Pharma,-0.5974492245792273,-0.15833704483016872,-0.14199198619451903,-0.1041871235931497,-0.05414992123701902,-0.10661836216960524,0.983134343028794
2025-03-10,Realty,-2.03956193750795,-0.1662865245819504,-0.4879323065700804,-0.23167998857273955,0.06539346399078916,-0.11456784192138691,1.7400805217040278
2025-03-10,Banking,-0.5787911103665166,0.01288998551500812,-0.17191140568050062,-0.07578299835167521,0.08867298386668333,0.0646086681755716,0.9949850623136581
2025-03-10,NIFTY50,-0.4088203913091726,-0.05171868266056349,-0.15995188961346735,-0.08602997207519125,0.034311289414627764,0.0,0.8435028063871604
2025-03-11,Auto,-0.3380285454692933,-0.23578205774428038,-0.22285389382258047,-0.1337718089952311,-0.10201024874904926,-0.17093943387814334,1.3016454034203468
2025-03-11,Energy,0.5125875365935562,-0.03794887347490562,-0.25505976638674727,-0.23575339728232242,0.1978045238074168,0.026893750391231416,1.154938569901908
2025-03-11,FMCG,-0.10565857356193975,-0.21185641787975365,-0.14185714133536403,-0.1411069245442521,-0.07074949333550154,-0.1470137940136166,0.8783298354882301
2025-03-11,Infra,0.7572976328776182,-0.04586371032160493,-0.1782804229183706,-0.10390485643291592,0.05804114611131098,0.018978913544532107,1.0007594964175097
2025-03-11,IT,-0.648959433913121,-0.3636987542367728,-0.3223126159190228,-0.07644098725390748,-0.2872577669828653,-0.29885613037063574,1.4692793984869545
2025-03-11,Media,-0.18180474684722503,-0.1240891842740543,-0.46614084712812404,-0.32792023129860204,0.20383104702454774,-0.05924656040791726,1.501475484148305
2025-03-11,Metal,0.5310554561677838,0.30293920885326414,-0.06910234233154346,-0.04068707983818099,0.3436262886914451,0.3677818327194012,1.4716196024047945
2025-03-11,Pharma,0.3729599818885765,-0.0683024764790811,-0.14316263799924436,-0.11795013215720554,0.049647655678124444,-0.003459852612944056,0.983134343028794
2025-03-11,Realty,3.6263598296022437,-0.11763159615937102,-0.47910346111412955,-0.18972218305461735,0.07209058689524633,-0.05278897229323398,1.7400805217040278
2025-03-11,Banking,-0.7525417626652264,-0.06782836053259873,-0.1843775880686079,-0.07702101378686604,0.00919265325426731,-0.002985736666461694,0.9949850623136581
2025-03-11,NIFTY50,0.16740474556060647,-0.06484262386613704,-0.15042936231790185,-0.07798461530141335,0.013141991435276307,0.0,0.8435028063871604
2025-03-12,Auto,0.4885680810560178,-0.26773532232412073,-0.18860128542331525,-0.14208883251828341,-0.1256464898058373,-0.16894417153270774,1.3016454034203468
2025-03-12,Energy,0.2309099510785284,-0.0971717274744503,-0.22440793125790984,-0.24262179020954389,0.1454500627350936,0.001619423316962687,1.154938569901908
2025-03-12,FMCG,0.011165773693000425,-0.19471602965398885,-0.13491733113285923,-0.14530319736358246,-0.04941283229040638,-0.09592487886257586,0.8783298354882301
2025-03-12,Infra,-0.08260861088887905,-0.06820822217340927,-0.15104553077357583,-0.11058392524082683,0.04237570306741756,0.030582928618003713,1.0007594964175097
2025-03-12,IT,-2.9129683596698097,-0.5479836235279524,-0.36210587679217643,-0.10952492555980385,-0.4384586979681485,-0.4491924727365394,1.4692793984869545
2025-03-12,Media,-1.5312457026917303,-0.2597494906531283,-0.4920400402531479,-0.3494742738594661,0.08972478320633781,-0.16095833986171532,1.501475484148305
2025-03-12,Metal,-0.4832926949066674,0.22504536063966743,-0.049913622800219125,-0.05361584436506484,0.2786612050047323,0.3238365114310804,1.4716196024047945
2025-03-12,Pharma,0.45199655908938485,-0.11210785359865343,-0.12207469110864363,-0.11642709900352789,0.004319245404874467,-0.01331670280724044,0.983134343028794
2025-03-12,Realty,-1.647161121394114,-0.2694967338435091,-0.5049916881128441,-0.21863984811333054,-0.05085688573017855,-0.1707055830520961,1.7400805217040278
2025-03-12,Banking,0.4235788729231471,-0.07411128336088406,-0.15409621722139333,-0.07660027651725798,0.0024889931563739226,0.024679867430528926,0.9949850623136581
2025-03-12,NIFTY50,-0.12179087892316698,-0.09879115079141298,-0.13001132688706563,-0.08388229724679983,-0.01490885354461316,0.0,0.8435028063871604
2025-03-13,Auto,-1.1049449623136476,-0.2911884764493267,-0.1944517514523375,-0.1435188594171872,-0.14766961703213952,-0.16909006878624222,1.3016454034203468
2025-03-13,Energy,-0.1658483666060251,-0.14545056866301662,-0.2091380113665124,-0.21556524445336042,0.0701146757903438,-0.023352160999932106,1.154938569901908
2025-03-13,FMCG,-0.1501234187721634,-0.22364306737531722,-0.13742976466575665,-0.13408094640063797,-0.08956212097467925,-0.10154465971223271,0.8783298354882301
2025-03-13,Infra,-0.5417762745834942,-0.11197056828837315,-0.14529623908031844,-0.09312024037068865,-0.018850327917684498,0.010127839374711359,1.0007594964175097
2025-03-13,IT,-0.5181632540213421,-0.527362435440553,-0.3748927136449326,-0.11495672308081155,-0.4124057123597414,-0.40526402777746845,1.4692793984869545
2025-03-13,Media,-1.5036787923873973,-0.26939863045159457,-0.47985135993130407,-0.34223040334346794,0.07283177289187337,-0.14730022278851007,1.501475484148305
2025-03-13,Metal,-0.8656744830564889,0.19976027713034566,-0.041675139329857745,-0.04579335305359748,0.24555363018394316,0.32185868479343016,1.4716196024047945
2025-03-13,Pharma,-0.18189576295044585,-0.1584519005614304,-0.14322670120220019,-0.11022220434046005,-0.048229696220970356,-0.0363534928983459,0.983134343028794
2025-03-13,Realty,-1.8281042392569224,-0.3897428053058601,-0.5277054522688734,-0.20635984456370468,-0.1833829607421554,-0.2676443976427756,1.7400805217040278
2025-03-13,Banking,0.007803290745256319,-0.08374962319389019,-0.13203459486964,-0.06665154641420602,-0.017098076779684168,0.03834878446919432,0.9949850623136581
2025-03-13,NIFTY50,-0.3262089461738671,-0.12209840766308451,-0.12605530963661848,-0.07338042591023713,-0.048717981752847375,0.0,0.8435028063871604
2025-03-17,Auto,0.910280953210818,-0.31595266562758867,-0.1670643632658795,-0.1459612775394428,-0.16999138808814587,-0.17333701858431227,1.3016454034203468
2025-03-17,Energy,0.5626858641965438,-0.21445850288744425,-0.18338119092275357,-0.2185276020314532,0.004069099144008936,-0.07184285584416786,1.154938569901908
2025-03-17,FMCG,-0.2045163769715197,-0.2984361275726543,-0.13169149610837003,-0.13254206713470465,-0.16589406043794966,-0.1558204805293779,0.8783298354882301
2025-03-17,Infra,0.12972454658521926,-0.1569978382434741,-0.13090628648489125,-0.094769573970012,-0.062228264273462106,-0.014382191200197708,1.0007594964175097
2025-03-17,IT,0.04069269499620276,-0.5445557973104787,-0.3532505974611781,-0.11458156966826605,-0.4299742276422126,-0.40194015026720226,1.4692793984869545
2025-03-17,Media,-0.6468249069615073,-0.32096930513476984,-0.47575231690561914,-0.3468405427954737,0.025871237660703872,-0.17835365809149345,1.501475484148305
2025-03-17,Metal,0.7701333086494344,0.18528953763904807,-0.011805182608310427,-0.0687920676610887,0.2540816053001368,0.32790518468232444,1.4716196024047945
2025-03-17,Pharma,1.5554125107646755,-0.10955370078418886,-0.14593541917117794,-0.094066214394885,-0.015487486389303862,0.03306194625908754,0.983134343028794
2025-03-17,Realty,-0.3811846197665836,-0.4671756246001553,-0.5203493955402363,-0.21751483173011749,-0.24966079287003784,-0.32455997755687893,1.7400805217040278
2025-03-17,Banking,0.6112100805448106,-0.08198199182174977,-0.10382396462823186,-0.08138169090185092,-0.0006003009198988496,0.060633655221526625,0.9949850623136581
2025-03-17,NIFTY50,0.4980568336268254,-0.1426156470432764,-0.10073217646440295,-0.0779387486683916,-0.0646768983748848,0.0,0.8435028063871604
2025-03-18,Auto,2.380768755951923,-0.2365937070958579,-0.09192171161161444,-0.13341143226770577,-0.10318227482815212,-0.14591113045209952,1.3016454034203468
2025-03-18,Energy,1.5961693268666144,-0.16125285865855712,-0.12320956319995395,-0.21900275736032815,0.057749898701771024,-0.07057028201479874,1.154938569901908
2025-03-18,FMCG,1.355628513392948,-0.25324851045955604,-0.09256401874326747,-0.12151463373850425,-0.1317338767210518,-0.16256593381579765,0.8783298354882301
2025-03-18,Infra,1.2025094182414042,-0.11691419096876061,-0.07615893528180799,-0.10071859060834952,-0.016195600360411094,-0.026231614325002234,1.0007594964175097
2025-03-18,IT,1.3342272067942362,-0.5000815570840041,-0.28714851930687907,-0.14414394185535756,-0.3559376152286466,-0.40939898044024575,1.4692793984869545
2025-03-18,Media,3.6156824931090403,-0.20044655536446848,-0.3871997196079567,-0.3223311797522659,0.1218846243877974,-0.1097639787207101,1.501475484148305
2025-03-18,Metal,2.127697863966538,0.256212799771266,0.054094705328076774,-0.06280758699379817,0.31902038676506417,0.3468953764150244,1.4716196024047945
2025-03-18,Pharma,1.6294068292752817,-0.05524013980834611,-0.10438297668544945,-0.08866569119514259,0.033425551386796475,0.03544243683541227,0.983134343028794
2025-03-18,Realty,3.1614619218256923,-0.36179356053929895,-0.40247213431717643,-0.21107841864382315,-0.1507151418954758,-0.27111098389554056,1.7400805217040278
2025-03-18,Banking,1.9860789477893492,-0.015779360228771466,-0.04433748384228553,-0.06165840291726917,0.045879042688497705,0.07490321641498691,0.9949850623136581
2025-03-18,NIFTY50,1.446329899483545,-0.09068257664375838,-0.0512840628883345,-0.07429271729594167,-0.016389859347816713,0.0,0.8435028063871604
2025-03-19,Auto,0.3981680407097121,-0.2902866939120164,-0.08364326877191464,-0.11400857577059284,-0.17627811814142355,-0.2274945293443269,1.3016454034203468
2025-03-19,Energy,1.770688412274013,0.0667400129964757,-0.10501979075407676,-0.1832555416667381,0.2499955546632138,0.12953217756416519,1.154938569901908
2025-03-19,FMCG,-0.5543562410671776,-0.31450805645238683,-0.1178177470282473,-0.11680882676360779,-0.19769922968877904,-0.25171589188469734,0.8783298354882301
2025-03-19,Infra,1.470363418799625,0.025068755139217396,-0.06303016287650083,-0.07315987816627245,0.09822863330548985,0.0878609197069069,1.0007594964175097
2025-03-19,IT,-1.0809900929686922,-0.5088854981401558,-0.30734685794682637,-0.1485667999249132,-0.36031869821524265,-0.44609333357246633,1.4692793984869545
2025-03-19,Media,1.0809715053265556,-0.22674618435819743,-0.36260649062786915,-0.30796733331168674,0.08122114895348931,-0.16395401979050794,1.501475484148305
2025-03-19,Metal,1.2741489340886147,0.3957316616746794,0.060551562958834536,-0.018319402602170083,0.41405106427684946,0.45852382624236887,1.4716196024047945
2025-03-19,Pharma,0.49592755913638875,-0.026737046152354543,-0.10131717673478906,-0.06408449153680267,0.03734744538444812,0.03605511841533496,0.983134343028794
2025-03-19,Realty,2.80311177613346,-0.3709235220917725,-0.3802010612225805,-0.1639977030097301,-0.20692581908204238,-0.308131357524083,1.7400805217040278
2025-03-19,Banking,0.7869927962363965,0.03577266228842765,-0.04955595014715597,-0.044399801919612465,0.08017246420804011,0.09856482685611714,0.9949850623136581
2025-03-19,NIFTY50,0.32100316461272094,-0.0627921645676895,-0.057659798433077336,-0.057805986904525174,-0.00498617766316433,0.0,0.8435028063871604
2025-03-20,Auto,1.4238175437979228,-0.2725557187627984,-0.06935546519102591,-0.09784772029707264,-0.17470799846572574,-0.19698651675663864,1.3016454034203468
2025-03-20,Energy,0.8125846566652051,0.01931229415456463,-0.08849877092051485,-0.15750190652410112,0.17681420067866574,0.09488149616072436,1.154938569901908
2025-03-20,FMCG,1.291191866536212,-0.26305937042525,-0.10533115727400325,-0.10588358020599035,-0.15717579021925965,-0.18749016841909028,0.8783298354882301
2025-03-20,Infra,1.4515032204390321,-0.006681085762556179,-0.03784945985266741,-0.04964386025111856,0.04296277448856238,0.06888811624360355,1.0007594964175097
2025-03-20,IT,1.2509791640785695,-0.5101937073773025,-0.28043365961078537,-0.14259072793437313,-0.3676029794429294,-0.4346245053711428,1.4692793984869545
2025-03-20,Media,1.2231344757675178,-0.2105121934599514,-0.33663721095991045,-0.2711293804633931,0.06061718700344168,-0.13494299145379168,1.501475484148305
2025-03-20,Metal,1.1537326345801624,0.3743906817328835,0.093614178047343,0.004430478425349059,0.36996020330753443,0.4499598837390432,1.4716196024047945
2025-03-20,Pharma,0.9219353160044186,-0.05410851048091655,-0.08498059449657684,-0.05459545601426363,0.0004869455333470843,0.02146069152524318,0.983134343028794
2025-03-20,Realty,1.0705682959122553,-0.3536647836348568,-0.36096371284622697,-0.11988026218797959,-0.23378452144687722,-0.2780955816286971,1.7400805217040278
2025-03-20,Banking,0.7248111540941959,-0.004240090198475895,-0.03472811821628082,-0.028742237174828662,0.02450214697635277,0.07132911180768384,0.9949850623136581
2025-03-20,NIFTY50,1.2356195589090069,-0.07556920200615973,-0.035255957932069926,-0.04172831479168311,-0.03384088721447662,0.0,0.8435028063871604
2025-03-21,Auto,0.6148494960076745,-0.2495182622048475,-0.07310725371729536,-0.08748041704168603,-0.16203784516316144,-0.2029415902434639,1.3016454034203468
2025-03-21,Energy,1.4363179013357597,0.021718936805807942,-0.06810399322791835,-0.1370235947889321,0.15874253159474006,0.06829560876719154,1.154938569901908
2025-03-21,FMCG,0.24244691434627264,-0.20312540459891987,-0.0959365179573977,-0.09337603030197593,-0.10974937429694394,-0.15654873263753627,0.8783298354882301
2025-03-21,Infra,1.2586855041881284,0.03266803256383436,-0.021535225713360712,-0.029069111689514513,0.06173714425334888,0.07924470452521795,1.0007594964175097
2025-03-21,IT,0.07130516245115182,-0.5100023898515904,-0.27906782802537955,-0.15607115113943057,-0.3539312387121598,-0.4634257178902068,1.4692793984869545
2025-03-21,Media,2.195516594937419,-0.19714387577124473,-0.27567864456879154,-0.2322558368474334,0.035111961076188664,-0.15056720380986113,1.501475484148305
2025-03-21,Metal,-0.5462422798679367,0.30572980889405116,0.08684441277721279,0.00941987795417852,0.2963099309398726,0.35230648085543476,1.4716196024047945
2025-03-21,Pharma,1.3368920577314425,-0.030181479991022348,-0.07405085394723288,-0.0299816481209884,-0.00019983187003394867,0.01639519197036125,0.983134343028794
2025-03-21,Realty,0.977291122113888,-0.25947951823153537,-0.3485523980677218,-0.10735648498021726,-0.1521230332513181,-0.21290284627015177,1.7400805217040278
2025-03-21,Banking,1.0600659015347125,0.018794195125899638,-0.01503363924819127,-0.023763646175935453,0.04255784130183509,0.06537086708728324,0.9949850623136581
2025-03-21,NIFTY50,0.6888551951288902,-0.0465766719613836,-0.025358902390453613,-0.03375695608202562,-0.012819715879357978,0.0,0.8435028063871604
2025-03-24,Auto,0.8397647488049165,-0.19059116669188209,-0.07535455927350758,-0.05659422191207643,-0.13399694477980567,-0.20105042761352201,1.3016454034203468
2025-03-24,Energy,1.433752025908297,0.09807021215390714,-0.03851254976967164,-0.10535338230707773,0.20342359446098487,0.08761095123226723,1.154938569901908
2025-03-24,FMCG,0.4655927647230884,-0.1555663189149799,-0.09369437231950588,-0.07011967138295093,-0.08544664753202898,-0.16602557983661984,0.8783298354882301
2025-03-24,Infra,1.4403734707843396,0.10785284612853847,0.009085726249353407,0.00017306693552352235,0.10767977919301495,0.09739358520689856,1.0007594964175097
2025-03-24,IT,1.4011192308318599,-0.47360802091389487,-0.2578971996414233,-0.14100536062108643,-0.33260266029280844,-0.48406728183553477,1.4692793984869545
2025-03-24,Media,0.06461200694893865,-0.16995096927667758,-0.28091918223556683,-0.2248487948899871,0.054897825613309525,-0.1804102301983175,1.501475484148305
2025-03-24,Metal,0.6443144867570361,0.35230425237780866,0.11358666049546311,0.03318606797310591,0.31911818440470274,0.34184499145616876,1.4716196024047945
2025-03-24,Pharma,0.671648335451347,-0.029216829925375516,-0.08456268946964755,-0.012938975008761499,-0.016277854916614015,-0.039676090847015434,0.983134343028794
2025-03-24,Realty,1.5299927217654385,-0.13557531805339434,-0.3139243002735225,-0.09236903161214616,-0.04320628644124819,-0.14603457897503427,1.7400805217040278
2025-03-24,Banking,2.196719582512263,0.0894325359455328,0.016998859257202348,0.01604300976597238,0.07338952617956042,0.07897327502389288,0.9949850623136581
2025-03-24,NIFTY50,1.3188177230298859,0.01045926092163992,-0.007813739760168895,-0.007235724963323204,0.017694985884963123,0.0,0.8435028063871604
2025-03-25,Auto,-0.9166432675421721,-0.24419423465671347,-0.06676366604265015,-0.042717652149484066,-0.2014765825072294,-0.2622339486231562,1.3016454034203468
2025-03-25,Energy,-1.3329452584302737,0.0780842623384063,-0.050872768689556785,-0.10274828051772378,0.1808325428561301,0.0600445483719636,1.154938569901908
2025-03-25,FMCG,-0.19057670090311118,-0.11843293319298971,-0.10201284665478687,-0.06726379052986022,-0.0511691426631295,-0.13647264715943241,0.8783298354882301
2025-03-25,Infra,-0.4072922788715849,0.09435732921867908,0.015756342353897,0.011720821666882437,0.08263650755179663,0.07631761525223638,1.0007594964175097
2025-03-25,IT,1.316191492789609,-0.4220409846156455,-0.24549265033824894,-0.12012130870042073,-0.30191967591522473,-0.4400806985820882,1.4692793984869545
2025-03-25,Media,-1.5948829308856771,-0.18933996565486624,-0.27630258628988746,-0.21856830177700495,0.02922833612213871,-0.20737967962130893,1.501475484148305
2025-03-25,Metal,-1.4029075741279207,0.2170030051111475,0.11139020505761026,0.04718581534728015,0.16981718976386737,0.19896329114470482,1.4716196024047945
2025-03-25,Pharma,-1.050244872330952,-0.07451609475988367,-0.11893027060760693,-0.007438856079710436,-0.06707723868017323,-0.09255580872632638,0.983134343028794
2025-03-25,Realty,-1.455562511823627,-0.18736640856548395,-0.31251512585871605,-0.07330136341685393,-0.11406504514863001,-0.20540612253192664,1.7400805217040278
2025-03-25,Banking,-0.18760293060073874,0.09794956196457205,0.025518401517272322,0.03718621048538422,0.06076335147918783,0.07990984799812935,0.9949850623136581
2025-03-25,NIFTY50,0.04353972876416368,0.0180397139664427,0.004705002279013677,0.008339785715080206,0.009699928251362493,0.0,0.8435028063871604
2025-03-26,Auto,0.02392707552105744,-0.19405031993620017,-0.07117787029840654,-0.04973878478356027,-0.1443115351526399,-0.21171988178185108,1.3016454034203468
2025-03-26,Energy,-0.8865036948147553,0.1203865233152035,-0.08268430749661439,-0.1105896011730086,0.2309761244882121,0.1027169614695526,1.154938569901908
2025-03-26,FMCG,-0.2687695937239165,-0.1118692091545681,-0.11182776691201027,-0.05328071352991059,-0.05858849562465752,-0.12953877100021902,0.8783298354882301
2025-03-26,Infra,-0.5228442227805274,0.10901287378173123,-0.0002956990959000298,0.005647859174111838,0.10336501460761939,0.09134331193608033,1.0007594964175097
2025-03-26,IT,-0.9817811437437984,-0.42951965005985265,-0.23783825019044727,-0.1315899181744404,-0.2979297318854123,-0.44718921190550354,1.4692793984869545
2025-03-26,Media,-2.4048572450172223,-0.19006089049326982,-0.3152839982957069,-0.2703516383671124,0.08029074787384258,-0.20773045233892073,1.501475484148305
2025-03-26,Metal,-0.3854218682668775,0.29211084172333235,0.09721360736387166,0.04391551269622085,0.2481953290271115,0.27444127987768147,1.4716196024047945
2025-03-26,Pharma,-0.8443792068005052,-0.04055374904720336,-0.14527313262322447,-0.01390156363776867,-0.02665218540943469,-0.05822331089285426,0.983134343028794
2025-03-26,Realty,-1.2917080927228097,-0.1308990848842643,-0.3300935852893226,-0.09915305282271124,-0.03174603206155306,-0.1485686467299152,1.7400805217040278
2025-03-26,Banking,-0.7730383105497562,0.08400083907908289,0.015661769751285266,0.026573821453973714,0.05742701762510917,0.06633127723343199,0.9949850623136581
2025-03-26,NIFTY50,-0.7681079328545448,0.0176695618456509,-0.008089775399764779,0.0010480669474624252,0.016621494898188476,0.0,0.8435028063871604
2025-03-27,Auto,-1.0396580621064078,-0.15100643678084388,-0.08850550466684666,-0.06756263023883362,-0.08344380654201027,-0.227757708003324,1.3016454034203468
2025-03-27,Energy,1.4381721157445515,0.2382054317753583,-0.05871477223420518,-0.08590183609381674,0.32410726786917504,0.1614541605528782,1.154938569901908
2025-03-27,FMCG,0.543705827679597,-0.029189639118820665,-0.10276600311735032,-0.05782928743980034,0.028639648320979677,-0.10594091034130078,0.8783298354882301
2025-03-27,Infra,0.6329746774211387,0.1872326207823231,0.010253878861118948,0.016798406871175606,0.1704342139111475,0.110481349559843,1.0007594964175097
2025-03-27,IT,0.566738803717648,-0.36146553406748144,-0.22975018585769724,-0.09949320807085711,-0.26197232599662434,-0.43821680528996154,1.4692793984869545
2025-03-27,Media,1.516122580312107,-0.044456776878057505,-0.29001528862383846,-0.23881145507486595,0.19435467819680846,-0.12120804810053762,1.501475484148305
2025-03-27,Metal,0.6825857968698168,0.3729630906441247,0.10859003731170196,0.030362902163553578,0.3426001884805711,0.2962118194216446,1.4716196024047945
2025-03-27,Pharma,-0.40003192940565313,0.010137993474355067,-0.1553217521416587,-0.0077292237205870175,0.017867217194942085,-0.06661327774812505,0.983134343028794
2025-03-27,Realty,1.3496860706245561,0.016303143780430258,-0.30759881744558,-0.09037532254112635,0.1066784663215566,-0.06044812744204986,1.7400805217040278
2025-03-27,Banking,0.7163810316545893,0.14640161576964386,0.021034355736438786,0.030453816853565567,0.11594779891607829,0.06965034454716375,0.9949850623136581
2025-03-27,NIFTY50,0.4474827877002596,0.07675127122248011,-0.0075465408018497255,0.009745336992050331,0.06700593423042978,0.0,0.8435028063871604
2025-03-28,Auto,-1.0282686744048197,-0.16070335420860893,-0.19193271028592326,-0.09420763226287548,-0.06649572194573344,-0.23103290836534102,1.3016454034203468
2025-03-28,Energy,-0.3305757329230996,0.23985180128771746,-0.08921606422989078,-0.08434538758017733,0.3241971888678948,0.1695222471309854,1.154938569901908
2025-03-28,FMCG,0.5878738687612683,-0.006170305351977194,-0.11854640696026726,-0.052564039159506255,0.046393733807529064,-0.07649985950870927,0.8783298354882301
2025-03-28,Infra,-0.2841413460141329,0.1819955247450507,-0.025792733615970048,0.016352404737508788,0.16564312000754192,0.11166597058831863,1.0007594964175097
2025-03-28,IT,-1.7634681995533863,-0.4015590369830428,-0.2967471351152262,-0.1282592451292223,-0.2732997918538205,-0.4718885911397749,1.4692793984869545
2025-03-28,Media,-2.29485554366482,-0.11900152467322264,-0.3399525145333339,-0.2914886560912122,0.17248713141798958,-0.1893310788299547,1.501475484148305
2025-03-28,Metal,-0.7347300827804104,0.32621188482933494,0.0821923076918037,0.031622591287917445,0.2945892935414175,0.25588233067260285,1.4716196024047945
2025-03-28,Pharma,-0.6472394758519684,0.005418520283430779,-0.17276234390422954,-0.026509338983258492,0.03192785926668927,-0.0649110338733013,0.983134343028794
2025-03-28,Realty,-1.4185629289750978,0.060365817928778785,-0.3301329803428351,-0.12253103945035784,0.18289685737913663,-0.009963736227953289,1.7400805217040278
2025-03-28,Banking,-0.021327810722948648,0.14055941008488096,0.0028912306982141014,0.02442124957724902,0.11613816050763194,0.07022985592814888,0.9949850623136581
2025-03-28,NIFTY50,-0.30773044101545244,0.07032955415673207,-0.043965436804883073,0.003261019417843341,0.06706853473888873,0.0,0.8435028063871604
2025-04-01,Auto,-0.28292362236153057,-0.16074017671141322,-0.1958709050516285,-0.08719121182914957,-0.07354896488226365,-0.18295107324132381,1.3016454034203468
2025-04-01,Energy,-0.8413453986523711,0.21505329659616565,-0.11155188818043264,-0.06955153998898418,0.28460483658514985,0.19284240006625505,1.154938569901908
2025-04-01,FMCG,-0.9107157969147739,-0.010212035572985481,-0.1379341540333499,-0.04918601700020465,0.03897398142721917,-0.032422932102896075,0.8783298354882301
2025-04-01,Infra,-0.8075363128085211,0.15678183578357446,-0.03417773768901825,0.017296245609757448,0.139485590173817,0.13457093925366387,1.0007594964175097
2025-04-01,IT,-2.4548510439746263,-0.45004454944176303,-0.31416734886650677,-0.16097667965498694,-0.2890678697867761,-0.4722554459716736,1.4692793984869545
2025-04-01,Media,2.2403015643535085,-0.06069800239152521,-0.3309746424262326,-0.23995235366751486,0.17925435127598965,-0.0829088989214358,1.501475484148305
2025-04-01,Metal,-0.8320086953533146,0.27108512813861657,0.06706440064554786,0.04765723118200018,0.22342789695661638,0.24887423160870598,1.4716196024047945
2025-04-01,Pharma,-1.7298607495915386,-0.09718534928783791,-0.18107965944941554,-0.044262575642856565,-0.052922773644981345,-0.1193962458177485,0.983134343028794
2025-04-01,Realty,-3.1070142824275226,-0.07020654324543389,-0.3715359614123979,-0.16740217347221903,0.09719563022678514,-0.09241743977534449,1.7400805217040278
2025-04-01,Banking,-1.4299499371316582,0.10095147143360128,-0.0010225453432629223,0.014098767117536819,0.08685270431606446,0.07874057490369069,0.9949850623136581
2025-04-01,NIFTY50,-1.5036571865236992,0.022210896529910595,-0.05635513103426285,-0.005480940506735014,0.02769183703664561,0.0,0.8435028063871604
2025-04-02,Auto,0.8175067841207362,-0.09246532081988222,-0.1459477442671958,-0.09770326839761163,0.005237947577729413,-0.1534399127244353,1.3016454034203468
2025-04-02,Energy,0.5243473907952767,0.3086552311310546,-0.048815778571520425,-0.08651933458399087,0.39517456571504544,0.2476806392265015,1.154938569901908
2025-04-02,FMCG,1.1315099078655688,0.03852125101617032,-0.08729141787355159,-0.061806041729841,0.10032729274601132,-0.022453340888382765,0.8783298354882301
2025-04-02,Infra,0.5363847666726373,0.21306568438214582,0.014508021703177332,-0.007731165739037513,0.22079685012118333,0.15209109247759273,1.0007594964175097
2025-04-02,IT,0.8417067942120715,-0.4216324757727418,-0.29816835206895304,-0.18815487323343952,-0.2334776025393023,-0.4826070676772949,1.4692793984869545
2025-04-02,Media,0.6132732016541853,0.07293437249227085,-0.2756345607415637,-0.22953933379744162,0.3024737062897125,0.01195978058771776,1.501475484148305
2025-04-02,Metal,0.7009121594618861,0.3539671677023352,0.13114255883226011,0.03902845013272243,0.3149387175696128,0.29299257579778215,1.4716196024047945
2025-04-02,Pharma,0.8716087258473282,0.027626892008269326,-0.15290849613295468,-0.045921699527857116,0.07354859153612645,-0.033347699896283764,0.983134343028794
2025-04-02,Realty,3.6127841074319322,0.1081289942200488,-0.25861663109025285,-0.1625199482818202,0.270648942501869,0.04715440231549572,1.7400805217040278
2025-04-02,Banking,1.0241518493925517,0.15267516671355583,0.050917080060994456,0.008659223308397202,0.14401594340515864,0.09170057480900273,0.9949850623136581
2025-04-02,NIFTY50,0.7193842458686373,0.06097459190455309,-0.01737773360874273,-0.024009409009569938,0.08498400091412303,0.0,0.8435028063871604
2025-04-03,Auto,-1.1436841018668265,-0.11284837295958897,-0.16500207611502501,-0.11806934333456513,0.0052209703749761666,-0.15767488414210162,1.3016454034203468
2025-04-03,Energy,0.2871815272776246,0.30021054997488006,-0.06483694568883797,-0.09800695381498095,0.398217503789861,0.25538403879236743,1.154938569901908
2025-04-03,FMCG,0.19393555334332735,0.05712703529051918,-0.08421057063506655,-0.06748857439858141,0.1246156096891006,0.012300524108006528,0.8783298354882301
2025-04-03,Infra,0.24483242189816679,0.21525287128079734,0.004864025720761241,-0.028865061493211403,0.24411793277400876,0.17042636009828468,1.0007594964175097
2025-04-03,IT,-4.2064574806730315,-0.5426479668913357,-0.35686590171498,-0.24222803343538968,-0.300419933455946,-0.5874744780738483,1.4692793984869545
2025-04-03,Media,1.0905687605224257,0.13285455570808705,-0.28018554603925294,-0.23782299770870938,0.3706775534167964,0.08802804452557439,1.501475484148305
2025-04-03,Metal,-0.8248788902439075,0.3009444076204134,0.09668817228857576,0.025240955657534675,0.2757034519628787,0.2561178964379008,1.4716196024047945
2025-04-03,Pharma,2.2464780717196264,0.06015333338532362,-0.12669963529082395,-0.03183818096347306,0.09199151434879668,0.015326822202810966,0.983134343028794
2025-04-03,Realty,-0.09946019970882292,0.10441284606542478,-0.2735312019138588,-0.18819372965884726,0.29260657572427207,0.05958633488291213,1.7400805217040278
2025-04-03,Banking,0.48551167465353817,0.15803397356058327,0.04965606957532157,-0.009241688527380129,0.1672756620879634,0.11320746237807061,0.9949850623136581
2025-04-03,NIFTY50,-0.35251486188494496,0.04482651118251265,-0.029735127018215752,-0.04254990288313862,0.08737641406565128,0.0,0.8435028063871604
2025-04-04,Auto,-2.6972671015639715,-0.1825692707607444,-0.20201081450469746,-0.1338224399200278,-0.0487468308407166,-0.17990187049401807,1.3016454034203468
2025-04-04,Energy,-3.7273772832521757,0.16387302434316856,-0.1266114661348537,-0.13090109278915027,0.2947741171323188,0.16654042460989488,1.154938569901908
2025-04-04,FMCG,0.04450969209253142,0.08785487590992884,-0.09075755137251654,-0.07629329881420768,0.1641481747241365,0.09052227617665518,0.8783298354882301
2025-04-04,Infra,-2.643359250567734,0.12050551894976168,-0.03814791417597441,-0.05084636114637509,0.17135188009613678,0.12317291921648801,1.0007594964175097
2025-04-04,IT,-3.5842904178264967,-0.6938686430731111,-0.42653273488722815,-0.29397005084202893,-0.3998985922310822,-0.6912012428063848,1.4692793984869545
2025-04-04,Media,-2.9724252859414158,0.05390949244955096,-0.31756215198210724,-0.2799297700749692,0.3338392625245202,0.05657689271627729,1.501475484148305
2025-04-04,Metal,-6.55958168036217,0.08011015643946612,-0.0014727050021723365,-0.05185860229699405,0.13196875873646016,0.08277755670619245,1.4716196024047945
2025-04-04,Pharma,-4.0308480609376085,-0.057316894373455884,-0.1782781448331398,-0.06583841575237762,0.008521521378921731,-0.054649494106729556,0.983134343028794
2025-04-04,Realty,-3.6015460810074784,-0.017642979176423212,-0.3309428869580172,-0.22891314397011434,0.21127016479369112,-0.014975578909696882,1.7400805217040278
2025-04-04,Banking,-0.18344419022233716,0.1635311237524384,0.058785982010476356,-0.010939435777622563,0.17447055953006096,0.1661985240191647,0.9949850623136581
2025-04-04,NIFTY50,-1.4866619775066536,-0.002667400266726331,-0.05318055824596046,-0.057811453947192636,0.05514405368046631,0.0,0.8435028063871604
2025-04-07,Auto,-3.7760109289980304,-0.3069467674511835,-0.2603122693758238,-0.1807302379705558,-0.1262165294806277,-0.19797232187440783,1.3016454034203468
2025-04-07,Energy,-2.76812147291311,0.03384326252555211,-0.138972556939093,-0.17780931773005784,0.21165258025560996,0.14281770810232777,1.154938569901908
2025-04-07,FMCG,-1.0951943589925572,0.058973501283728545,-0.12445816737095328,-0.09211890468421796,0.1510924059679465,0.1679479468605042,0.8783298354882301
2025-04-07,Infra,-3.3006770503997362,-0.003306007106079756,-0.07384135432634072,-0.09233652672527391,0.08903051961919416,0.10566843847069592,1.0007594964175097
2025-04-07,IT,-2.51450909210017,-0.734266664392057,-0.4490451115282735,-0.3202141192759504,-0.4140525451161066,-0.6252922188152813,1.4692793984869545
2025-04-07,Media,-3.9368475368449785,-0.12496512509973702,-0.3703744050365722,-0.33453717561088847,0.20957205051115146,-0.01599067952296135,1.501475484148305
2025-04-07,Metal,-6.751482087002259,-0.18676967705297584,-0.09354420774649913,-0.13567870213047975,-0.05109097492249609,-0.07779523147620017,1.4716196024047945
2025-04-07,Pharma,-2.7456225680933866,-0.12512044485700943,-0.21368120048447328,-0.08960885368414787,-0.03551159117286157,-0.01614599928023376,0.983134343028794
2025-04-07,Realty,-5.692239387739617,-0.26307014678925744,-0.3803218271824638,-0.2875717800179241,0.024501633228666664,-0.15409570121248178,1.7400805217040278
2025-04-07,Banking,-3.1893428522519085,0.024434516450792716,0.016718540553148913,-0.048724785158333776,0.0731593016091265,0.13340896202756838,0.9949850623136581
2025-04-07,NIFTY50,-3.2432546283055363,-0.10897444557677567,-0.09580547711914024,-0.09753993363703874,-0.011434511939736935,0.0,0.8435028063871604
2025-04-08,Auto,1.6280123269662106,-0.29329719755866657,-0.2126218571351962,-0.14456234235511348,-0.1487348552035531,-0.24348450872001803,1.3016454034203468
2025-04-08,Energy,1.4394578547336723,0.020801916326651886,-0.08101680566035793,-0.15356012298112628,0.17436203930777816,0.07061460516530042,1.154938569901908
2025-04-08,FMCG,1.9892537888120287,0.12675562012275154,-0.08034940847229148,-0.06383999668483958,0.19059561680759113,0.17656830896140008,0.8783298354882301
2025-04-08,Infra,1.8750117317051895,0.03239794753991313,-0.02322634871854412,-0.05894996359362007,0.0913479111335332,0.08221063637856166,1.0007594964175097
2025-04-08,IT,1.7619185353763056,-0.6707873721660753,-0.476993848784882,-0.27413464063729265,-0.39665273152878266,-0.6209746833274268,1.4692793984869545
2025-04-08,Media,4.7241013780311425,-0.004093291546631791,-0.23174203771254806,-0.28558645214533784,0.28149316059870605,0.04571939729201674,1.501475484148305
2025-04-08,Metal,1.5198149268870864,-0.20142635532042427,-0.04124609622528901,-0.11601018189437953,-0.08541617342604474,-0.15161366648177574,1.4716196024047945
2025-04-08,Pharma,1.9124322503813351,-0.05588919373158604,-0.14629570658886537,-0.06326944432638124,0.007380250594795197,-0.006076504892937505,0.983134343028794
2025-04-08,Realty,2.473590814877502,-0.21785341046603748,-0.29299991964328065,-0.26057523715680725,0.042721826690769765,-0.16804072162738895,1.7400805217040278
2025-04-08,Banking,1.3054494818549367,0.08378907275457093,0.0643782934578276,-0.025829401699015583,0.10961847445358651,0.13360176159321946,0.9949850623136581
2025-04-08,NIFTY50,1.6887318902814252,-0.04981268883864853,-0.06092994611034444,-0.06226399146225297,0.012451302623604436,0.0,0.8435028063871604
2025-04-09,Auto,0.011172823503424745,-0.2070051676141212,-0.166420430512846,-0.15566960024516285,-0.051335567368958335,-0.15403012141151248,1.3016454034203468
2025-04-09,Energy,-0.9658995073234644,0.007244689603694843,-0.04179993500724252,-0.17939842971793532,0.18664311932163016,0.06021973580630354,1.154938569901908
2025-04-09,FMCG,1.7762349160455049,0.20119492930222194,-0.030391300873621,-0.04867989601586348,0.24987482531808541,0.2541699755048306,0.8783298354882301
2025-04-09,Infra,-0.2830142894457821,0.04029252333091112,0.013572331728233245,-0.07911801667083582,0.11941054000174695,0.09326756953351982,1.0007594964175097
2025-04-09,IT,-2.186981453407444,-0.7174710867348432,-0.49063829126005715,-0.30302433355394115,-0.414446753180902,-0.6644960405322344,1.4692793984869545
2025-04-09,Media,-1.2187385618943614,-0.005647757178341554,-0.17639885112946396,-0.3151877335785238,0.30953997640018227,0.047327289024267145,1.501475484148305
2025-04-09,Metal,-1.482626496539774,-0.2847555631942503,-0.0031056814430215685,-0.14105436806011853,-0.1437011951341318,-0.23178051699164162,1.4716196024047945
2025-04-09,Pharma,-1.970760488944967,-0.05741872541489131,-0.14358304081700948,-0.11132788047725847,0.05390915506236716,-0.004443679212282614,0.983134343028794
2025-04-09,Realty,-1.898420437215509,-0.23865874254061353,-0.21685108315976345,-0.276033918102935,0.03737517556232145,-0.18568369633800483,1.7400805217040278
2025-04-09,Banking,-0.5362229266892338,0.08978949159731224,0.07913778532299075,-0.0349715567912523,0.12476104838856454,0.14276453779992093,0.9949850623136581
2025-04-09,NIFTY50,-0.6065856008070525,-0.0529750462026087,-0.046460913952999595,-0.0790838336273705,0.026108787424761797,0.0,0.8435028063871604
2025-04-11,Auto,2.0270202780577895,-0.14666058845983485,-0.16620508390741898,-0.14413289686545785,-0.0025276915943769906,-0.19305385138808934,1.3016454034203468
2025-04-11,Energy,2.7001861966897023,0.1343066084447738,-0.04505764497369023,-0.15272979413152285,0.28703640257629665,0.0879133455165193,1.154938569901908
2025-04-11,FMCG,0.861944661832359,0.21792008323190024,0.00739838099927818,-0.03859075684325777,0.256510840075158,0.17152682030364574,0.8783298354882301
2025-04-11,Infra,2.0269023419384746,0.15428618038531386,0.0296614054408643,-0.06543814030882962,0.2197243206941435,0.10789291745705937,1.0007594964175097
2025-04-11,IT,0.6873253899375653,-0.6042933448862983,-0.44365553873075725,-0.3057075812661876,-0.2985857636201107,-0.6506866078145528,1.4692793984869545
2025-04-11,Media,1.6630677709772002,0.08250923287898787,-0.19814538298702591,-0.3080884933613628,0.39059772624035066,0.036115969950733386,1.501475484148305
2025-04-11,Metal,4.087923602261867,-0.07613104868577984,-0.001241173133622612,-0.10788296510666644,0.031751916420886594,-0.12252431161403432,1.4716196024047945
2025-04-11,Pharma,2.430878542992243,0.022948520442215663,-0.12593786715358526,-0.09480963162349525,0.11775815206571091,-0.02344474248603882,0.983134343028794
2025-04-11,Realty,1.2623397123142421,-0.16954315360660424,-0.20913064549620441,-0.29582639681201056,0.12628324320540632,-0.21593641653485873,1.7400805217040278
2025-04-11,Banking,1.5171195721051633,0.16276670034294746,0.08055825797007274,-0.019254446195837962,0.18202114653878543,0.11637343741469297,0.9949850623136581
2025-04-11,NIFTY50,1.9170387409190415,0.046393262928254485,-0.0210150591033272,-0.06445764762265734,0.11085091055091181,0.0,0.8435028063871604
2025-04-15,Auto,3.3946211301704166,-0.050542531242191054,-0.10084687748469733,-0.11360901677820064,0.06306648553600958,-0.17080084027143894,1.3016454034203468
2025-04-15,Energy,2.1457191525641406,0.22957090208750178,-0.021879623306820074,-0.141291391961106,0.37086229404860777,0.1093125930582539,1.154938569901908
2025-04-15,FMCG,0.27959199205143115,0.21655809017537608,0.014375688681453336,-0.031113925529357864,0.24767201570473396,0.09629978114612821,0.8783298354882301
2025-04-15,Infra,2.4296432096289955,0.2475364007958266,0.054071777963086154,-0.05123337258184405,0.29876977337767063,0.12727809176657873,1.0007594964175097
2025-04-15,IT,1.6323680608519187,-0.5232373968237877,-0.4296109352361921,-0.29287602760107523,-0.23036136922271244,-0.6434957058530355,1.4692793984869545
2025-04-15,Media,2.9691382427168067,0.1535100019934862,-0.12605049218171532,-0.3032166836241906,0.45672668561767676,0.033251692964238314,1.501475484148305
2025-04-15,Metal,3.202010344152728,0.0817928957039423,0.04941420634230271,-0.0860090999457086,0.1678019956496509,-0.03846541332530558,1.4716196024047945
2025-04-15,Pharma,2.2006696324810227,0.11928127171111469,-0.07190564366026368,-0.07013503164527918,0.18941630335639387,-0.0009770373181331865,0.983134343028794
2025-04-15,Realty,5.644494615944695,0.06237992019054988,-0.13827008450903105,-0.23670359236543373,0.2990835125559836,-0.057878388838697996,1.7400805217040278
2025-04-15,Banking,2.700166551756733,0.25575929622913474,0.12478973704992123,-0.001763763450589965,0.2575230596797247,0.13550098719988685,0.9949850623136581
2025-04-15,NIFTY50,2.190239778210845,0.12025830902924788,0.01281746987020993,-0.04841055135875898,0.16866886038800685,0.0,0.8435028063871604
2025-04-16,Auto,-0.4254805133344641,-0.014361913000470539,-0.11883518253306376,-0.1104589933697459,0.09609708036927536,-0.15051419865864185,1.3016454034203468
2025-04-16,Energy,1.0582426981442516,0.3034304911091608,-0.026609988423478288,-0.12140748930813788,0.4248379804172987,0.1672782054509895,1.154938569901908
2025-04-16,FMCG,0.8026419152040276,0.26861804352229285,0.037049555299079794,-0.014128551766579999,0.28274659528887286,0.13246575786412154,0.8783298354882301
2025-04-16,Infra,0.36329014190237263,0.2768469157742873,0.04325355769607723,-0.042230802711131894,0.3190777184854192,0.14069463011611602,1.0007594964175097
2025-04-16,IT,0.060703339341050544,-0.5054846561881148,-0.42044282580901515,-0.29713561090262824,-0.20834904528548653,-0.6416369418462861,1.4692793984869545
2025-04-16,Media,1.8825293250196218,0.33548845761128043,-0.10261073489716223,-0.29065333016248596,0.6261417877737664,0.19933617195310913,1.501475484148305
2025-04-16,Metal,0.2959743823276906,0.07503932471717917,0.025958702898179274,-0.08077972203562804,0.15581904675280722,-0.06111296094099214,1.4716196024047945
2025-04-16,Pharma,-0.18122645592444364,0.1211255586402175,-0.07015127911492022,-0.07102006717046479,0.19214562581068229,-0.015026727017953809,0.983134343028794
2025-04-16,Realty,0.7247664322214797,0.15629846705298175,-0.13741218271593705,-0.2524090336659293,0.40870750071891104,0.020146181394810447,1.7400805217040278
2025-04-16,Banking,1.4094254431600062,0.29345167061914806,0.13026369506327648,0.0018536244257037913,0.29159804619344426,0.15729938496097676,0.9949850623136581
2025-04-16,NIFTY50,0.4657316201027051,0.1361522856581713,0.013500245662948865,-0.04370364092945543,0.17985592658762672,0.0,0.8435028063871604
2025-04-17,Auto,1.0271359159214066,0.15060578270289504,-0.09660203691157315,-0.10621931418937376,0.2568250968922688,-0.1066412916374404,1.3016454034203468
2025-04-17,Energy,1.0180308946935668,0.40706645159485855,-0.02962815973329296,-0.11447288218504986,0.5215393337799084,0.1498193772545231,1.154938569901908
2025-04-17,FMCG,0.5831824439490818,0.37553829857730037,0.02984760078355575,-0.014145178953368396,0.3896834775306688,0.11829122423696492,0.8783298354882301
2025-04-17,Infra,1.786282804391237,0.4052517476625465,0.053058507612949724,-0.031338204732815525,0.436589952395362,0.14800467332221107,1.0007594964175097
2025-04-17,IT,0.23081666441411297,-0.3584251033546282,-0.3719604295086939,-0.31624113841738105,-0.04218396493724713,-0.6156721776949636,1.4692793984869545
2025-04-17,Media,0.22502845354104295,0.4589838866963703,-0.10253954493571119,-0.2882062560138511,0.7471901427102214,0.20173681235603486,1.501475484148305
2025-04-17,Metal,0.25666125530812156,0.1298064895772211,0.010506279801834406,-0.08426593710336049,0.21407242668058157,-0.12744058476311435,1.4716196024047945
2025-04-17,Pharma,1.2093780835847667,0.22541935070921765,-0.06155369920048245,-0.0595894097716216,0.28500876048083923,-0.0318277236311178,0.983134343028794
2025-04-17,Realty,0.5114162530206245,0.2205026595576069,-0.150821973619068,-0.24394142794672088,0.46444408750432775,-0.03674441478272855,1.7400805217040278
2025-04-17,Banking,2.207264461973635,0.39431961901592405,0.1920148133751835,0.019356447214128696,0.37496317180179534,0.1370725446755886,0.9949850623136581
2025-04-17,NIFTY50,1.7683476937954135,0.25724707434033545,0.05073712688066038,-0.03499736162382318,0.2922444359641586,0.0,0.8435028063871604
2025-04-21,Auto,2.119020632956503,0.21480834311572589,-0.05256094618994233,-0.09316024326573327,0.3079685863814592,-0.08153039441212556,1.3016454034203468
2025-04-21,Energy,2.495007027146978,0.4914658967250085,-0.0017124900314635723,-0.08552175282037901,0.5769876495453875,0.19512715919715706,1.154938569901908
2025-04-21,FMCG,-0.9598724066665287,0.33712114286861944,0.015725468762750605,-0.02749347204711662,0.36461461491573605,0.04078240534076799,0.8783298354882301
2025-04-21,Infra,1.109718826509587,0.4284141464147595,0.06144593287200517,-0.01856045660259024,0.44697460301734976,0.13207540888690805,1.0007594964175097
2025-04-21,IT,2.2854224621289054,-0.30869683068550385,-0.3402382508519397,-0.28860711020633306,-0.02008972047917079,-0.6050355682133552,1.4692793984869545
2025-04-21,Media,0.9549995479735118,0.5275910137786615,-0.10321669054337382,-0.2739162908646485,0.80150730464331,0.23125227625081002,1.501475484148305
2025-04-21,Metal,2.0881259953990483,0.16005194635626072,0.027383667527282777,-0.07475784410973678,0.23480979046599748,-0.13628679117159073,1.4716196024047945
2025-04-21,Pharma,1.0616908954287796,0.24965490463554454,-0.05297730631692291,-0.04637570497327134,0.2960306096088159,-0.046683832892306903,0.983134343028794
2025-04-21,Realty,2.248254709370534,0.25345932430509904,-0.1241752576722571,-0.21839212933126848,0.4718514536363675,-0.042879413222752405,1.7400805217040278
2025-04-21,Banking,1.868294454332542,0.4724819125928788,0.1953344449560901,0.04206478839788777,0.430417124194991,0.17614317506502736,0.9949850623136581
2025-04-21,NIFTY50,1.1483498464016417,0.29633873752785145,0.05970881509207512,-0.02086188622366499,0.3172006237515164,0.0,0.8435028063871604
2025-04-22,Auto,0.3559938548062025,0.2703254691552456,-0.01953079679934318,-0.08061649377572366,0.35094196293096924,-0.03729782574099316,1.3016454034203468
2025-04-22,Energy,-0.3591101159761245,0.4537127736657968,0.023855117750758246,-0.08500778399218405,0.5387205576579809,0.14608947876955808,1.154938569901908
2025-04-22,FMCG,1.89488292809179,0.4175061788424872,0.050757585842367746,0.018261618046976964,0.39924456079551024,0.10988288394624846,0.8783298354882301
2025-04-22,Infra,-0.4880463222215581,0.4121459356740409,0.08138252917328596,-0.02541356309239647,0.43755949876643735,0.10452264077780216,1.0007594964175097
2025-04-22,IT,-0.5683307789498326,-0.2977324707717684,-0.33016319521699367,-0.29780302015129095,7.054937952255536e-05,-0.6053557656680071,1.4692793984869545
2025-04-22,Media,0.15035391787392438,0.4536167518551012,-0.07584744418439443,-0.24983141114460736,0.7034481629997086,0.14599345695886246,1.501475484148305
2025-04-22,Metal,0.18489628474027686,0.15360931108044967,0.04618699179067522,-0.07957308959946482,0.2331824006799145,-0.15401398381578907,1.4716196024047945
2025-04-22,Pharma,0.40747409057919626,0.2731553795832183,-0.023683246807691776,-0.03562521080382365,0.3087805903870419,-0.03446791531302046,0.983134343028794
2025-04-22,Realty,2.418704432885832,0.33078232153933024,-0.015194149204387752,-0.194621586892015,0.5254039084313452,0.023159026643091496,1.7400805217040278
2025-04-22,Banking,0.6196588320118712,0.48406863241326037,0.23200081856003824,0.051062699313299355,0.433005933099961,0.17644533751702163,0.9949850623136581
2025-04-22,NIFTY50,0.17284255654137493,0.30762329489623874,0.08544260049658729,-0.01629392456461863,0.3239172194608574,0.0,0.8435028063871604
2025-04-23,Auto,2.3774522960680056,0.2628164997518904,0.022249272942681902,-0.05382648249856842,0.31664298225045884,-0.02867061375400415,1.3016454034203468
2025-04-23,Energy,0.6915540256848374,0.381931792404319,0.05983077947463055,-0.07031192700595873,0.45224371941027774,0.09044467889842445,1.154938569901908
2025-04-23,FMCG,0.5316968833966484,0.3854281371172782,0.0604161677782572,0.02279872130471588,0.3626294158125623,0.09394102361138362,0.8783298354882301
2025-04-23,Infra,0.7068891391319276,0.36345456163472806,0.09796779269268494,-0.011975523786821195,0.37543008542154926,0.07196744812883349,1.0007594964175097
2025-04-23,IT,4.341638288535421,-0.22413214001963422,-0.2934857667899427,-0.2586768682578963,0.0345447282382621,-0.5156192535255288,1.4692793984869545
2025-04-23,Media,-0.0875754163001119,0.34611932688574737,-0.04729473433306171,-0.24321560987280194,0.5893349367585493,0.0546322133798528,1.501475484148305
2025-04-23,Metal,0.782049768585269,0.04493067082592044,0.07130290317476656,-0.0732456052954294,0.11817627612134984,-0.24655644267997412,1.4716196024047945
2025-04-23,Pharma,1.4035718105638972,0.268454334878014,-0.01187087349922844,-0.019150885691621655,0.28760522056963567,-0.023032778627880557,0.983134343028794
2025-04-23,Realty,1.3276836158192085,0.29755266033363875,0.08296736852345074,-0.1958103137549827,0.49336297408862145,0.006065546827744184,1.7400805217040278
2025-04-23,Banking,-0.49804561845157025,0.4505569664045861,0.2184328439006396,0.04199318375633797,0.4085637826482481,0.15906985289869152,0.9949850623136581
2025-04-23,NIFTY50,0.6690840652122221,0.29148711350589457,0.08713318339276355,-0.0084557587051606,0.29994287221105514,0.0,0.8435028063871604
2025-04-24,Auto,-0.25373393542448275,0.22824096415692274,-0.0002816649978763334,-0.06061009896837617,0.2888510631252989,-0.021027503118559526,1.3016454034203468
2025-04-24,Energy,-0.08142926168667186,0.3116492569698855,0.05544636179427686,-0.06698310186408171,0.3786323588339672,0.06238078969440322,1.154938569901908
2025-04-24,FMCG,-1.061512981928281,0.3103141365697885,0.03715584366113226,0.00635468915248041,0.3039594474173081,0.06104566929430624,0.8783298354882301
2025-04-24,Infra,-0.2600772684920427,0.30589303680958396,0.08776947082877813,-0.015464514599936585,0.32135755140952055,0.05662456953410169,1.0007594964175097
2025-04-24,IT,-0.3036790699470049,-0.24064612394403237,-0.3283286564682851,-0.2657532039288378,0.025107079984805408,-0.48991459121951464,1.4692793984869545
2025-04-24,Media,0.140867115354526,0.31835863097108846,-0.06899625014434084,-0.2359333719929609,0.5542920029640493,0.0690901636956062,1.501475484148305
2025-04-24,Metal,0.18312293680726732,-0.027048326944130528,0.0654414401851692,-0.07218428330373931,0.045135956359608785,-0.2763167942196128,1.4716196024047945
2025-04-24,Pharma,1.08400083303819,0.2554742723163032,-0.017127109000335355,-0.0076622201230090925,0.2631364924393123,0.006205805040820939,0.983134343028794
2025-04-24,Realty,-1.405071155387505,0.25635594333022504,0.042883765329404536,-0.21345656552672396,0.46981250885694903,0.007087476054742775,1.7400805217040278
2025-04-24,Banking,-0.30459127519368856,0.43093460759517294,0.21798776130518097,0.042473372328113185,0.3884612352670598,0.18166614031969067,0.9949850623136581
2025-04-24,NIFTY50,-0.33807460922566923,0.24926846727548227,0.0778997261952676,-0.013645613588738245,0.2629140808642205,0.0,0.8435028063871604
2025-04-25,Auto,-1.667821322496854,0.1646951520198107,-0.002330117533242045,-0.07021836410168612,0.2349135161214968,-0.054914390758558085,1.3016454034203468
2025-04-25,Energy,-2.2180307687877487,0.23155880103363888,0.04815693529367522,-0.08317286918978892,0.3147316702234278,0.011949258255270101,1.154938569901908
2025-04-25,FMCG,-0.624388313210833,0.28940483567492237,0.018157836625343943,0.011554447716017139,0.2778503879589052,0.06979529289655359,0.8783298354882301
2025-04-25,Infra,-1.5513582765785072,0.24528322679572387,0.07615530483278417,-0.02547713088219994,0.27076035767792384,0.025673684017355092,1.0007594964175097
2025-04-25,IT,0.7226547244280068,-0.18817042633130884,-0.32291050122283305,-0.26633069343435284,0.078160267103044,-0.4077799691096776,1.4692793984869545
2025-04-25,Media,-3.235386058143175,0.149531257070007,-0.07960431620853135,-0.24640919863593783,0.3959404557059448,-0.07007828570836178,1.501475484148305
2025-04-25,Metal,-2.0969212615019384,-0.1112898371957956,0.04551429186562593,-0.09830693551731877,-0.012982901678476835,-0.3308993799741644,1.4716196024047945
2025-04-25,Pharma,-2.2391708466673377,0.18818774812932887,-0.019320479841094713,-0.028890163045459417,0.21707791117478828,-0.03142179464903991,0.983134343028794
2025-04-25,Realty,-2.8049593556885632,0.20239833604138208,0.03457254912605938,-0.24005385829674622,0.4424521943381283,-0.0172112067369867,1.7400805217040278
2025-04-25,Banking,-0.973431238084288,0.4074118005448609,0.20935133174558326,0.035297308941577565,0.37211449160328336,0.18780225776649215,0.9949850623136581
2025-04-25,NIFTY50,-0.855166336268387,0.21960954277836878,0.0717737000214506,-0.018949465792099045,0.23855900857046783,0.0,0.8435028063871604
2025-04-28,Auto,1.6297220611971142,0.25977792536484506,0.03991175858301221,-0.057407485661383775,0.3171854110262288,-0.013553003399653707,1.3016454034203468
2025-04-28,Energy,1.714992895321954,0.33971335307830847,0.1191288900490628,-0.0691965502653512,0.4089099033436597,0.0663824243138097,1.154938569901908
2025-04-28,FMCG,0.15557325375501474,0.2872292900952966,0.03308222529442092,-0.001018765367642634,0.2882480554629392,0.013898361330797804,0.8783298354882301
2025-04-28,Infra,1.9856077743895417,0.3411754514617379,0.13580467839241733,-0.016608743146726928,0.35778419460846483,0.06784452269723912,1.0007594964175097
2025-04-28,IT,-0.22299146215438714,-0.18008710893395025,-0.27058901863292567,-0.27595988944734623,0.09587278051339598,-0.453418037698449,1.4692793984869545
2025-04-28,Media,0.788237840211603,0.18431280156838187,0.012383736518535682,-0.23114748710036923,0.41546028866875107,-0.0890181271961169,1.501475484148305
2025-04-28,Metal,1.402029121327919,-0.03595262785570392,0.11805905321669122,-0.07472948915390705,0.03877686129820313,-0.3092835566202027,1.4716196024047945
2025-04-28,Pharma,1.9809045604417763,0.27413287429669564,0.05789791473326348,-0.0032836993641141305,0.2774165736608098,0.0008019455321968683,0.983134343028794
2025-04-28,Realty,1.4138621934303375,0.31751247373932495,0.0756129745786873,-0.21945071313361197,0.536963186872937,0.04418154497482618,1.7400805217040278
2025-04-28,Banking,1.4063172944799085,0.4735820807064084,0.24323603311070827,0.043253089781802374,0.430328990924606,0.20025115194190962,0.9949850623136581
2025-04-28,NIFTY50,1.2028211882747275,0.27333092876449877,0.11080612305196764,-0.015524283487478648,0.2888552122519774,0.0,0.8435028063871604
2025-04-29,Auto,-0.24112450206252856,0.26300806014507055,0.013613001200395066,-0.06089990916669681,0.32390796931176735,-0.005763354089321271,1.3016454034203468
2025-04-29,Energy,-0.2898230774085242,0.3129663326115724,0.1375087295683334,-0.06571773338730738,0.3786840659988798,0.04419491837718059,1.154938569901908
2025-04-29,FMCG,-0.25750619342926884,0.28216770276638564,0.035155642443316,-0.0005155266347807904,0.2826832294011664,0.013396288531993816,0.8783298354882301
2025-04-29,Infra,0.045662884391517444,0.3174542931788678,0.13579529142863145,-0.013035517552624467,0.33048981073149225,0.04868287894447598,1.0007594964175097
2025-04-29,IT,1.2328434596942772,-0.11736034581370365,-0.24052955002523818,-0.2539951925505831,0.13663484673687948,-0.38613176004809546,1.4692793984869545
2025-04-29,Media,-0.7884821399925301,0.16409022179687174,0.02000051876140867,-0.25606382415312545,0.42015404594999717,-0.10468119243752008,1.501475484148305
2025-04-29,Metal,-0.9522548738219561,-0.08539630552202858,0.10877145166561776,-0.07453366339503849,-0.01086264212699009,-0.3541677197564204,1.4716196024047945
2025-04-29,Pharma,-1.0564550229220093,0.2264857074696761,0.07909161549529754,-0.019946522842937537,0.24643223031261366,-0.042285706764715714,0.983134343028794
2025-04-29,Realty,-0.2581755593803803,0.1880279607732375,0.03519818230693326,-0.25672632048500726,0.4447542812582448,-0.08074345346115433,1.7400805217040278
2025-04-29,Banking,-0.07495703024995581,0.4961682384535841,0.21416993896049266,0.04247102077212276,0.4536972176814613,0.22739682421919227,0.9949850623136581
2025-04-29,NIFTY50,0.03061930965739812,0.2687714142343918,0.1019643951841274,-0.010695770133803961,0.2794671843681958,0.0,0.8435028063871604
2025-04-30,Auto,0.04192828415308103,0.24812006691497268,-0.00980762770457407,-0.04302750131055263,0.2911475682255253,-0.024471343024418446,1.3016454034203468
2025-04-30,Energy,-0.5724610721933865,0.2861872985025086,0.09450778551402918,-0.05420952133777037,0.340396819840279,0.013595888563117497,1.154938569901908
2025-04-30,FMCG,-0.051613449432930114,0.28007506199552135,0.04267951617076623,0.0034134665766009467,0.2766615954189204,0.007483652056130219,0.8783298354882301
2025-04-30,Infra,0.2510312360502587,0.3285756214101724,0.13018369961838158,0.008828186621006904,0.31974743478916545,0.05598421147078125,1.0007594964175097
2025-04-30,IT,-0.349242280728812,-0.03190280984900373,-0.289943216688478,-0.25203818781111886,0.22013537796211513,-0.30449421978839486,1.4692793984869545
2025-04-30,Media,-2.1807255818561244,0.14244089249139194,-0.058654299080868236,-0.28054639600496795,0.4229872884963599,-0.1301505174479992,1.501475484148305
2025-04-30,Metal,-0.2945293713597974,-0.07910419473713291,0.07297058295126722,-0.05964381344585704,-0.01946038129127587,-0.35169560467652405,1.4716196024047945
2025-04-30,Pharma,0.44194479496901806,0.22615064866566392,0.05702139753350525,-0.005999577850541115,0.23215022651620504,-0.046440761273727205,0.983134343028794
2025-04-30,Realty,1.9096894548101817,0.306589646646714,0.018546456401602476,-0.23446457652632474,0.5410542231730388,0.03399823670732288,1.7400805217040278
2025-04-30,Banking,-0.5490064992214494,0.46374872604876416,0.19481872134394004,0.05185209720199251,0.41189662884677164,0.19115731610937303,0.9949850623136581
2025-04-30,NIFTY50,-0.007191007773188485,0.2725914099393911,0.08690012957398907,0.0041895853884199585,0.26840182455097117,0.0,0.8435028063871604
2025-05-02,Auto,-0.09817104875974314,0.2816791973667695,-0.004754639541278601,-0.03574143517930185,0.31742063254607134,-0.0034981119489663204,1.3016454034203468
2025-05-02,Energy,-0.3003701865763153,0.28170323783683227,0.06812633458690781,-0.04552426163206417,0.32722749946889645,-0.003474071478903551,1.154938569901908
2025-05-02,FMCG,-0.3421035694785024,0.27367572363864334,0.025016328131663063,-0.0003946018976233281,0.27407032553626665,-0.011501585677092474,0.8783298354882301
2025-05-02,Infra,0.0984582141694057,0.349916771035269,0.11897310137344798,0.01977476429154406,0.33014200674372496,0.06473946171953321,1.0007594964175097
2025-05-02,IT,0.2707151312264955,-0.005606863674075813,-0.26648464955731443,-0.25179743032131363,0.24619056664723782,-0.29078417298981163,1.4692793984869545
2025-05-02,Media,0.4921032466961295,0.20896696046084287,-0.0302158349953759,-0.25024525313392176,0.4592122135947646,-0.07621034885489295,1.501475484148305
2025-05-02,Metal,-0.7387659407746883,-0.07487390999440623,0.06244318356796969,-0.05274139621804057,-0.02213251377636566,-0.36005121931014206,1.4716196024047945
2025-05-02,Pharma,-0.6659792774950102,0.21001453151417843,0.025781315476374005,-0.025479623630073986,0.23549415514425243,-0.07516277780155739,0.983134343028794
2025-05-02,Realty,-0.4854081290824208,0.35134618365253073,-0.019198310826664663,-0.23468824029507204,0.5860344239476027,0.06616887433679491,1.7400805217040278
2025-05-02,Banking,0.05119728611837626,0.4651951925612015,0.1907227846836557,0.06704200094064053,0.39815319162056095,0.1800178832454657,0.9949850623136581
2025-05-02,NIFTY50,0.05136803511647248,0.2851773093157358,0.08153945082632563,0.01102223001416627,0.27415507930156957,0.0,0.8435028063871604
2025-05-05,Auto,1.8517901812756588,0.31306283830226417,-0.001444913662662269,-0.007021962743164966,0.32008480104542913,0.02881778778204619,1.3016454034203468
2025-05-05,Energy,1.3030692761158535,0.3063826849008092,0.0459620910066825,-0.020126565648232644,0.32650925054904184,0.022137634380591242,1.154938569901908
2025-05-05,FMCG,1.2158610877787135,0.3210216391303178,0.011292755778831709,0.019212882304525915,0.3018087568257919,0.0367765886100998,0.8783298354882301
2025-05-05,Infra,1.156406791886977,0.38413951254532763,0.11357083715092679,0.040775646525181716,0.3433638660201459,0.09989446202510965,1.0007594964175097
2025-05-05,IT,0.2769387289115244,0.0022680041231015746,-0.27114389659368854,-0.23474439693308485,0.23701240105618643,-0.2819770463971164,1.4692793984869545
2025-05-05,Media,0.6408781777016648,0.2518903966162819,-0.03453945425924401,-0.23320474573165215,0.48509514234793405,-0.032354653903936104,1.501475484148305
2025-05-05,Metal,0.959687221206118,-0.06855544624251678,0.058367045698265625,-0.030721937153045876,-0.037833509089470904,-0.3528004967627347,1.4716196024047945
2025-05-05,Pharma,0.6857062973539607,0.18102432440048796,0.03573531180814956,-0.03694883798062266,0.2179731623811106,-0.10322072611973002,0.983134343028794
2025-05-05,Realty,0.6579306758870862,0.3859833601743198,-0.04059613221291779,-0.2182384769687176,0.6042218371430373,0.1017383096541018,1.7400805217040278
2025-05-05,Banking,-0.3553484772348847,0.432976573968545,0.1754972910733976,0.07510954823736045,0.35786702573118456,0.14873152344832702,0.9949850623136581
2025-05-05,NIFTY50,0.4700890697612925,0.284245050520218,0.07081470173847082,0.02759356586380404,0.25665148465641396,0.0,0.8435028063871604
2025-05-06,Auto,0.169170684194353,0.23934290257701185,0.0013745977405769476,0.01849982645126097,0.22084307612575088,0.014421814906076358,1.3016454034203468
2025-05-06,Energy,-2.349379368518456,0.17486439505464027,0.006805768198041565,-0.02385157711508922,0.1987159721697295,-0.05005669261629522,1.154938569901908
2025-05-06,FMCG,-0.09273675091506783,0.2727427969867172,0.009747143263580579,0.029204919833394103,0.24353787715332312,0.047821709315781724,0.8783298354882301
2025-05-06,Infra,-0.8559878257362596,0.3155229377460722,0.09930437338865579,0.05440168906081874,0.26112124868525344,0.09060185007513671,1.0007594964175097
2025-05-06,IT,-0.3391123710624111,-0.053509981805453334,-0.27679576944472867,-0.2092690068064038,0.15575902500095049,-0.27843106947638885,1.4692793984869545
2025-05-06,Media,-1.5087176509879674,0.08107705847971497,-0.059684748442376805,-0.23110746024539944,0.31218451872511443,-0.14384402919122052,1.501475484148305
2025-05-06,Metal,-0.877312510659678,-0.1687224587300573,0.04374517052060432,-0.02017768269130125,-0.14854477603875607,-0.3936435464009928,1.4716196024047945
2025-05-06,Pharma,-1.1085744032926503,0.08975828331489022,0.017259071753272053,-0.0396692233520029,0.12942750666689312,-0.13516280435604527,0.983134343028794
2025-05-06,Realty,-3.5780696313238436,0.16133230840266854,-0.10023062606831518,-0.21453732007722812,0.3758696284798967,-0.06358877926826695,1.7400805217040278
2025-05-06,Banking,-1.1800937053323524,0.327437485531155,0.15582906265119173,0.07958750594886131,0.24784997958229366,0.10251639786021949,0.9949850623136581
2025-05-06,NIFTY50,-0.3333889859949313,0.2249210876709355,0.06711925551358856,0.040784320631422157,0.18413676703951334,0.0,0.8435028063871604
2025-05-07,Auto,1.6558476113053056,0.2812655549301983,-0.004510569490909037,0.03799300579545632,0.24327254913474194,0.06228638942811485,1.3016454034203468
2025-05-07,Energy,0.820077539482833,0.14317736596160088,0.10495868947903832,-0.022287405182184198,0.16546477114378508,-0.07580179954048255,1.154938569901908
2025-05-07,FMCG,-0.5153497251436101,0.2740430141841695,-0.020232521134108672,0.012802506709224979,0.2612405074749445,0.05506384868208605,0.8783298354882301
2025-05-07,Infra,0.04705631733274984,0.26807936769717633,0.14657406141819687,0.047339680648058234,0.2207396870491181,0.049100202195092896,1.0007594964175097
2025-05-07,IT,0.14246641579132024,-0.012728098180119588,-0.26080679816013774,-0.20914060469125745,0.19641250651113787,-0.231707263682203,1.4692793984869545
2025-05-07,Media,1.0610079575596787,0.08041160688748575,-0.0731672887353559,-0.2149337914560842,0.29534539834357,-0.13856755861459769,1.501475484148305
2025-05-07,Metal,0.9777424128162515,-0.17860267610580274,0.1085644927844383,-0.01916651672937789,-0.15943615937642486,-0.3975818416078862,1.4716196024047945
2025-05-07,Pharma,-0.3338869848834358,0.0620977985142294,0.01768037618093743,-0.046845518318449575,0.10894331683267897,-0.15688136698785404,0.983134343028794
2025-05-07,Realty,1.1161815218127868,0.10510129992531278,-0.1329111110832298,-0.21843360750661608,0.32353490743192886,-0.11387786557677065,1.7400805217040278
2025-05-07,Banking,0.6255597050644823,0.3220563824920912,0.1789145223902594,0.07431482739925974,0.24774155509283144,0.10307721699000774,0.9949850623136581
2025-05-07,NIFTY50,0.14274549954715887,0.21897916550208343,0.07809350046719696,0.03455318954530958,0.18442597595677385,0.0,0.8435028063871604
2025-05-08,Auto,-1.903380301136881,0.17035896009903814,-0.05109837933188014,0.010549343238995437,0.1598096168600427,0.011763380884244001,1.3016454034203468
2025-05-08,Energy,-1.5075775836561833,0.06583862461755463,0.04257545938605964,-0.03705297240782502,0.10289159702537964,-0.09275695459723951,1.154938569901908
2025-05-08,FMCG,-1.0064468371318358,0.19745505739523456,-0.03280215651500773,-0.004402419050923978,0.20185747644615853,0.038859478180440415,0.8783298354882301
2025-05-08,Infra,-1.0063212837654212,0.18615188422369458,0.08973539923056921,0.036817654839453255,0.14933422938424132,0.02755630500890044,1.0007594964175097
2025-05-08,IT,0.22869640763942822,-0.0468041900614243,-0.2784989487193634,-0.20255716976099838,0.15575297969957408,-0.20539976927621845,1.4692793984869545
2025-05-08,Media,0.2001344375410108,0.046311605613268844,-0.08210029392334135,-0.2089876054355174,0.2552992110487862,-0.1122839736015253,1.501475484148305
2025-05-08,Metal,-2.0869931998380387,-0.28662687058640945,0.043881905573237,-0.033132838163907816,-0.2534940324225016,-0.4452224498012036,1.4716196024047945
2025-05-08,Pharma,-1.618633707454531,-0.022587835601068917,-0.03834817304099273,-0.0641830081980742,0.04159517259700528,-0.18118341481586306,0.983134343028794
2025-05-08,Realty,-2.467784317009458,-0.012843787172077665,-0.18325428540346725,-0.2449237376215105,0.23207995044943286,-0.1714393663868718,1.7400805217040278
2025-05-08,Banking,-0.4490861842909921,0.2829264712125849,0.1393431905070545,0.07115674492667443,0.21176972628591048,0.12433089199779077,0.9949850623136581
2025-05-08,NIFTY50,-0.5758880297096702,0.15859557921479414,0.04151318860431722,0.029361221116884773,0.12923435809790937,0.0,0.8435028063871604
2025-05-09,Auto,-0.20441607988171961,0.14305010756939168,-0.053234077317727925,-0.0010547999550663532,0.14410490752445804,0.04391673383958185,1.3016454034203468
2025-05-09,Energy,-0.5880443979752292,-0.0016401186928116651,0.010039409056498146,-0.045949368382882785,0.04430924969007112,-0.1007734924226215,1.154938569901908
2025-05-09,FMCG,-0.6920642265390353,0.166304686032391,-0.018410359283264437,-0.008522783294134806,0.17482746932652582,0.06717131230258118,0.8783298354882301
2025-05-09,Infra,-0.8328181508208465,0.11643509572339543,0.07455156414361488,0.024454881432224667,0.09198021429117076,0.017301721993585595,1.0007594964175097
2025-05-09,IT,-0.33983148064904434,-0.06050874483143084,-0.28525556734151064,-0.2062148002940634,0.14570605546263254,-0.15964211856124066,1.4692793984869545
2025-05-09,Media,0.9233473124707237,0.0039059628643790018,-0.09661895645343291,-0.18248377542440145,0.18638973828878044,-0.09522741086543084,1.501475484148305
2025-05-09,Metal,-0.09314443516746929,-0.27152360909639384,0.01710309989882862,-0.032611594513989435,-0.2389120145824044,-0.3706569828262037,1.4716196024047945
2025-05-09,Pharma,-0.20507069435253822,-0.07398659400386827,-0.052084036997445314,-0.07402943396611135,4.283996224307973e-05,-0.1731199677336781,0.983134343028794
2025-05-09,Realty,-2.3761540747839094,-0.12462529373533758,-0.19205240598343645,-0.2739100299569271,0.1492847362215895,-0.22375866746514742,1.7400805217040278
2025-05-09,Banking,-1.4170684239803832,0.2003553270287484,0.10957476107732401,0.05676268284412195,0.14359264418462644,0.10122195329893856,0.9949850623136581
2025-05-09,NIFTY50,-1.09501096942064,0.09913337372980983,0.026278350884213115,0.016138522982967536,0.08299485074684229,0.0,0.8435028063871604
2025-05-12,Auto,3.41459802023818,0.2288778832838338,0.019143358295975837,0.02605625491227287,0.20282162837156092,0.046428190020953664,1.3016454034203468
2025-05-12,Energy,4.1897199022358,0.09022547718477177,0.09414784466933947,0.004400125881809499,0.08582535130296226,-0.09222421607810836,1.154938569901908
2025-05-12,FMCG,2.639437811191203,0.23876618758132812,0.041599934333174104,0.017125814314105463,0.22164037326722266,0.056316494318447985,0.8783298354882301
2025-05-12,Infra,3.6611129361255212,0.19045974456810147,0.14915629534831998,0.06954373235560277,0.1209160122124987,0.008010051305221338,1.0007594964175097
2025-05-12,IT,6.695770396761969,0.11597962736623946,-0.17881419677382768,-0.13327159063886904,0.2492512180051085,-0.06647006589664067,1.4692793984869545
2025-05-12,Media,3.176196372607243,0.10762544171965581,-0.031162763778510925,-0.15140430758382598,0.25902974930348177,-0.07482425154322432,1.501475484148305
2025-05-12,Metal,5.863039905513889,-0.09756609513783211,0.12736907861998822,0.04320240861769804,-0.14076850375553016,-0.28001578840071223,1.4716196024047945
2025-05-12,Pharma,0.14687540783275832,-0.0914790249244879,-0.060347927424931704,-0.086868134621261,-0.004610890303226894,-0.273928718187368,0.983134343028794
2025-05-12,Realty,5.930194304817915,0.02204809236641164,-0.056763612843491365,-0.20193350272687785,0.2239815950932895,-0.1604016008964685,1.7400805217040278
2025-05-12,Banking,3.3353731207523163,0.2383104449700835,0.16387149045780813,0.09076938782816273,0.14754105714192078,0.055860751707203365,0.9949850623136581
2025-05-12,NIFTY50,3.8183073090219954,0.18244969326288013,0.09645447709226003,0.055607404580847446,0.12684228868203268,0.0,0.8435028063871604
2025-05-13,Auto,-0.9965587265869491,0.22621403464900788,-0.008990100003852808,0.030895567521235845,0.19531846712777204,0.09153512926674506,1.3016454034203468
2025-05-13,Energy,-0.5327609224536123,0.11689828838399383,0.09749127536120007,0.00505091700162675,0.11184737138236707,-0.017780616998268994,1.154938569901908
2025-05-13,FMCG,-1.3436623637856915,0.20032999881857544,0.04094853281279287,-0.0012318981636660897,0.20156189698224153,0.06565109343631262,0.8783298354882301
2025-05-13,Infra,-1.1358827837871788,0.1661733944042484,0.13026536181146373,0.06589535970401411,0.10027803470023428,0.03149448902198557,1.0007594964175097
2025-05-13,IT,-2.423948247472818,-0.008691697309174776,-0.21536634096241014,-0.16655899932855756,0.1578673020193828,-0.1433706026914376,1.4692793984869545
2025-05-13,Media,1.6602744996794483,0.21613068940515998,0.013395361875146828,-0.11215816105820499,0.328288850463365,0.08145178402289716,1.501475484148305
2025-05-13,Metal,-0.8929479134531793,-0.08056743978200737,0.06821778266457004,0.04740432344440438,-0.12797176322641174,-0.2152463451642702,1.4716196024047945
2025-05-13,Pharma,1.2180943233157882,-0.015867718402929887,-0.04519190658140678,-0.08457608653938126,0.06870836813645137,-0.1505466237851927,0.983134343028794
2025-05-13,Realty,-0.7219789100656793,0.046500879091676564,-0.07043276473690369,-0.19284312420858518,0.23934400330026173,-0.08817802629058626,1.7400805217040278
2025-05-13,Banking,-0.798080971871229,0.21796117692773379,0.15795536944615293,0.08966599332075947,0.1282951836069743,0.08328227154547097,0.9949850623136581
2025-05-13,NIFTY50,-1.389583907654357,0.13467890538226282,0.07635930967435274,0.048029636646763386,0.08664926873549944,0.0,0.8435028063871604
2025-05-14,Auto,0.8183949729683171,0.2526962978972499,0.02932298898052484,0.03678018576681226,0.21591611213043765,0.0804044745374311,1.3016454034203468
2025-05-14,Energy,1.4226068583254259,0.1938686401553332,0.15712758173526836,0.009500008387368144,0.18436863176796506,0.021576816795514403,1.154938569901908
2025-05-14,FMCG,0.031154782200126796,0.2103274780160436,0.04922913443073773,-0.0044426852693256625,0.21477016328536927,0.0380356546562248,0.8783298354882301
2025-05-14,Infra,0.569395636301806,0.20258138970699283,0.155797131744362,0.06732999717173092,0.13525139253526192,0.03028956634717403,1.0007594964175097
2025-05-14,IT,1.3357101879809319,0.06855801374831623,-0.18048081815576822,-0.13570616221085943,0.20426417595917568,-0.10373380961150257,1.4692793984869545
2025-05-14,Media,1.2712680994819037,0.3386682008884642,0.07430365519759712,-0.09729993190098324,0.43596813278944746,0.16637637752864542,1.501475484148305
2025-05-14,Metal,2.4613222836836757,0.014324031949677737,0.15321743683650504,0.06958374889247369,-0.05525971694279595,-0.15796779141014106,1.4716196024047945
2025-05-14,Pharma,0.5653156052856323,0.031122108666608028,-0.004715820190297666,-0.08647471885994698,0.11759682752655501,-0.14116971469321077,0.983134343028794
2025-05-14,Realty,1.6968731864445363,0.14612025506392143,0.0076105850898285695,-0.17135563850490793,0.3174758935688293,-0.02617156829589737,1.7400805217040278
2025-05-14,Banking,-0.25400185341366566,0.2352623921656035,0.1596316156223432,0.08886197722272468,0.1464004149428788,0.0629705688057847,0.9949850623136581
2025-05-14,NIFTY50,0.36027960647213586,0.1722918233598188,0.09498069260273485,0.05203742418676308,0.12025439917305572,0.0,0.8435028063871604
2025-05-15,Auto,1.9180668946902069,0.35128712979047033,0.10014034650481321,0.058092040152258995,0.29319508963821134,0.1405066055491207,1.3016454034203468
2025-05-15,Energy,0.9183615683168833,0.17654162190774425,0.20737352684155128,0.01970402581311129,0.15683759609463296,-0.03423890233360538,1.154938569901908
2025-05-15,FMCG,0.5931498155938186,0.21197561094651765,0.09139298591384848,0.0021478682372723223,0.20982774270924534,0.0011950867051680192,0.8783298354882301
2025-05-15,Infra,1.5736390950962686,0.23393687029616383,0.21058474553924345,0.0848148760061339,0.14912199429002992,0.023156346054814203,1.0007594964175097
2025-05-15,IT,1.1630348828941761,0.08843454972086717,-0.13651549217330713,-0.12368860733150912,0.21212315705237628,-0.12234597452048246,1.4692793984869545
2025-05-15,Media,1.5882226703216595,0.341071537222116,0.14830738017202919,-0.07965301334185369,0.4207245505639697,0.13029101298076634,1.501475484148305
2025-05-15,Metal,1.7449012066649727,0.04973454560951627,0.21134881812682046,0.08897154007764006,-0.039236994468123794,-0.16104597863183337,1.4716196024047945
2025-05-15,Pharma,0.7921155961220672,0.07086035951753204,0.040499176495943555,-0.07992771492192846,0.15078807443946052,-0.13992016472381757,0.983134343028794
2025-05-15,Realty,1.9239514423418091,0.1652624341211632,0.09078278895079674,-0.14997840025666556,0.3152408343778288,-0.04551809012018643,1.7400805217040278
2025-05-15,Banking,1.0114737667680451,0.24509881666938535,0.1957502162195146,0.0957225093807543,0.14937630728863105,0.03431829242803572,0.9949850623136581
2025-05-15,NIFTY50,1.6021438141461841,0.21078052424134963,0.14376589773191487,0.0652291475458834,0.14555137669546625,0.0,0.8435028063871604
2025-05-16,Auto,0.6229855835409026,0.40632893838866113,0.12281279209002609,0.0074878392722715235,0.3988410991163896,0.19091660195899365,1.3016454034203468
2025-05-16,Energy,0.8547177545808138,0.21605140482454135,0.2279516030561294,0.012539758788253266,0.20351164603628807,0.0006390683948738762,1.154938569901908
2025-05-16,FMCG,0.663041843137524,0.21448121009239282,0.1041554523702078,-0.00753720127604724,0.22201841136844006,-0.000931126337274657,0.8783298354882301
2025-05-16,Infra,-0.16759809021739125,0.23782164548938853,0.20990858511721963,0.06207872608581614,0.1757429194035724,0.02240930905972105,1.0007594964175097
2025-05-16,IT,-0.839428868882075,0.11923586074324422,-0.1411615881198993,-0.15808613649573608,0.2773219972389803,-0.09617647568642326,1.4692793984869545
2025-05-16,Media,1.106394985329251,0.4544465548552516,0.16772251509101446,-0.07515282473713876,0.5295993795923903,0.23903421842558412,1.501475484148305
2025-05-16,Metal,-0.08903529824916268,0.07125770509389119,0.19873479496161303,0.0785474401591662,-0.007289735065275013,-0.14415463133577627,1.4716196024047945
2025-05-16,Pharma,-0.08060345329190532,0.08974822693620081,0.04758337360981579,-0.08525882029075277,0.1750070472269536,-0.12566410949346668,0.983134343028794
2025-05-16,Realty,1.6259229787249474,0.2667452977111647,0.16355555781997175,-0.13117355432483513,0.3979188520359998,0.0513329612814972,1.7400805217040278
2025-05-16,Banking,-0.001270196656077971,0.2457674038049477,0.19316340694491435,0.0838499550671253,0.16191744873782238,0.03035506737528021,0.9949850623136581
2025-05-16,NIFTY50,-0.16877607536591732,0.21541233642966748,0.14287094529319974,0.042493820939967106,0.1729185154897004,0.0,0.8435028063871604
2025-05-19,Auto,0.41518220830327746,0.42959913274415473,0.13442947801637076,0.012619107546965906,0.41698002519718885,0.17397058614287608,1.3016454034203468
2025-05-19,Energy,0.0730433948300524,0.24653103127395548,0.23079216393506058,0.007809084971030064,0.23872194630292543,-0.009097515327323169,1.154938569901908
2025-05-19,FMCG,-0.1859414898361611,0.23864035366167988,0.11421415904434722,-0.012409318135006626,0.2510496717966865,-0.016988192939598773,0.8783298354882301
2025-05-19,Infra,-0.14856101939200173,0.2597874886032725,0.2082846621934235,0.06381067107507866,0.19597681752819385,0.004158942001993848,1.0007594964175097
2025-05-19,IT,-1.3023970360013126,0.15765099434235463,-0.14619677754970414,-0.15689456779688632,0.31454556213924095,-0.09797755225892402,1.4692793984869545
2025-05-19,Media,-0.585802484282838,0.3602430865673734,0.14977254208792404,-0.10056873276169725,0.46081181932907067,0.10461453996609477,1.501475484148305
2025-05-19,Metal,0.09672393054469541,0.10221545929049153,0.18665029371455405,0.07878142019386242,0.02343403909662911,-0.15341308731078712,1.4716196024047945
2025-05-19,Pharma,0.49576578533536697,0.163935778100431,0.03337521440629654,-0.0660745135994667,0.2300102916998977,-0.09169276850084765,0.983134343028794
2025-05-19,Realty,2.262892410311168,0.44574218746912103,0.1877678221118436,-0.09910991178522492,0.544852099254346,0.19011364086784238,1.7400805217040278
2025-05-19,Banking,0.11887074695708932,0.2973947599412393,0.19917311568742027,0.09844988975157115,0.19894487018966817,0.04176621333996067,0.9949850623136581
2025-05-19,NIFTY50,-0.29717088137536374,0.25562854660127865,0.13891972156559465,0.04763942817758433,0.20798911842369433,0.0,0.8435028063871604
2025-05-20,Auto,-2.167750675988356,0.3300905507405183,0.11881261496031804,0.01273168740204222,0.31735886333847607,0.13339091685041696,1.3016454034203468
2025-05-20,Energy,-0.7164388458264281,0.20517149005323201,0.2569133605921433,0.03584664430339705,0.16932484574983497,0.008471856163130675,1.154938569901908
2025-05-20,FMCG,-1.3158458750046842,0.1570618275660048,0.09779153929108757,-0.005840336060366121,0.16290216362637094,-0.039637806324096525,0.8783298354882301
2025-05-20,Infra,-1.0110438779043052,0.2082065337840411,0.21063610908309344,0.0790741923967986,0.1291323413872425,0.01150689989393977,1.0007594964175097
2025-05-20,IT,-0.5184423237214242,0.11231269041123815,-0.1546598926807519,-0.1613413379088893,0.2736540283201274,-0.08438694347886319,1.4692793984869545
2025-05-20,Media,-1.363958308854396,0.2943353695504207,0.18363487102134574,-0.08564458397756892,0.37997995352798963,0.09763573566031938,1.501475484148305
2025-05-20,Metal,-0.5938734121814226,0.05905594023571457,0.20651155396902485,0.1071136859667449,-0.04805774573103034,-0.13764369365438678,1.4716196024047945
2025-05-20,Pharma,-1.3076952792668517,0.09129231126329167,0.05945960163578049,-0.07150822700087256,0.16280053826416424,-0.10540732262680967,0.983134343028794
2025-05-20,Realty,-1.1144475222912065,0.2881677998116831,0.19814839701586592,-0.07635515412294087,0.36452295393462397,0.09146816592158177,1.7400805217040278
2025-05-20,Banking,-0.9804056316672582,0.23057617723924562,0.19162567197640074,0.11080344578707817,0.11977273145216745,0.03387654334914428,0.9949850623136581
2025-05-20,NIFTY50,-1.0484831354666824,0.19669963389010134,0.12883711289732722,0.053981388890871965,0.14271824499922936,0.0,0.8435028063871604
2025-05-21,Auto,0.7177721333063936,0.39213909191295904,0.139645359476685,0.02071164656096962,0.3714274453519894,0.16619458693040534,1.3016454034203468
2025-05-21,Energy,0.5981437480749863,0.21553689741314402,0.25787372369401207,0.028621002011822713,0.1869158954013213,-0.010407607569409671,1.154938569901908
2025-05-21,FMCG,0.3681057489158146,0.1628675007517544,0.10999726802113677,-0.0018512135061262331,0.16471871425788065,-0.06307700423079929,0.8783298354882301
2025-05-21,Infra,0.5017476265530174,0.2167703739392028,0.21601162261000004,0.07549947512690842,0.14127089881229438,-0.009174131043350908,1.0007594964175097
2025-05-21,IT,0.6882442970751246,0.27546941633617666,-0.13358927527757952,-0.14608746236459447,0.42155687870077113,0.04952491135362297,1.4692793984869545
2025-05-21,Media,0.41848023650010724,0.2719324187496767,0.20239348722888187,-0.09614622444294303,0.36807864319261974,0.04598791376712302,1.501475484148305
2025-05-21,Metal,0.5690290796673825,0.10551953923275756,0.20323197342658544,0.09963196126996969,0.005887577962787868,-0.12042496574979614,1.4716196024047945
2025-05-21,Pharma,1.24672877067864,0.05796733456192545,0.059060333973624535,-0.06514397867324083,0.12311131323516628,-0.16797717042062824,0.983134343028794
2025-05-21,Realty,1.7230195735145282,0.34891712558579485,0.22666498582560982,-0.06604842608064092,0.4149655516664358,0.12297262060324116,1.7400805217040278
2025-05-21,Banking,0.36034902262873647,0.2264040888384189,0.19221903119950107,0.10857207599635402,0.11783201284206488,0.0004595838558651977,0.9949850623136581
2025-05-21,NIFTY50,0.524831270888626,0.2259445049825537,0.1353855080825332,0.055491416982040735,0.17045308800051295,0.0,0.8435028063871604
2025-05-22,Auto,-1.0134945536472983,0.4482648435101814,0.1328477863747185,0.014747738166928828,0.4335171053432526,0.20013584852421332,1.3016454034203468
2025-05-22,Energy,-0.8135303777546787,0.3126651275963939,0.23826907596978125,0.019814065108895527,0.29285106248749837,0.06453613261042582,1.154938569901908
2025-05-22,FMCG,-1.4448717698375635,0.1132214520207512,0.10053816396534003,-0.022764550241427293,0.1359860022621785,-0.1349075429652169,0.8783298354882301
2025-05-22,Infra,-0.6860379373626269,0.28201441771270636,0.201259968331234,0.06857286312025251,0.21344155459245384,0.03388542272673825,1.0007594964175097
2025-05-22,IT,-1.3051459761883821,0.3514408977241138,-0.17121387267449864,-0.16720819068344747,0.5186490884075613,0.1033119027381457,1.4692793984869545
2025-05-22,Media,1.1082984959480235,0.40795654481265803,0.23093301863110446,-0.07572258638385214,0.4836791311965102,0.15982754982668992,1.501475484148305
2025-05-22,Metal,-0.30950841147225905,0.3138553148624213,0.19698273565094365,0.1036366349526922,0.2102186799097291,0.0657263198764532,1.4716196024047945
2025-05-22,Pharma,-0.9294036084843804,0.1613488163103664,0.052015960968455247,-0.0650691577853044,0.2264179740956708,-0.0867801786756017,0.983134343028794
2025-05-22,Realty,-0.45807901747639823,0.45369936103683084,0.2180281909302038,-0.06939547095973454,0.5230948319965654,0.20557036605086274,1.7400805217040278
2025-05-22,Banking,-0.242942414002012,0.22442081471242972,0.19397596923243404,0.1139975929111275,0.11042322180130222,-0.023708180273538382,0.9949850623136581
2025-05-22,NIFTY50,-0.8211272774042211,0.2481289949859681,0.1227307973596209,0.04725595949801574,0.20087303548795238,0.0,0.8435028063871604
2025-05-23,Auto,0.2359328405210137,0.5819963024941496,0.13752476752148304,0.020457254580833962,0.5615390479133157,0.19278385750464405,1.3016454034203468
2025-05-23,Energy,0.7941739073369591,0.43140830693806287,0.23262578473180753,0.05115439768662565,0.3802539092514372,0.042195861948557345,1.154938569901908
2025-05-23,FMCG,1.6259562831739904,0.2039264734263028,0.13144998735501565,-0.014996620438534582,0.21892309386483738,-0.18528597156320273,0.8783298354882301
2025-05-23,Infra,0.8419188906459985,0.42010094908089746,0.20839747098740885,0.09080608014273868,0.3292948689381588,0.030888504091391933,1.0007594964175097
2025-05-23,IT,0.9538486582480354,0.46705282273572063,-0.13360692082816816,-0.14367913344027541,0.6107319561759961,0.0778403777462151,1.4692793984869545
2025-05-23,Media,0.5435904136980696,0.5573044764974263,0.21616967569884463,-0.06114811119190606,0.6184525876893324,0.1680920315079208,1.501475484148305
2025-05-23,Metal,0.7620030804379896,0.5643048204437628,0.1887675716953935,0.1257388016502549,0.438566018793508,0.17509237545425732,1.4716196024047945
2025-05-23,Pharma,-0.406565451229568,0.23931738687249365,0.057098471007742124,-0.0626816713654843,0.30199905823797796,-0.14989505811701187,0.983134343028794
2025-05-23,Realty,0.2621951100024056,0.6521805109615649,0.1945551820861537,-0.036154381134454204,0.6883348920960192,0.2629680659720594,1.7400805217040278
2025-05-23,Banking,0.8317044049782396,0.35845572328676795,0.19144511986878038,0.1306309347976886,0.22782478848907933,-0.030756721702737577,0.9949850623136581
2025-05-23,NIFTY50,0.9892488718005854,0.3892124449895055,0.14011899970636493,0.06586716358374169,0.32334528140576385,0.0,0.8435028063871604
2025-05-26,Auto,1.0542111635002849,0.5628695970452854,0.13478619974330938,0.04587529425829763,0.5169943027869878,0.21009828354422855,1.3016454034203468
2025-05-26,Energy,0.6866373600260101,0.4063142904478075,0.21355810338722972,0.08142689304236388,0.3248873974054436,0.05354297694675064,1.154938569901908
2025-05-26,FMCG,0.9692540888829759,0.1699264834286677,0.14834105177570964,0.003075888828028253,0.16685059460063945,-0.18284483007238914,0.8783298354882301
2025-05-26,Infra,0.42076797718144654,0.37162615726343945,0.20201205240167625,0.10839115327545037,0.26323500398798905,0.01885484376238261,1.0007594964175097
2025-05-26,IT,1.0222228859664062,0.4423963010887241,-0.1141955355386757,-0.17053046549367998,0.6129267665824041,0.08962498758766724,1.4692793984869545
2025-05-26,Media,0.4960921762660053,0.4163708364385884,0.20613877244597828,-0.015704412995502567,0.432075249434091,0.06359952293753157,1.501475484148305
2025-05-26,Metal,0.9389658969613413,0.5449431861129047,0.17175841539624018,0.15415033122077557,0.3907928548921291,0.19217187261184787,1.4716196024047945
2025-05-26,Pharma,0.31515346349884066,0.18607476064307715,0.06509278345574558,-0.03550555084488452,0.22158031148796167,-0.16669655285797969,0.983134343028794
2025-05-26,Realty,0.7631984416278215,0.5951674318532423,0.18865701069360236,0.0030558641888936214,0.5921115676643487,0.24239611835218544,1.7400805217040278
2025-05-26,Banking,0.31363806618440737,0.32539534276441706,0.20459220775949397,0.15138397656002406,0.174011366204393,-0.027375970736639776,0.9949850623136581
2025-05-26,NIFTY50,0.5954979456279652,0.35277131350105684,0.15147931233120415,0.07697047376012266,0.27580083974093417,0.0,0.8435028063871604
2025-05-27,Auto,-0.6996126240297995,0.5391767487941779,0.16608579059002834,0.06877862925616195,0.4703981195380159,0.18951166483394083,1.3016454034203468
2025-05-27,Energy,-0.004746381047748827,0.4383527279903313,0.2227987087970131,0.11825095265861545,0.32010177533171585,0.08868764403009427,1.154938569901908
2025-05-27,FMCG,-0.8801057027921666,0.08138179613407866,0.1412883627181503,0.006866398128945554,0.0745153980051331,-0.2682832878261584,0.8783298354882301
2025-05-27,Infra,-0.6285128061616629,0.3601095400395767,0.20020103168524392,0.12908473449868108,0.2310248055408956,0.010444456079339637,1.0007594964175097
2025-05-27,IT,-0.752791995194968,0.49020261636247325,-0.11363423518618501,-0.163691322052547,0.6538939384150202,0.1405375324022362,1.4692793984869545
2025-05-27,Media,-0.0886786875554213,0.45403949891655315,0.2241958708691057,0.03374726555254171,0.42029223336401145,0.10437441495631611,1.501475484148305
2025-05-27,Metal,-0.4444944184550548,0.5795475887157286,0.14739601276073913,0.19111207527656188,0.38843551343916677,0.2298825047554916,1.4716196024047945
2025-05-27,Pharma,0.1076581340116789,0.25535538140829867,0.09896832799670371,-0.01060356674190676,0.26595894815020543,-0.09430970255193838,0.983134343028794
2025-05-27,Realty,0.24364277467889828,0.6665695389163891,0.21395539818788778,0.07762245753228741,0.5889470813841018,0.3169044549561521,1.7400805217040278
2025-05-27,Banking,-0.39444183896566454,0.3301213790218693,0.20995543530959077,0.16279898322261696,0.16732239579925232,-0.019543704938367767,0.9949850623136581
2025-05-27,NIFTY50,-0.6997724870316469,0.34966508396023704,0.14834501887881413,0.0855810853514126,0.2640839986088245,0.0,0.8435028063871604
2025-05-28,Auto,-0.6774178249212226,0.4490288120282108,0.15118411178418797,0.038872881404457604,0.4101559306237532,0.17316719298526073,1.3016454034203468
2025-05-28,Energy,0.021327068393595106,0.3490574237137944,0.2416820160792841,0.08631404458880468,0.2627433791249897,0.0731958046708443,1.154938569901908
2025-05-28,FMCG,-1.4921057245326885,0.0029134499219104124,0.11041676657690531,0.005903403973488924,-0.0029899540515785114,-0.2729481691210397,0.8783298354882301
2025-05-28,Infra,-0.23474657886685124,0.2847212426793992,0.2195037115323565,0.1146813511870426,0.1700398914923566,0.008859623636449099,1.0007594964175097
2025-05-28,IT,-0.09519423780601777,0.46411862877102045,-0.07008735805763887,-0.14106414956349803,0.6051827783345185,0.18825700972807036,1.4692793984869545
2025-05-28,Media,1.0384644276997035,0.4332193874739698,0.2578643101764788,0.012309540499972666,0.42090984697399714,0.15735776843101973,1.501475484148305
2025-05-28,Metal,-0.5965625866447777,0.42339804908550716,0.17363350019986362,0.14030523427275401,0.28309281481275317,0.14753643004255707,1.4716196024047945
2025-05-28,Pharma,-0.6116085857490572,0.1539391437835887,0.0884438321129022,-0.03264553017452728,0.18658467395811598,-0.1219224752593614,0.983134343028794
2025-05-28,Realty,-0.14794075842390342,0.6195601898917843,0.22500851814259,0.06709963296645849,0.5524605569253258,0.3436985708488342,1.7400805217040278
2025-05-28,Banking,0.11598187958674622,0.2834167892712554,0.22309174480710142,0.1481777684038003,0.13523902086745512,0.007555170228305319,0.9949850623136581
2025-05-28,NIFTY50,-0.29706520659956714,0.2758616190429501,0.16112744098560228,0.07794383361209856,0.19791778543085153,0.0,0.8435028063871604
2025-05-29,Auto,0.5064597071443799,0.35275676459400956,0.1511071166759093,0.05035433654153832,0.30240242805247125,0.13897487406216802,1.3016454034203468
2025-05-29,Energy,0.27905400279446546,0.2868352520548053,0.25820307707115353,0.08102533514705505,0.20580991690775025,0.07305336152296377,1.154938569901908
2025-05-29,FMCG,-0.13177247477698106,-0.010798698972369994,0.10287969560150304,0.0059842261301788924,-0.016782925102548887,-0.22458058950421153,0.8783298354882301
2025-05-29,Infra,0.35741348467857037,0.215646918514385,0.23159165965510578,0.10793015814685245,0.10771676036753255,0.0018650279825434546,1.0007594964175097
2025-05-29,IT,0.7697655525379821,0.43536521182722254,-0.04393609249828252,-0.14128555288172054,0.576650764708943,0.221583321295381,1.4692793984869545
2025-05-29,Media,0.20497203009668397,0.3410805137199658,0.24729525785672596,0.029659843118845026,0.3114206706011208,0.12729862318812424,1.501475484148305
2025-05-29,Metal,1.2138144988906419,0.35712485424343765,0.21945887497368996,0.1519844223093477,0.20514043193408996,0.1433429637115961,1.4716196024047945
2025-05-29,Pharma,0.9164028970079618,0.11113025260115333,0.11520576215613403,-0.01089367823979134,0.12202393084094468,-0.10265163793068821,0.983134343028794
2025-05-29,Realty,1.1429767715019246,0.4695095950770253,0.26594475763378755,0.0643231420196544,0.4051864530573709,0.25572770454518373,1.7400805217040278
2025-05-29,Banking,0.23287218949059607,0.2011736438623842,0.22846647004575946,0.15025103932074224,0.050922604541641964,-0.01260824666945734,0.9949850623136581
2025-05-29,NIFTY50,0.3278479228775888,0.21378189053184155,0.1670200997805447,0.07980561009075379,0.13397628044108775,0.0,0.8435028063871604
2025-05-30,Auto,-0.9770454798722183,0.3343712657094178,0.1600046763544736,0.032233633547763416,0.30213763216165435,0.14724121241138088,1.3016454034203468
2025-05-30,Energy,-0.30467463364964864,0.24140467432834192,0.27241758271875144,0.06272823249379511,0.1786764418345468,0.05427462103030503,1.154938569901908
2025-05-30,FMCG,-0.624566624266798,-0.05837231695473085,0.10512286328378104,0.005242264547809578,-0.06361458150254043,-0.24550237025276775,0.8783298354882301
2025-05-30,Infra,-0.3205905559532707,0.1928508952525302,0.23484890551340878,0.09311933688156157,0.09973155837096864,0.005720841954493322,1.0007594964175097
2025-05-30,IT,-1.1453004647047238,0.3951650850256968,-0.05515978558120896,-0.14857352219744455,0.5437386072231414,0.2080350317276599,1.4692793984869545
2025-05-30,Media,0.0146109110117143,0.2788165665863689,0.30715251209882466,0.02453169893068147,0.2542848676556874,0.091686513288332,1.501475484148305
2025-05-30,Metal,-1.6938228441879755,0.29079828002624875,0.18291880237171393,0.11423856194086911,0.17655971808537962,0.10366822672821185,1.4716196024047945
2025-05-30,Pharma,-0.6822754311275658,0.0944286200943826,0.10777708936730006,-0.015291312711819277,0.10971993280620188,-0.09270143320365429,0.983134343028794
2025-05-30,Realty,-0.66443826932987,0.42320277169198023,0.289750619372481,0.0494594687533687,0.3737433029386115,0.23607271839394334,1.7400805217040278
2025-05-30,Banking,0.36662991272233825,0.16641379284779526,0.22993273173347167,0.14231372765811606,0.024100065189679193,-0.020716260450241636,0.9949850623136581
2025-05-30,NIFTY50,-0.333823496911434,0.1871300532980369,0.16164116947810409,0.07137684820797821,0.11575320509005868,0.0,0.8435028063871604
2025-06-02,Auto,0.006221370079662059,0.30034078084802635,0.22547328177546067,0.03571223567496,0.26462854517306633,0.17674806091828038,1.3016454034203468
2025-06-02,Energy,0.15259601022836744,0.21255684484616863,0.30981164822051355,0.05110017512652757,0.16145666971964107,0.08896412491642267,1.154938569901908
2025-06-02,FMCG,0.8131808716060895,-0.05070570269949726,0.16241629793890155,0.002996499622538081,-0.05370220232203534,-0.17429842262924322,0.8783298354882301
2025-06-02,Infra,0.12040535453281542,0.13732164692391619,0.27128669729323135,0.0811462207166052,0.05617542620731099,0.01372892699417022,1.0007594964175097
2025-06-02,IT,-0.6963725910494545,0.36425877651024446,0.002916836577808183,-0.12655402750238107,0.4908128040126255,0.2406660565804985,1.4692793984869545
2025-06-02,Media,0.3184684752160827,0.2819312339755369,0.37045756033595356,0.025617381368038147,0.2563138526074987,0.1583385140457909,1.501475484148305
2025-06-02,Metal,-0.7037793523781088,0.25878359310337445,0.19429504134029774,0.09326538423568108,0.16551820886769336,0.1351908731736285,1.4716196024047945
2025-06-02,Pharma,-0.2236314630731595,0.046661635205785056,0.13604049295750137,-0.025481921065059945,0.072143556270845,-0.0769310847239609,0.983134343028794
2025-06-02,Realty,2.3068441541324924,0.4830503683957092,0.35177651397665805,0.060468807052524394,0.4225815613431848,0.35945764846596323,1.7400805217040278
2025-06-02,Banking,0.275695153344091,0.10202814922681047,0.2481738841213673,0.16201925865905914,-0.05999110943224867,-0.021564570702935493,0.9949850623136581
2025-06-02,NIFTY50,-0.13777230725331435,0.12359271992974596,0.1904198971350407,0.0750223245636889,0.04857039536605706,0.0,0.8435028063871604
2025-06-03,Auto,-0.2501454772281031,0.2213685771752061,0.21808846014546598,0.038748894931773796,0.1826196822434323,0.15953363005970983,1.3016454034203468
2025-06-03,Energy,-1.0691861433997585,0.09375040582794407,0.29260815127647627,0.03010847525500564,0.06364193057293843,0.031915458712447796,1.154938569901908
2025-06-03,FMCG,-0.48759655926501333,-0.03496317445278008,0.15107898420791965,-0.001170745642426289,-0.03379242881035379,-0.09679812156827636,0.8783298354882301
2025-06-03,Infra,-0.7894355126155106,0.07401650228641292,0.25121532435058624,0.06563612267680775,0.008380379609605165,0.012181555170916646,1.0007594964175097
2025-06-03,IT,-0.666327003613254,0.2658671276521726,-0.021414851516665653,-0.13820312468390228,0.40407025233607485,0.2040321805366763,1.4692793984869545
2025-06-03,Media,0.5446323335335679,0.26825232682753875,0.39792167030310005,0.020606315246930348,0.2476460115806084,0.20641737971204246,1.501475484148305
2025-06-03,Metal,-0.06846651586203123,0.18689717606133846,0.17347456120879956,0.08055483703863467,0.10634233902270379,0.12506222894584218,1.4716196024047945
2025-06-03,Pharma,-0.18650184561875838,0.005055210504200458,0.1273550575698725,-0.03363313404321512,0.03868834454741558,-0.05677973661129582,0.983134343028794
2025-06-03,Realty,1.199487713159586,0.448091468522011,0.350775396413555,0.06658031772583224,0.38151115079617876,0.38625652140651473,1.7400805217040278
2025-06-03,Banking,-0.5428099672495912,0.021658001840739367,0.2470699572168091,0.1374422972509732,-0.11578429541023384,-0.0401769452747569,0.9949850623136581
2025-06-03,NIFTY50,-0.7043833380258491,0.061834947115496273,0.17908684232167388,0.06041752576654883,0.0014174213489474424,0.0,0.8435028063871604
2025-06-04,Auto,0.2746195222357306,0.21865609942285705,0.2444907842890513,0.059864835274723555,0.1587912641481335,0.15202955483211936,1.3016454034203468
2025-06-04,Energy,0.5192678627507386,0.12302967178550617,0.28837122272565147,0.05691330242900755,0.06611636935649862,0.056403127194768476,1.154938569901908
2025-06-04,FMCG,0.12576450216632562,-0.09393378865029556,0.16178619509609582,0.002527127678146643,-0.0964609163284422,-0.16056033324103325,0.8783298354882301
2025-06-04,Infra,0.6503767606127697,0.11196393838089051,0.2620549370274657,0.09157633224248747,0.02038760613840304,0.04533739379015282,1.0007594964175097
2025-06-04,IT,0.3346556156039959,0.2959666741373001,-0.0008828983172341154,-0.1214532387655624,0.4174199129028625,0.2293401295465624,1.4692793984869545
2025-06-04,Media,0.1853932731272545,0.2694203053359831,0.36151852859554207,0.039241805655731384,0.23017849968025172,0.2027937607452454,1.501475484148305
2025-06-04,Metal,0.6040207745549697,0.20086799238849487,0.17723865173447223,0.09774732532328176,0.10312066706521311,0.13424144779775718,1.4716196024047945
2025-06-04,Pharma,0.08195109458675187,-0.005795556028881021,0.13367991177716865,-0.017720683214754857,0.011925127185873836,-0.0724221006196187,0.983134343028794
2025-06-04,Realty,-0.7020067395130836,0.34406776277538037,0.3374250421573553,0.10455982145553497,0.2395079413198454,0.2774412181846427,1.7400805217040278
2025-06-04,Banking,0.13831369422199202,0.0056131639144100616,0.24484089816383522,0.15653826701149554,-0.15092510309708548,-0.06101338067632763,0.9949850623136581
2025-06-04,NIFTY50,0.3165904807986175,0.06662654459073769,0.18712491974348822,0.07917058186130409,-0.012544037270566397,0.0,0.8435028063871604
2025-06-05,Auto,-0.11314808922702202,0.13563608657968945,0.1992262931657899,0.06004487748835107,0.07559120909133837,0.07361668828900328,1.3016454034203468
2025-06-05,Energy,0.2536851132302287,0.10843404137035255,0.2451829168873358,0.07603186677320455,0.032402174597148004,0.04641464307966637,1.154938569901908
2025-06-05,FMCG,0.18349977816969343,-0.10554035882452739,0.13994388914637537,0.005097325577329004,-0.1106376844018564,-0.16755975711521356,0.8783298354882301
2025-06-05,Infra,0.5893000627107181,0.10804430250018353,0.2357494320674558,0.10132662929518446,0.006717673204999067,0.04602490420949735,1.0007594964175097
2025-06-05,IT,0.4598169615257941,0.16657262990364594,-0.02877975505799415,-0.14013296789207977,0.3067055977957257,0.10455323161295976,1.4692793984869545
2025-06-05,Media,-0.22552618423306026,0.26482194640488477,0.305470636645316,0.05674415924625377,0.208077787158631,0.2028025481141986,1.501475484148305
2025-06-05,Metal,0.5894872956645258,0.19444924329113675,0.11968995705852858,0.11235168321355664,0.08209756007758011,0.13242984500045057,1.4716196024047945
2025-06-05,Pharma,1.275050697704594,-0.010079593124191133,0.12918737087691146,-0.011273780040882671,0.0011941869166915385,-0.07209899141487731,0.983134343028794
2025-06-05,Realty,1.7520466788870426,0.3582131982109749,0.3278829292723068,0.1747159784192921,0.18349721979168282,0.2961937999202887,1.7400805217040278
2025-06-05,Banking,0.15087059997582752,0.027243704528656654,0.23890033546662137,0.15470313077664533,-0.12745942624798867,-0.034775693762029526,0.9949850623136581
2025-06-05,NIFTY50,0.5308696762106768,0.06201939829068618,0.17675325589829038,0.0787619216920711,-0.016742523401384914,0.0,0.8435028063871604
2025-06-06,Auto,1.5236356609117152,0.19488173979089604,0.21156135197390938,0.06477280326504778,0.13010893652584826,0.08763477467767881,1.3016454034203468
2025-06-06,Energy,0.2769005715960615,0.12037836914644366,0.21601381305816458,0.07709036424499913,0.043288004901444535,0.013131404033226435,1.154938569901908
2025-06-06,FMCG,0.3060264331174123,-0.05995571165633762,0.12517921245672542,0.004785325221975636,-0.06474103687831326,-0.16720267676955486,0.8783298354882301
2025-06-06,Infra,0.6662260738907744,0.13892108057961075,0.22240705869459731,0.10482000741238902,0.03410107316722173,0.031674115466393524,1.0007594964175097
2025-06-06,IT,0.5036719831867265,0.19348433167477028,-0.02358089613463101,-0.15439099375393328,0.3478753254287036,0.08623736656155305,1.4692793984869545
2025-06-06,Media,-1.1388677486970367,0.22216411760316604,0.2702613742871272,0.028057205771494766,0.19410691183167128,0.11491715248994881,1.501475484148305
2025-06-06,Metal,1.8951437503385238,0.25151660374217866,0.11223413839902403,0.12746649470417237,0.12405010903800628,0.14426963862896142,1.4716196024047945
2025-06-06,Pharma,0.18573647132287263,-0.04002173851470171,0.10772626690080074,-0.024758652171790806,-0.015263086342910907,-0.14726870362791894,0.983134343028794
2025-06-06,Realty,4.682308039788707,0.561125838050182,0.4087408906902034,0.21563112290299702,0.345494715147185,0.4538788729369648,1.7400805217040278
2025-06-06,Banking,1.4661664090327653,0.08626896066953844,0.2586017841323557,0.17408149442663348,-0.08781253375709504,-0.020978004443678783,0.9949850623136581
2025-06-06,NIFTY50,1.018752395450262,0.10724696511321723,0.17825771619434977,0.08768213916791748,0.01956482594529975,0.0,0.8435028063871604
2025-06-09,Auto,0.4896164012538229,0.2667963305825853,0.21574574130119797,0.08737869850536704,0.17941763207721823,0.11769232522679807,1.3016454034203468
2025-06-09,Energy,1.1934901289689215,0.23409573240499934,0.2328272667193191,0.11013653433078326,0.12395919807421608,0.08499172704921212,1.154938569901908
2025-06-09,FMCG,0.40034325736511,-0.025797992637139517,0.13180342151889143,0.003505893537849457,-0.029303886174988976,-0.17490199799292674,0.8783298354882301
2025-06-09,Infra,0.7488038087134941,0.21559315008934413,0.23043818844253403,0.12263458658497083,0.0929585635043733,0.06648914473355691,1.0007594964175097
2025-06-09,IT,1.0037515650723305,0.20285422636291442,0.007341900015802793,-0.14765559202758385,0.3505098183904983,0.0537502210071272,1.4692793984869545
2025-06-09,Media,0.4250329766964711,0.3441780854311542,0.24685467125058053,0.06165648433803049,0.2825216010931237,0.19507408007536697,1.501475484148305
2025-06-09,Metal,0.7500151834393121,0.34641448524022034,0.11756232402221234,0.14581435632382406,0.20060012891639628,0.19731047988443312,1.4716196024047945
2025-06-09,Pharma,0.6566950806099481,0.05650712572787448,0.1223474369286017,0.005955388681895017,0.05055173704597946,-0.09259687962791274,0.983134343028794
2025-06-09,Realty,-0.1394720282729689,0.6499754156307017,0.426186875836042,0.2397068379609402,0.41026857766976155,0.5008714102749146,1.7400805217040278
2025-06-09,Banking,0.4616658163071552,0.13410552914925322,0.2707586648470571,0.1842693975468066,-0.05016386839755338,-0.014998476206533995,0.9949850623136581
2025-06-09,NIFTY50,0.4005448710087123,0.14910400535578722,0.184356774067078,0.09755046846622947,0.051553536889557744,0.0,0.8435028063871604
2025-06-10,Auto,-0.07633543266041265,0.20992774745400103,0.23485283640942306,0.09658375487334181,0.11334399258065922,0.10077825350874832,1.3016454034203468
2025-06-10,Energy,0.44686850877742046,0.19182491952018157,0.26576913629924503,0.14336089987276907,0.04846401964741251,0.08267542557492887,1.154938569901908
2025-06-10,FMCG,0.3082477879660095,-0.020708841496773028,0.1332602242992618,0.015151869697356268,-0.0358607111941293,-0.12985833544202574,0.8783298354882301
2025-06-10,Infra,-0.09946919166204937,0.1460905845542911,0.24363301800801448,0.1392333137797086,0.006857270774582508,0.0369410906090384,1.0007594964175097
2025-06-10,IT,1.6745797477319746,0.2661066000257931,0.043009745545921456,-0.09169047908001943,0.35779707910581254,0.15695710608054042,1.4692793984869545
2025-06-10,Media,1.0887346418016586,0.35419464548415613,0.269253723526269,0.12632070617374247,0.22787393931041366,0.24504515153890344,1.501475484148305
2025-06-10,Metal,0.3450479615120905,0.31118177991302604,0.13761457602866103,0.18243329544880282,0.1287484844642232,0.20203228596777334,1.4716196024047945
2025-06-10,Pharma,0.5552770649472016,0.008986209211388655,0.14155954175404217,0.04159401289263854,-0.03260780368124988,-0.10016328473386406,0.983134343028794
2025-06-10,Realty,-1.141451168642571,0.5647983035616048,0.4411553886504649,0.23867475090632648,0.32612355265527826,0.45564880961635207,1.7400805217040278
2025-06-10,Banking,-0.37034038630361366,0.07488360645646915,0.2742328435814388,0.18711855755929518,-0.11223495110282604,-0.034265887488783564,0.9949850623136581
2025-06-10,NIFTY50,0.00418584595869298,0.10914949394525271,0.19124021135487576,0.11025391334972934,-0.0011044194044766281,0.0,0.8435028063871604
2025-06-11,Auto,0.1944493402500136,0.2244468755310858,0.24372746783807817,0.08389095931062529,0.14055591622046051,0.11138520966536412,1.3016454034203468
2025-06-11,Energy,0.2997356412731689,0.21147687680957133,0.2622216047105719,0.16216477864874604,0.049312098160825296,0.09841521094384965,1.154938569901908
2025-06-11,FMCG,-0.6729667065710432,-0.0345575252681655,0.12380508874911007,0.011917919872822166,-0.04647544514098767,-0.1476191911338872,0.8783298354882301
2025-06-11,Infra,0.25328516933385004,0.1530113273857022,0.23523281028228502,0.14153397008098836,0.011477357304713831,0.039949661519980514,1.0007594964175097
2025-06-11,IT,1.2644929014360207,0.2671615814171846,0.07490061780174048,-0.07129917287776394,0.33846075429494854,0.1540999155514629,1.4692793984869545
2025-06-11,Media,-0.06641205773965098,0.3782636482259187,0.27117693501139517,0.13942156191624536,0.23884208630967332,0.265201982360197,1.501475484148305
2025-06-11,Metal,-0.1461706503834037,0.3380512540276444,0.1263274742528079,0.18519805245296,0.1528532015746844,0.22498958816192272,1.4716196024047945
2025-06-11,Pharma,0.49731360773190847,0.06077849689985258,0.14363210218476438,0.0729872426301492,-0.012208745730296622,-0.0522831689658691,0.983134343028794
2025-06-11,Realty,0.09256076456001239,0.5764895143596179,0.3822587375664277,0.2156286263244948,0.3608608880351231,0.46342784849389623,1.7400805217040278
2025-06-11,Banking,-0.29905394545787223,0.06741370928287194,0.28179097386822805,0.1652511957346191,-0.09783748645174717,-0.045647956582849744,0.9949850623136581
2025-06-11,NIFTY50,0.14798446727146697,0.11306166586572168,0.19091654005005676,0.10566348541132549,0.0073981804543961915,0.0,0.8435028063871604
2025-06-12,Auto,-1.6525735990906676,0.16796347942296083,0.20804177316896674,0.04944940800460422,0.11851407141835661,0.08823239550742158,1.3016454034203468
2025-06-12,Energy,-1.9286101219047946,0.1662719084858577,0.22622960349418317,0.11842915983797199,0.04784274864788572,0.08654082457031846,1.154938569901908
2025-06-12,FMCG,-1.2835762781914228,-0.0756229528934486,0.10222605455103635,0.003245359816027952,-0.07886831270947656,-0.15535403680898785,0.8783298354882301
2025-06-12,Infra,-1.3898046885699067,0.09831679656503,0.21344620898760122,0.11956139860059771,-0.021244602035567703,0.018585712649490757,1.0007594964175097
2025-06-12,IT,-0.8353895609138684,0.25095667207768274,0.1095269311143395,-0.10964325376642442,0.36059992584410716,0.1712255881621435,1.4692793984869545
2025-06-12,Media,-0.424731325393668,0.4367967901080006,0.28961884129969623,0.10649606398208804,0.33030072612591255,0.35706570619246136,1.501475484148305
2025-06-12,Metal,-1.5512100899050862,0.2961618967428015,0.10852885100283426,0.14736768754844531,0.1487942091943562,0.2164308128272623,1.4716196024047945
2025-06-12,Pharma,-0.09520722136856508,0.042873429688599814,0.13451203917713186,0.05230540825187011,-0.009431978563270299,-0.036857654226939436,0.983134343028794
2025-06-12,Realty,-2.024822369721957,0.44533912020854666,0.37596438342763033,0.16081067767058385,0.28452844253796283,0.3656080362930074,1.7400805217040278
2025-06-12,Banking,-0.6680851735085591,0.06344442013996827,0.26359657309436624,0.1510272876092828,-0.08758286746931453,-0.016286663775570975,0.9949850623136581
2025-06-12,NIFTY50,-1.0071084662786611,0.07973108391553925,0.1761612469274652,0.08451044768783914,-0.0047793637722998855,0.0,0.8435028063871604
2025-06-13,Auto,-0.36050362555876125,0.1592190601963269,0.22044912878154815,0.04990326037125656,0.10931579982507034,0.10391510694440259,1.3016454034203468
2025-06-13,Energy,-0.4950137562427237,0.15978378949697744,0.22074351366690484,0.09867881955693103,0.06110496994004641,0.10447983624505314,1.154938569901908
2025-06-13,FMCG,-1.0470239213420607,-0.0991202979555672,0.08727771284153807,-0.016362547230747024,-0.08275775072482018,-0.1544242512074915,0.8783298354882301
2025-06-13,Infra,-0.7071766001528146,0.07146230275428933,0.2106895368947792,0.10313616850039509,-0.031673865746105756,0.01615834950236502,1.0007594964175097
2025-06-13,IT,0.023268717530067207,0.2427084582878018,0.11855079730686299,-0.09675361360894234,0.33946207189674416,0.1874045050358775,1.4692793984869545
2025-06-13,Media,0.1711952604288136,0.42609985723242344,0.31753340884663306,0.12188939574722385,0.3042104614851996,0.3707959039804991,1.501475484148305
2025-06-13,Metal,-0.9595143104508708,0.2888036177535954,0.10696485387959458,0.13789666162984496,0.15090695612375046,0.23349966450167112,1.4716196024047945
2025-06-13,Pharma,-0.23143788318715774,0.05735814283219489,0.13368633717318665,0.036306924594980965,0.021051218237213926,0.0020541895802705795,0.983134343028794
2025-06-13,Realty,0.059613053669882454,0.46350649296695673,0.40742633830974373,0.1417032904378758,0.3218032025290809,0.4082025397150324,1.7400805217040278
2025-06-13,Banking,-0.9899678438585191,0.0287389158074051,0.24696705418430334,0.13672816172490548,-0.10798924591750038,-0.02656503744451921,0.9949850623136581
2025-06-13,NIFTY50,-0.6814458847919758,0.05530395325192431,0.17024063128383002,0.07279428496819186,-0.01749033171626755,0.0,0.8435028063871604
2025-06-16,Auto,0.17511428059260314,0.10332986350689172,0.20819635090457791,0.03348001206052238,0.06984985144636933,0.032962900021315356,1.3016454034203468
2025-06-16,Energy,0.7551602636230115,0.14152015574721602,0.22395142032401266,0.077814779253527,0.06370537649368901,0.07115319226163966,1.154938569901908
2025-06-16,FMCG,0.6348256853130119,-0.11848814470442391,0.10126674721294693,-0.0319675443822535,-0.0865206003221704,-0.1888551081900003,0.8783298354882301
2025-06-16,Infra,1.080592214646403,0.06893515017960354,0.2265373313624656,0.09869227482715238,-0.029757124647548844,-0.0014318133059728205,1.0007594964175097
2025-06-16,IT,1.5695673329997328,0.2857960784240754,0.1440320412735885,-0.0854972382544339,0.3712933166785093,0.21542911493849903,1.4692793984869545
2025-06-16,Media,0.5706491932828905,0.42375889108513093,0.3378246438507064,0.11822666085554762,0.3055322302295833,0.35339192759955457,1.501475484148305
2025-06-16,Metal,1.074115408156362,0.2926178906519369,0.11203122220471003,0.1364506606828227,0.1561672299691142,0.22225092716636052,1.4716196024047945
2025-06-16,Pharma,0.24697956193264758,0.04273391831815112,0.11187912135931954,0.03806818064481675,0.0046657376733343706,-0.027633045167425242,0.983134343028794
2025-06-16,Realty,1.3157241607279602,0.48543294246165253,0.4357081513179862,0.13474689267860565,0.35068604978304685,0.41506597897607617,1.7400805217040278
2025-06-16,Banking,0.7519661270536604,0.06564940261702328,0.24931298829278414,0.13888132825460617,-0.07323192563758289,-0.004717560868553086,0.9949850623136581
2025-06-16,NIFTY50,0.921979376770854,0.07036696348557636,0.1773060070028972,0.07066545565417266,-0.000298492168596301,0.0,0.8435028063871604
2025-06-17,Auto,-0.6031654862901581,0.07758532449074135,0.15846411353387657,0.02677817332396507,0.05080715116677628,0.008545297446987232,1.3016454034203468
2025-06-17,Energy,-0.48444055138076036,0.20368478298513923,0.18927458901988975,0.07243210646040746,0.13125267652473177,0.1346447559413851,1.154938569901908
2025-06-17,FMCG,-0.2998740351085716,-0.12539272084420738,0.07367503807125493,-0.035299478105682076,-0.09009324273852531,-0.1944327478879615,0.8783298354882301
2025-06-17,Infra,-0.4735987105658368,0.08168145401861764,0.1986021958823449,0.0934300669319764,-0.011748612913358769,0.01264142697486352,1.0007594964175097
2025-06-17,IT,0.7244143356879285,0.32124696864908675,0.13386849342181673,-0.07744819008012359,0.39869515872921035,0.25220694160533264,1.4692793984869545
2025-06-17,Media,-0.7229428906830204,0.44995138309529586,0.26551422078750536,0.11019396207018074,0.33975742102511514,0.38091135605154175,1.501475484148305
2025-06-17,Metal,-1.4302846085005205,0.27418548739057547,0.052731514330259056,0.12055860947726137,0.15362687791331409,0.20514546034682135,1.4716196024047945
2025-06-17,Pharma,-1.890466650797873,0.016670843401310368,0.0532145633581003,0.01706299563595149,-0.0003921522346411223,-0.05236918364244375,0.983134343028794
2025-06-17,Realty,-0.6468661829756583,0.5831397240732588,0.37223601623796365,0.12755949064554278,0.455580233427716,0.5140996970295046,1.7400805217040278
2025-06-17,Banking,-0.4124594135384574,0.09123721234348643,0.20933734893732073,0.13429844588195666,-0.04306123353847023,0.022197185299732317,0.9949850623136581
2025-06-17,NIFTY50,-0.37319707924959866,0.06904002704375412,0.1469805573573448,0.06775951269031041,0.0012805143534437013,0.0,0.8435028063871604
2025-06-18,Auto,0.36615889605930985,0.03459570064920815,0.15793062778970318,0.008524853889130017,0.026070846760078134,-0.024140341331529223,1.3016454034203468
2025-06-18,Energy,-0.47005586212188755,0.16068033626498188,0.15192885111329138,0.12353257174101948,0.0371477645239624,0.10194429428424451,1.154938569901908
2025-06-18,FMCG,-0.4685750679735867,-0.1238335656052066,0.07510472428948146,-0.05476620262447466,-0.06906736298073193,-0.18256960758594398,0.8783298354882301
2025-06-18,Infra,-0.3473383439871136,0.06853496530795551,0.16830716650256594,0.12056102938144976,-0.05202606407349425,0.009798923327218136,1.0007594964175097
2025-06-18,IT,-0.8263092940838046,0.28895444498658257,0.1381131734032315,-0.07755305044456429,0.36650749543114686,0.2302184030058452,1.4692793984869545
2025-06-18,Media,-1.2707452770002292,0.3722262752766322,0.22631894108205894,0.07529723260197346,0.29692904267465875,0.3134902332958948,1.501475484148305
2025-06-18,Metal,-0.7171240169955184,0.21768993973018314,0.01954363181219017,0.14493964176635324,0.0727502979638299,0.15895389774944577,1.4716196024047945
2025-06-18,Pharma,-0.15909313031654548,0.022497305220206713,0.042297551867218064,0.01928601919402719,0.003211286026179521,-0.03623873676053066,0.983134343028794
2025-06-18,Realty,-0.47351166372369136,0.5301499512220428,0.3176256255736778,0.08810924301852768,0.4420407082035151,0.4714139092413054,1.7400805217040278
2025-06-18,Banking,0.20569561900163347,0.07724174280805814,0.19964906265007462,0.14502359586285898,-0.06778185305480085,0.01850570082732076,0.9949850623136581
2025-06-18,NIFTY50,-0.16637405234334324,0.058736041980737376,0.13885760374141037,0.07164101430504376,-0.012904972324306381,0.0,0.8435028063871604
2025-06-19,Auto,0.5246179956087227,0.11552897720739494,0.14294396865321654,0.00444407284787821,0.11108490435951673,0.04012242698334409,1.3016454034203468
2025-06-19,Energy,-1.1038022239445833,0.17413951492203517,0.11998906976979494,0.08643014456471815,0.08770937035731702,0.09873296469798432,1.154938569901908
2025-06-19,FMCG,-0.3101763050783912,-0.10062454787009179,0.04841525476257139,-0.05540962030003575,-0.04521492757005603,-0.17603109809414264,0.8783298354882301
2025-06-19,Infra,-0.216796754128723,0.09485244962917878,0.1405021669264367,0.09144108269677241,0.0034113669324063733,0.019445899405127934,1.0007594964175097
2025-06-19,IT,-0.9375885091038705,0.25007828109513924,0.10163704551685751,-0.10230653878119587,0.35238481987633513,0.1746717308710884,1.4692793984869545
2025-06-19,Media,-1.9130207950705302,0.3017877675229142,0.17404968656809144,0.04586239322541048,0.2559253742975037,0.22638121729886335,1.501475484148305
2025-06-19,Metal,-1.2862698079600388,0.24438071945944978,-0.021123075563479848,0.11071484353530794,0.13366587592414184,0.16897416923539893,1.4716196024047945
2025-06-19,Pharma,-0.6788403892751704,0.05382374915951873,0.015617956779224914,-0.007624198974155578,0.06144794813367431,-0.02158280106453212,0.983134343028794
2025-06-19,Realty,-1.6007556768017683,0.5590509058956324,0.2731035593617773,0.0641807783628993,0.49487012753273313,0.4836443556715816,1.7400805217040278
2025-06-19,Banking,-0.45012790229048694,0.07720701887474164,0.18006674504366327,0.11863113329628355,-0.04142411442154191,0.0018004686506907924,0.9949850623136581
2025-06-19,NIFTY50,-0.07577278241026608,0.07540655022405085,0.11700106471942252,0.0528109758108951,0.022595574413155753,0.0,0.8435028063871604
2025-06-20,Auto,1.0441769545147306,0.15714874502060994,0.15009942629500078,0.01689353012838469,0.14025521489222526,0.002333592616411778,1.3016454034203468
2025-06-20,Energy,0.9251829380518828,0.2245804261229389,0.11147015371506365,0.08155308141197841,0.1430273447109605,0.06976527371874075,1.154938569901908
2025-06-20,FMCG,0.6400641424189724,-0.056220268904824865,0.05504220856378306,-0.031013662490451246,-0.025206606414373618,-0.21103542130902303,0.8783298354882301
2025-06-20,Infra,1.7320163795187637,0.18034693397383247,0.14839101484861394,0.10981668742035408,0.07053024655347839,0.025531781569634315,1.0007594964175097
2025-06-20,IT,0.8444340587460797,0.2895537990749767,0.11452252712177297,-0.09365244520268151,0.3832062442776582,0.13473864667077853,1.4692793984869545
2025-06-20,Media,0.35052564950448506,0.28269371209070626,0.14329983747754257,0.029818599727946794,0.25287511236275945,0.1278785596865081,1.501475484148305
2025-06-20,Metal,1.085669540145151,0.2836745186365371,0.006075454770071616,0.1059602394780648,0.1777142791584723,0.12885936623233893,1.4716196024047945
2025-06-20,Pharma,0.7982072150630515,0.08726634614003839,0.006639876068085064,-0.005633909284950746,0.09290025542498914,-0.06754880626415977,0.983134343028794
2025-06-20,Realty,2.1052656171304474,0.7084315622927778,0.29190313427872,0.10810891677530159,0.6003226455174763,0.5536164098885796,1.7400805217040278
2025-06-20,Banking,1.2152453076636371,0.1649508099295423,0.18265306847914534,0.12803344402806344,0.03691736590147887,0.01013565752534415,0.9949850623136581
2025-06-20,NIFTY50,1.287247095983779,0.15481515240419816,0.126974263067004,0.0691239513908748,0.08569120101332336,0.0,0.8435028063871604
2025-06-23,Auto,-0.9214747125639411,0.012612987260539254,0.12074543527218652,0.0169665679508303,-0.004353580690291044,0.003724230114640084,1.3016454034203468
2025-06-23,Energy,0.02457851414323642,0.08574237985318682,0.08798392851897932,0.09134602306395526,-0.005603643210768436,0.07685362270728766,1.154938569901908
2025-06-23,FMCG,-0.7396863170580081,-0.1688577398464652,0.034954223867431446,-0.028552623726705677,-0.14030511611975954,-0.1777464969923644,0.8783298354882301
2025-06-23,Infra,-0.512017359305128,0.04124259079281082,0.11585116768045615,0.11318506049648358,-0.07194246970367277,0.03235383364691165,1.0007594964175097
2025-06-23,IT,-1.4807032511435003,0.01700467747812775,0.06649215242218362,-0.11354123868984255,0.1305459161679703,0.008115920332228578,1.4692793984869545
2025-06-23,Media,4.394552987828981,0.3233055992647642,0.21546552049220993,0.08699335723591409,0.23631224202885012,0.31441684211886506,1.501475484148305
2025-06-23,Metal,0.6560107442610708,0.11010687992810987,0.006270392395138861,0.12161501238936212,-0.011508132461252249,0.1012181227822107,1.4716196024047945
2025-06-23,Pharma,0.061070738675805814,0.0844061905014733,-0.0035364172115072887,-0.012096554782796703,0.09650274528427,0.07551743335557413,0.983134343028794
2025-06-23,Realty,-0.09865337896854953,0.5074699728332288,0.2647590325998202,0.1313142490487487,0.37615572378448014,0.49858121568732966,1.7400805217040278
2025-06-23,Banking,-0.34398256199512645,0.04230562050462757,0.1403080327373555,0.12334953380674796,-0.08104391330212038,0.0334168633587284,0.9949850623136581
2025-06-23,NIFTY50,-0.559484548726974,0.00888875714589917,0.09566922520438965,0.06726590377680641,-0.05837714663090724,0.0,0.8435028063871604
2025-06-24,Auto,0.5843686566613826,0.06531056670215031,0.14576230067557908,0.015776788898148222,0.04953377780400209,0.0004315803449850414,1.3016454034203468
2025-06-24,Energy,0.33166258789185665,0.11455649686470244,0.11572739262434813,0.10317968252903419,0.011376814335668256,0.04967751050753717,1.154938569901908
2025-06-24,FMCG,0.2202768836990776,-0.11672643159697293,0.04180178361080126,-0.011609788657129064,-0.10511664293984387,-0.1816054179541382,0.8783298354882301
2025-06-24,Infra,0.4056736908544023,0.09262780661419685,0.1294006005092226,0.11771951007904144,-0.025091703464844586,0.027748820257031584,1.0007594964175097
2025-06-24,IT,0.010016259898049107,0.09813682772382332,0.044722565207324295,-0.11086528473366566,0.20900211245748898,0.03325784136665805,1.4692793984869545
2025-06-24,Media,-1.1210235250657785,0.23059566510659,0.22336317725587493,0.08579546295229452,0.14480020215429545,0.16571667874942472,1.501475484148305
2025-06-24,Metal,1.0061347348506722,0.17340963487157157,0.046421097544782075,0.10328173340023723,0.07012790147133434,0.1085306485144063,1.4716196024047945
2025-06-24,Pharma,0.21224437156392995,0.050877858776411364,0.017505070186740745,-0.013168651462134065,0.06404651023854543,-0.014001127580753905,0.983134343028794
2025-06-24,Realty,0.15799886904295235,0.5368025654701831,0.2916517222809299,0.13197901199879195,0.4048235534713912,0.47192357911301785,1.7400805217040278
2025-06-24,Banking,0.7180726565329643,0.09284407478476735,0.15540262585625056,0.13625160455902438,-0.043407529774257034,0.027965088427602078,0.9949850623136581
2025-06-24,NIFTY50,0.29012296868362597,0.06487898635716527,0.09977894586971402,0.07253253523529025,-0.0076535488781249855,0.0,0.8435028063871604
2025-06-25,Auto,0.9727449334166804,0.07045556538376242,0.16157593164050615,0.043033847781604025,0.027421717602158398,-0.009086835825749345,1.3016454034203468
2025-06-25,Energy,0.26170646038623513,0.0758598169333961,0.13486422854436464,0.13003832680131092,-0.05417850986791482,-0.0036825842761156746,1.154938569901908
2025-06-25,FMCG,0.7377672683994918,-0.0931726820569941,0.058577397979524735,0.0017618622681604536,-0.09493454432515455,-0.17271508326650586,0.8783298354882301
2025-06-25,Infra,0.930302179570619,0.10465802472315729,0.15361970721507504,0.13875076273729378,-0.034092738014136495,0.02511562351364552,1.0007594964175097
2025-06-25,IT,1.6355676845793976,0.10813207761043885,0.08834504567937757,-0.08427651956703254,0.19240859717747139,0.028589676400927078,1.4692793984869545
2025-06-25,Media,1.9869258801341383,0.25445092446166445,0.2965595626750643,0.13435274495228622,0.12009817950937823,0.17490852325215267,1.501475484148305
2025-06-25,Metal,0.4100761754728621,0.10503476459787779,0.05967939827377774,0.13715654609029596,-0.032121781492418164,0.025492363388366024,1.4716196024047945
2025-06-25,Pharma,0.6123134087921756,0.052444452226629475,0.041783280446618755,0.014337603948678047,0.038106848277951424,-0.027097948982882293,0.983134343028794
2025-06-25,Realty,0.537344067737866,0.4981515948466276,0.3221359249552745,0.17112425500876155,0.327027339837866,0.4186091936371158,1.7400805217040278
2025-06-25,Banking,0.2820486104913478,0.11071242358160112,0.1729874078736023,0.14332521827542916,-0.03261279469382804,0.03117002237208935,0.9949850623136581
2025-06-25,NIFTY50,0.8001820520425307,0.07954240120951177,0.1259171122846653,0.08983459547166049,-0.010292194262148724,0.0,0.8435028063871604
2025-06-26,Auto,0.56194207232656,0.02525140463830753,0.18826926721438894,0.07517736588264465,-0.04992596124433712,-0.041059572146763985,1.3016454034203468
2025-06-26,Energy,1.0009638976229196,0.07861322791026397,0.12757742490900412,0.16445342719778883,-0.08584019928752486,0.012302251125192454,1.154938569901908
2025-06-26,FMCG,0.6786656521560408,-0.09032215417158669,0.060826728387465466,0.030821272552036753,-0.12114342672362344,-0.1566331309566582,0.8783298354882301
2025-06-26,Infra,1.6327174481288287,0.10662730315757596,0.1702820867268699,0.17593226474535428,-0.06930496158777832,0.040316326372504444,1.0007594964175097
2025-06-26,IT,-0.1281831575554393,0.06509147626211834,0.07676301299149277,-0.06931316936149863,0.13440464562361698,-0.0012195005229531791,1.4692793984869545
2025-06-26,Media,-1.0946345212194175,0.1650223514102952,0.2530469443162055,0.15387903725145116,0.011143314158844037,0.09871137462522368,1.501475484148305
2025-06-26,Metal,2.3083394596163043,0.12381603969625551,0.08677529265288587,0.18217122531663216,-0.05835518562037664,0.057505062911184,1.4716196024047945
2025-06-26,Pharma,0.015585730564993128,0.026560123374727004,0.04871024144612953,0.035852825455538036,-0.009292702080811031,-0.03975085341034451,0.983134343028794
2025-06-26,Realty,-0.9953931835397167,0.40084010731724334,0.2830512707192033,0.19413522840627892,0.20670487891096442,0.3345291305321718,1.7400805217040278
2025-06-26,Banking,1.034155606886622,0.11146848491888701,0.1782836507941362,0.16765630578597207,-0.056187820867085056,0.0451575081338155,0.9949850623136581
2025-06-26,NIFTY50,1.2052010814129765,0.06631097678507152,0.13854575051321055,0.11794759074963375,-0.051636613964562234,0.0,0.8435028063871604
2025-06-27,Auto,0.19301636156008328,0.010919097238946884,0.208624017813804,0.08551489380633301,-0.07459579656738613,-0.07260343130225869,1.3016454034203468
2025-06-27,Energy,1.0047236783148117,0.08361342536806389,0.14983241509630263,0.17983887716010755,-0.09622545179204366,9.08968268583249e-05,1.154938569901908
2025-06-27,FMCG,-0.017781194639732156,-0.11301625543082856,0.05073247733078212,0.03176488310319568,-0.14478113853402425,-0.19653878397203411,0.8783298354882301
2025-06-27,Infra,0.8860855550101077,0.14175009133182595,0.1897858684106072,0.18718908718875507,-0.04543899585692912,0.058227562790620385,1.0007594964175097
2025-06-27,IT,-0.4444037086899333,0.07825898160185639,0.09874742117255032,-0.0680213982126474,0.14628037981450379,-0.005263546939349176,1.4692793984869545
2025-06-27,Media,0.229377529948116,0.13578843623092407,0.2951174955430878,0.15707782213765098,-0.02128938590672691,0.052265907689718505,1.501475484148305
2025-06-27,Metal,0.35256131838166116,0.13853592691728298,0.10489681600558705,0.17866850561350303,-0.040132578696220056,0.05501339837607741,1.4716196024047945
2025-06-27,Pharma,0.5520877236002253,0.04764982927113136,0.0686990281036661,0.04760552549692098,4.4303774210378843e-05,-0.03587269927007421,0.983134343028794
2025-06-27,Realty,-1.545240530391312,0.295134657013368,0.2809399773622664,0.20741525755110382,0.08771939946226417,0.21161212847216243,1.7400805217040278
2025-06-27,Banking,0.41463538709511916,0.12533200437726025,0.185549704091104,0.17055293942236296,-0.04522093504510272,0.04180947583605468,0.9949850623136581
2025-06-27,NIFTY50,0.3475704773181043,0.08352252854120557,0.1494674324854365,0.12308813970920171,-0.039565611167996145,0.0,0.8435028063871604
2025-06-30,Auto,-0.5639733584335227,-0.02171942165227979,0.20393985554593747,0.08237984479348721,-0.104099266445767,-0.09944817172378012,1.3016454034203468
2025-06-30,Energy,0.07127810797884493,0.08355458247302365,0.16504280687348954,0.18171297011438156,-0.09815838764135791,0.005825832401523318,1.154938569901908
2025-06-30,FMCG,-0.4084660627120762,-0.12043374119335908,0.059103306234160415,0.035998192298445114,-0.15643193349180418,-0.1981624912648594,0.8783298354882301
2025-06-30,Infra,-0.3109600403673807,0.13633679063264662,0.19806213961795957,0.18430203833983122,-0.047965247707184605,0.05860804056114628,1.0007594964175097
2025-06-30,IT,0.32725690295738463,0.13258077956714628,0.1451158869547505,-0.05327092517742068,0.18585170474456697,0.05485202949564595,1.4692793984869545
2025-06-30,Media,0.37760538250573017,0.167902031790543,0.26407255917895817,0.15581570532213035,0.01208632646841265,0.09017328171904267,1.501475484148305
2025-06-30,Metal,-0.4531163448247777,0.12020791773830054,0.11121168851439601,0.16450283505580285,-0.044294917317502305,0.04247916766680021,1.4716196024047945
2025-06-30,Pharma,0.502082263966952,0.047860378558850857,0.10589807832964095,0.038203602457147975,0.009656776101702881,-0.029868371512649476,0.983134343028794
2025-06-30,Realty,-0.7445066978399639,0.19488802007499698,0.320315103772059,0.1901412214328947,0.0047467986421022845,0.11715927000349664,1.7400805217040278
2025-06-30,Banking,-0.22830699354901007,0.11375941302705694,0.20557708648414813,0.17070188146729917,-0.05694246844024223,0.03603066295555661,0.9949850623136581
2025-06-30,NIFTY50,-0.4709842354665206,0.07772875007150033,0.16667864833638948,0.1185227310675632,-0.040793980996062865,0.0,0.8435028063871604
2025-07-01,Auto,-0.2033749208238511,0.04375977018653703,0.18692516046352767,0.09379500003572434,-0.05003522984918731,-0.07215154999146525,1.3016454034203468
2025-07-01,Energy,-0.2421387685446863,0.0993645850490817,0.15226803755115684,0.20439710207778944,-0.10503251702870774,-0.016546735128920576,1.154938569901908
2025-07-01,FMCG,-0.6941001452070883,-0.09970888353343921,0.0286764720162828,0.031958065016245304,-0.13166694854968453,-0.21562020371144147,0.8783298354882301
2025-07-01,Infra,0.4453059176720675,0.18488178381852574,0.1965441588012834,0.2020513339949042,-0.017169550176378445,0.06897046364052346,1.0007594964175097
2025-07-01,IT,-0.3000040115532787,0.13986205663941784,0.126087373525328,-0.056485909574028645,0.19634796621344647,0.02395073646141556,1.4692793984869545
2025-07-01,Media,-1.3137979081373263,0.16957404514777868,0.23195470734909962,0.17894792906349002,-0.00937388391571134,0.05366272496977641,1.501475484148305
2025-07-01,Metal,0.3120149411566464,0.15040419618290282,0.10473006820930866,0.18780910137365087,-0.037404905190748045,0.034492876004900544,1.4716196024047945
2025-07-01,Pharma,0.011574100742883786,0.09183602455917537,0.09156416791123352,0.07025174261024546,0.021584281948929918,-0.024075295618826903,0.983134343028794
2025-07-01,Realty,-0.2382013699270047,0.2240962251538037,0.2561320124827434,0.2067976730618452,0.01729855209195849,0.10818490497580142,1.7400805217040278
2025-07-01,Banking,0.2559626239362123,0.1549716882138393,0.19277393272654245,0.17940767738888025,-0.024435989175040945,0.039060368035837026,0.9949850623136581
2025-07-01,NIFTY50,0.09699396772837598,0.11591132017800228,0.15630547703405182,0.1245285153242189,-0.008617195146216616,0.0,0.8435028063871604
2025-07-02,Auto,0.31837478750420534,0.030446525326464094,0.21129280861971153,0.10324574809327802,-0.07279922276681393,-0.0564337240226853,1.3016454034203468
2025-07-02,Energy,-0.40803494542079877,0.06582529526588887,0.14068109633951648,0.19385758088463767,-0.1280322856187488,-0.021054954083260524,1.154938569901908
2025-07-02,FMCG,-0.11604876599639047,-0.11584736736384604,0.023510066693954168,0.03471572289280917,-0.1505630902566552,-0.20272761671299544,0.8783298354882301
2025-07-02,Infra,-0.23489163139795988,0.16032714188682648,0.1885487579130146,0.19745012903560885,-0.03712298714878237,0.07344689253767708,1.0007594964175097
2025-07-02,IT,0.118334790891228,0.12086507309995459,0.19816724471806565,-0.0487711591517348,0.1696362322516894,0.03398482375080519,1.4692793984869545
2025-07-02,Media,-0.36097954902796214,0.143592052296843,0.20776223552325984,0.18279300891820222,-0.03920095662135922,0.056711802947693596,1.501475484148305
2025-07-02,Metal,1.4078068845332359,0.17836345634509793,0.14194149778892776,0.19494246773275625,-0.016579011387658327,0.09148320699594853,1.4716196024047945
2025-07-02,Pharma,0.3155482617818839,0.06079667426261683,0.05938200441227115,0.0596391140699553,0.0011575601926615345,-0.026083575086532564,0.983134343028794
2025-07-02,Realty,-1.437718374167829,0.11873829356439178,0.23382770957509327,0.19068942173853715,-0.07195112817414537,0.03185804421524238,1.7400805217040278
2025-07-02,Banking,-0.8009996723912449,0.11626006504650659,0.17133207694246275,0.1668993758151696,-0.050639310768663,0.02937981569735719,0.9949850623136581
2025-07-02,NIFTY50,-0.34610085397696055,0.0868802493491494,0.15641237716585152,0.1192170885047386,-0.0323368391555892,0.0,0.8435028063871604
2025-07-03,Auto,0.4397500866857973,0.07888801333756729,0.26357642842387435,0.11486119536233476,-0.03597318202476747,-0.029064103527641008,1.3016454034203468
2025-07-03,Energy,0.08684199208670584,0.09583770759393502,0.2042514175951645,0.19079195317783249,-0.09495424558389746,-0.012114409271273274,1.154938569901908
2025-07-03,FMCG,0.1396972840434163,-0.06302839890114671,0.02509652655980225,0.04601597634317777,-0.10904437524432448,-0.170980515766355,0.8783298354882301
2025-07-03,Infra,-0.31126794303716343,0.17281947503100856,0.22741694637185747,0.1917798038978255,-0.01896032886681695,0.06486735816580026,1.0007594964175097
2025-07-03,IT,-0.06378949166335746,0.16224362258412212,0.25684226015411793,-0.0600613742549584,0.2223049968390805,0.05429150571891382,1.4692793984869545
2025-07-03,Media,1.4491493288238066,0.15495374672603576,0.2814551457693469,0.20560659466274822,-0.05065284793671246,0.04700162986082747,1.501475484148305
2025-07-03,Metal,-0.780992231056421,0.1626473290256259,0.23825132194402354,0.18553760010917106,-0.02289027108354516,0.0546952121604176,1.4716196024047945
2025-07-03,Pharma,0.42264058943195515,0.10586481419316135,0.13360681525176388,0.06996557871002396,0.03589923548313739,-0.002087302672046945,0.983134343028794
2025-07-03,Realty,-0.7112997748296324,0.11029760165261732,0.28199848134472405,0.1821179945043416,-0.07182039285172429,0.0023454847874090218,1.7400805217040278
2025-07-03,Banking,-0.3636015993919828,0.11223809220017422,0.16832945345630196,0.1667300102216808,-0.054491918021506575,0.004285975334965927,0.9949850623136581
2025-07-03,NIFTY50,-0.188971251922454,0.1079521168652083,0.17804055592558818,0.11780457052815002,-0.009852453662941726,0.0,0.8435028063871604
2025-07-04,Auto,-0.10226569488356319,0.06761472882408139,0.3248055156591155,0.1142214212890158,-0.046606692464934416,-0.014670509267749404,1.3016454034203468
2025-07-04,Energy,0.4037114251267848,0.08282229152026255,0.2571152992291627,0.18269128699462586,-0.09986899547436331,0.000537053428431758,1.154938569901908
2025-07-04,FMCG,0.4032808179287528,-0.10378424774265464,0.050071112841824084,0.05303857565579224,-0.1568228233984469,-0.18606948583448543,0.8783298354882301
2025-07-04,Infra,0.364373323492595,0.1569012894592285,0.288501119270063,0.1912320771446821,-0.03433078768545361,0.0746160513673977,1.0007594964175097
2025-07-04,IT,0.8036433386305664,0.1572367785968731,0.3121448006662969,-0.03665902101982107,0.19389579961669418,0.07495154050504231,1.4692793984869545
2025-07-04,Media,0.6627989271845935,0.15892736384225323,0.35811592016983973,0.1970889050799808,-0.03816154123772758,0.07664212575042244,1.501475484148305
2025-07-04,Metal,-0.4473427285826115,0.12233580205827252,0.34332031125101764,0.1666236484830198,-0.044287846424747285,0.04005056396644173,1.4716196024047945
2025-07-04,Pharma,0.812230133307823,0.14649133367774106,0.19290436027511737,0.08689609189774178,0.05959524177999928,0.06420609558591027,0.983134343028794
2025-07-04,Realty,0.9136674007065748,0.13201334467608963,0.39209692781882727,0.17370790294946567,-0.04169455827337604,0.049728106584258844,1.7400805217040278
2025-07-04,Banking,0.42250569323791787,0.09859813514216349,0.22852692921446577,0.1604961249599081,-0.061897989817744595,0.016312897050332703,0.9949850623136581
2025-07-04,NIFTY50,0.21924250859925998,0.08228523809183079,0.23574884154066816,0.12084107916818687,-0.03855584107635608,0.0,0.8435028063871604
2025-07-07,Auto,-0.1522076337568956,0.027400768915508703,0.295135182980397,0.09899105613404247,-0.07159028721853376,-0.035073915691078414,1.3016454034203468
2025-07-07,Energy,0.06244076633095119,0.06201573839709392,0.23416501442245072,0.1630439817238511,-0.10102824332675717,-0.00045894620949319537,1.154938569901908
2025-07-07,FMCG,1.6757831718587024,-0.08023327831013043,0.044846602559268645,0.07214960841376294,-0.15238288672389338,-0.14270796291671756,0.8783298354882301
2025-07-07,Infra,0.22365614549759716,0.1503308950697668,0.2609785261666031,0.18478499995770645,-0.03445410488793965,0.08785621046317968,1.0007594964175097
2025-07-07,IT,-0.7649424228682089,0.09766460163571927,0.27003045136222165,-0.043575489813877384,0.14124009144959665,0.035189917029132156,1.4692793984869545
2025-07-07,Media,-1.0330609434865856,0.10795559318383355,0.26216321481121097,0.17341104602526336,-0.06545545284142981,0.04548090857724643,1.501475484148305
2025-07-07,Metal,-0.608012166767069,0.07076986660065884,0.30785652635678173,0.13809556579771304,-0.0673256991970542,0.008295181994071726,1.4716196024047945
2025-07-07,Pharma,-0.08733159612474006,0.13307516502362168,0.15957496283334946,0.08775357731170429,0.0453215877119174,0.07060048041703457,0.983134343028794
2025-07-07,Realty,0.08230750377298257,0.10931698008092833,0.3522422059670853,0.162210333822711,-0.05289335374178267,0.04684229547434121,1.7400805217040278
2025-07-07,Banking,-0.1450052006258029,0.08331002624848982,0.20435268450645344,0.1641648139224926,-0.08085478767400278,0.020835341641902705,0.9949850623136581
2025-07-07,NIFTY50,0.0011813410706551508,0.062474684606587116,0.20762299905382198,0.12181110308966514,-0.059336418483078024,0.0,0.8435028063871604
2025-07-08,Auto,-0.3800550391348523,0.038052688412006944,0.2886147186030924,0.1234080898640212,-0.08535540145201426,-0.0557598028675521,1.3016454034203468
2025-07-08,Energy,0.2010629691495902,0.06887605007033855,0.25361438903033495,0.17149115588812158,-0.10261510581778303,-0.024936441209220492,1.154938569901908
2025-07-08,FMCG,-0.2674643945833277,-0.059811901369835795,0.010784947382121435,0.07425494135548827,-0.13406684272532407,-0.15362439264939484,0.8783298354882301
2025-07-08,Infra,0.27762942070370666,0.18053563596527913,0.2703225880024279,0.193645899778589,-0.013110263813309875,0.0867231446857201,1.0007594964175097
2025-07-08,IT,0.29922796511616667,0.13273193364609043,0.31146727500428184,-0.03151217890875987,0.1642441125548503,0.03891944236653139,1.4692793984869545
2025-07-08,Media,-0.11470849381950421,0.10708793297503078,0.2805637159457918,0.1851598915710807,-0.07807195859604993,0.013275441695471735,1.501475484148305
2025-07-08,Metal,-0.04988369018700256,0.08392355754292725,0.33173557312932794,0.12623852768813518,-0.04231497014520792,-0.009888933736631786,1.4716196024047945
2025-07-08,Pharma,-0.8904535588712403,0.09980477526085772,0.1775800783345782,0.09924714375142171,0.0005576315094360101,0.005992283981298682,0.983134343028794
2025-07-08,Realty,0.9868903198085421,0.13409189825191645,0.40033071858415276,0.187334231542564,-0.053242333290647564,0.04027940697235741,1.7400805217040278
2025-07-08,Banking,0.5392552778843873,0.11443326347682488,0.2222773212493471,0.1781147113653355,-0.06368144788851061,0.020620772197265838,0.9949850623136581
2025-07-08,NIFTY50,0.24036171315751087,0.09381249127955904,0.22173878761989804,0.1301675096790625,-0.03635501839950345,0.0,0.8435028063871604
2025-07-09,Auto,0.38360114913305043,0.07341998754714937,0.2612243997876801,0.12526273703850843,-0.05184274949135906,-0.0242346138612992,1.3016454034203468
2025-07-09,Energy,-0.2413591235520096,0.06011984367215173,0.2045886336929731,0.18116129194357333,-0.1210414482714216,-0.037534757736296845,1.154938569901908
2025-07-09,FMCG,0.7966979294285137,0.016481553762204282,0.009697501842057346,0.07910502897200497,-0.06262347520980069,-0.08117304764624429,0.8783298354882301
2025-07-09,Infra,-0.6496958290944987,0.16670399429102423,0.2257126184852117,0.20190380578524575,-0.03519981149422152,0.06904939288257565,1.0007594964175097
2025-07-09,IT,-0.7757137680927118,0.11004794930320064,0.2870832890371106,-0.010042255604025711,0.12009020490722636,0.012393347894752063,1.4692793984869545
2025-07-09,Media,-0.39333337912736965,0.05936133941412834,0.24629036344404906,0.1916966532556953,-0.13233531384156694,-0.03829326199432023,1.501475484148305
2025-07-09,Metal,-1.3963938173276014,0.05726251652016646,0.2403302828028368,0.13484317230663123,-0.07758065578646478,-0.040392084888282116,1.4716196024047945
2025-07-09,Pharma,0.19218533253455572,0.12659790587031147,0.1402685248269501,0.10116185669870528,0.02543604917160619,0.028943304461862898,0.983134343028794
2025-07-09,Realty,-1.4862295463721198,0.0894822719869759,0.3545212309393801,0.17983310275738534,-0.09035083077040944,-0.008172329421472668,1.7400805217040278
2025-07-09,Banking,-0.07466427173373757,0.10807839176614209,0.19574759051869878,0.18475396046011502,-0.07667556869397293,0.010423790357693516,0.9949850623136581
2025-07-09,NIFTY50,-0.181801902732881,0.09765460140844857,0.18675811022569933,0.1399698277932177,-0.04231522638476913,0.0,0.8435028063871604
2025-07-10,Auto,-0.11506147909549069,0.052702614672487026,0.2027296896332483,0.11830561600810184,-0.06560300133561481,-0.018211567819381692,1.3016454034203468
2025-07-10,Energy,-0.19128243308003112,0.044441962476335174,0.16563860726557023,0.18694937220621408,-0.1425074097298789,-0.026472220015533544,1.154938569901908
2025-07-10,FMCG,-0.5684032238841064,0.0019271954586334388,-0.004435751756868278,0.06922886222054651,-0.06730166676191307,-0.06898698703323528,0.8783298354882301
2025-07-10,Infra,-0.6311261938260371,0.133752671674204,0.17469979509429448,0.19897866366147185,-0.06522599198726786,0.06283848918233527,1.0007594964175097
2025-07-10,IT,-0.7864437123584866,0.05817430713998501,0.24676975948360383,-0.009899292618860016,0.06807359975884503,-0.012739875351883707,1.4692793984869545
2025-07-10,Media,-0.14988042077138664,0.04753292438519265,0.19430671905257918,0.18070781336621483,-0.13317488898102217,-0.023381258106676066,1.501475484148305
2025-07-10,Metal,0.416109592279823,0.030672352966472496,0.1938986036049551,0.15653003430461745,-0.12585768133814496,-0.04024182952539622,1.4716196024047945
2025-07-10,Pharma,-0.5930126696985338,0.07628405364676163,0.0937071531239575,0.10223185931967657,-0.025947805672914936,0.005369871154892916,0.983134343028794
2025-07-10,Realty,0.7181619433770381,0.07532177771614636,0.2724156863965858,0.2024037643279072,-0.12708198661176084,0.004407595224277638,1.7400805217040278
2025-07-10,Banking,-0.4501569606031208,0.08531075342968486,0.14324219864603452,0.18074789784040127,-0.0954371444107164,0.014396570937816142,0.9949850623136581
2025-07-10,NIFTY50,-0.4743646446198069,0.07091418249186872,0.14234803651185512,0.1349847940176527,-0.06407061152578399,0.0,0.8435028063871604
2025-07-11,Auto,-1.768831744291155,0.026309739191855804,0.1803405024506368,0.11543969730026768,-0.08912995810841187,-0.028728887162807363,1.3016454034203468
2025-07-11,Energy,-0.9597241248631705,0.02260697943588445,0.1320058268821132,0.18914738162446243,-0.166540402188578,-0.032431646918778714,1.154938569901908
2025-07-11,FMCG,0.5070284230141553,0.03964703036799855,-0.00936264329336615,0.08329758564518687,-0.04365055527718832,-0.015391595986664619,0.8783298354882301
2025-07-11,Infra,-1.1057396971234756,0.10758103363519714,0.15021596444386368,0.1924262815540049,-0.08484524791880776,0.05254240728053397,1.0007594964175097
2025-07-11,IT,-1.7807663392309436,0.03699211132244435,0.2160785981740706,-0.02444248661332453,0.06143459793576888,-0.018046515032218817,1.4692793984869545
2025-07-11,Media,-1.6049839587583992,-0.006453571273811128,0.13618149765627882,0.2026171509746127,-0.20907072224842382,-0.0614921976284743,1.501475484148305
2025-07-11,Metal,-0.43189876592210075,0.07273648890866832,0.18176738446745852,0.14619136455069873,-0.0734548756420304,0.017697862554005156,1.4716196024047945
2025-07-11,Pharma,0.6753678254941331,0.12153882886748493,0.10798372448093377,0.11236433586736168,0.009174493000123254,0.06650020251282177,0.983134343028794
2025-07-11,Realty,-1.210627643909623,0.05711546523015459,0.24015911846106744,0.21220556799170553,-0.15509010276155094,0.00207683887549142,1.7400805217040278
2025-07-11,Banking,-0.35343209012219656,0.061308686668200364,0.11386123975799783,0.17372471671171458,-0.11241603004351422,0.006270060313537197,0.9949850623136581
2025-07-11,NIFTY50,-0.8100901810276007,0.05503862635466317,0.12108433982635004,0.1261069884369571,-0.07106836208229395,0.0,0.8435028063871604
2025-07-14,Auto,0.24772159810109162,0.034359746792570124,0.1673502638202982,0.16176877011449714,-0.12740902332192702,-0.016318442613375173,1.3016454034203468
2025-07-14,Energy,0.2858874262123834,0.027050026635351648,0.11980343574076015,0.21555777435879295,-0.1885077477234413,-0.02362816277059365,1.154938569901908
2025-07-14,FMCG,0.20631559061174976,0.01941818766818722,-0.015643757515655016,0.11475026118199678,-0.09533207351380957,-0.03126000173775807,0.8783298354882301
2025-07-14,Infra,-0.058878065330703055,0.10160491963974654,0.11946328328183135,0.2147261047420697,-0.11312118510232318,0.05092673023380124,1.0007594964175097
2025-07-14,IT,-1.1130660827867067,0.02310232826453594,0.19368055238739024,0.00964533380671743,0.01345699445781851,-0.027575861141409357,1.4692793984869545
2025-07-14,Media,1.3612597844978813,0.02830613903558216,0.15511868650555946,0.25640708656916306,-0.2281009475335809,-0.022372050370363137,1.501475484148305
2025-07-14,Metal,0.2675155947551522,0.1051129871464437,0.18194829012490904,0.16456768994234638,-0.05945470279590269,0.0544347977404984,1.4716196024047945
2025-07-14,Pharma,0.8298841239646748,0.1566560151020794,0.10165882515393224,0.14291233367236067,0.01374368142971874,0.10597782569613412,0.983134343028794
2025-07-14,Realty,1.3864342348585135,0.026435134587688626,0.25474275149169895,0.24332938751366823,-0.2168942529259796,-0.02424305481825667,1.7400805217040278
2025-07-14,Banking,0.018769095593196283,0.05274448474317054,0.07738631698499052,0.1830307509953017,-0.13028626625213116,0.0020662953372252435,0.9949850623136581
2025-07-14,NIFTY50,-0.2685854157148504,0.0506781894059453,0.08713545466784563,0.1438393278920089,-0.09316113848606361,0.0,0.8435028063871604
2025-07-15,Auto,1.4998726222826164,0.09269368344292744,0.15703113030906674,0.17629020124461978,-0.08359651780169233,0.0034523720401395397,1.3016454034203468
2025-07-15,Energy,0.29681243066472796,0.0725833124375012,0.08316685913272263,0.21926653833015122,-0.14668322589265004,-0.016657998965286705,1.154938569901908
2025-07-15,FMCG,0.7201158175873079,0.05967526689659793,0.012356046221908926,0.12061107843747908,-0.060935811540881145,-0.02956604450618997,0.8783298354882301
2025-07-15,Infra,0.3923751846103496,0.1409986095472752,0.10750755591684406,0.21447641941614923,-0.07347780986887403,0.05175729814448729,1.0007594964175097
2025-07-15,IT,0.404849389550499,0.05880820803666104,0.1623376678444168,0.00532616833444324,0.05348203970221781,-0.03043310336612686,1.4692793984869545
2025-07-15,Media,0.4833560397069503,0.02626359590802824,0.14725796136778346,0.2740356455047428,-0.24777204959671456,-0.06297771549475967,1.501475484148305
2025-07-15,Metal,0.04251723188322121,0.10881244540461878,0.1478548107329786,0.15192052260740596,-0.043108077202787184,0.019571134001830873,1.4716196024047945
2025-07-15,Pharma,1.1394271567641168,0.2008536485148419,0.1029544295095212,0.15185458788486228,0.04899906062997961,0.11161233711205398,0.983134343028794
2025-07-15,Realty,0.7887336447663262,0.012743332307913299,0.2304174004149621,0.23809804171167442,-0.22535470940376112,-0.0764979790948746,1.7400805217040278
2025-07-15,Banking,0.42507774259854525,0.0850074084047751,0.05333270512275723,0.19304910761279778,-0.10804169920802269,-0.004233902998012809,0.9949850623136581
2025-07-15,NIFTY50,0.4525103218794291,0.0892413114027879,0.07553812925914209,0.14913833201537854,-0.05989702061259064,0.0,0.8435028063871604
2025-07-16,Auto,0.4430005568860418,0.09830638459793781,0.15848124201039743,0.1957626510586801,-0.09745626646074229,0.017468260084092538,1.3016454034203468
2025-07-16,Energy,0.11677275982207025,0.059166809006545584,0.09109824039602589,0.21196975148594951,-0.15280294247940393,-0.021671315507299685,1.154938569901908
2025-07-16,FMCG,0.45455310066144783,0.07063488684643533,-0.011649450901930111,0.13140242567954233,-0.060767538833106996,-0.010203237667409937,0.8783298354882301
2025-07-16,Infra,0.1270595390232776,0.1235547021609588,0.11775932027092464,0.21588819207196341,-0.09233348991100461,0.042716577647113535,1.0007594964175097
2025-07-16,IT,0.630997866752514,0.06868628307494498,0.18232647860612258,0.022306828813492243,0.046379454261452735,-0.012151841438900288,1.4692793984869545
2025-07-16,Media,1.3105971322389554,0.0637703912117516,0.16659534827386727,0.26226914946761193,-0.19849875825586033,-0.01706773330209367,1.501475484148305
2025-07-16,Metal,-0.5445205184524293,0.07052773563770547,0.13569786401310016,0.1416683463688833,-0.07114061073117785,-0.010310388876139803,1.4716196024047945
2025-07-16,Pharma,-0.3167730562029347,0.18756284348851898,0.090883643729819,0.15164088901428543,0.03592195447423355,0.10672471897467371,0.983134343028794
2025-07-16,Realty,0.4979890561630729,0.05274319216378518,0.19840547746958279,0.2425310921594986,-0.18978789999571344,-0.028094932350060088,1.7400805217040278
2025-07-16,Banking,0.28470500493980033,0.08988711876203537,0.04775014133822272,0.19318963836323527,-0.1033025196011999,0.009048994248190098,0.9949850623136581
2025-07-16,NIFTY50,0.06449487413033861,0.08083812451384527,0.07373233455229149,0.1516959880002739,-0.07085786348642863,0.0,0.8435028063871604
2025-07-17,Auto,-0.03602655634682428,0.10087710236061107,0.11825659447015026,0.16644322956406363,-0.06556612720345256,0.051035358226216125,1.3016454034203468
2025-07-17,Energy,0.24030097261609207,0.058720670986074364,0.08357735617821345,0.18302883492024866,-0.12430816393417429,0.008878926851679424,1.154938569901908
2025-07-17,FMCG,0.2778485836854472,0.07377984703029379,-0.015880255897116797,0.11788920844101486,-0.04410936141072107,0.02393810289589885,0.8783298354882301
2025-07-17,Infra,-0.35970271100728146,0.09192127637035881,0.09998278943527117,0.1878067135017568,-0.09588543713139798,0.04207953223596387,1.0007594964175097
2025-07-17,IT,-1.3865874119607269,0.0071394706253942765,0.08685605026452012,-0.016806679830198012,0.02394615045559229,-0.04270227350900066,1.4692793984869545
2025-07-17,Media,-0.2473544664123084,0.06304278180577666,0.16393236410533069,0.22466135169880286,-0.1616185698930262,0.01320103767138172,1.501475484148305
2025-07-17,Metal,0.6692812797687075,0.07318753510784486,0.13381838919949077,0.10418914974163399,-0.03100161463378913,0.023345790973449916,1.4716196024047945
2025-07-17,Pharma,0.3826219344840176,0.15781521804783313,0.07386781246182102,0.13872998660055202,0.01908523144728111,0.1079734739134382,0.983134343028794
2025-07-17,Realty,1.2388127928851134,0.035635395963720874,0.19692429708734788,0.2304670848361115,-0.19483168887239063,-0.014206348170674066,1.7400805217040278
2025-07-17,Banking,-0.594988087324233,0.06502516251870001,0.04613443352367833,0.18094194448398093,-0.11591678196528092,0.015183418384305071,0.9949850623136581
2025-07-17,NIFTY50,-0.3990217351728331,0.04984174413439494,0.05593057121254056,0.13444941864365856,-0.08460767450926363,0.0,0.8435028063871604
2025-07-18,Auto,-0.45057969221956595,0.035069923922901695,0.11497583185689887,0.15273087595690682,-0.11766095203400512,0.038175119794324766,1.3016454034203468
2025-07-18,Energy,-0.5669909024171083,0.03059095518563537,0.07548466216603951,0.1542061937673215,-0.12361523858168613,0.03369615105705844,1.154938569901908
2025-07-18,FMCG,-0.5913692863594222,0.04386665638106598,-0.00804452763763582,0.09807502709817228,-0.054208370717106304,0.04697185225248905,0.8783298354882301
2025-07-18,Infra,-0.5293553672705231,0.05206856166498223,0.0954948211222965,0.16562755968472564,-0.11355899801974342,0.0551737575364053,1.0007594964175097
2025-07-18,IT,0.009013965756810016,-0.009349129955602938,0.09206760085958371,-0.018836974074954993,0.009487844119352055,-0.006243934084179869,1.4692793984869545
2025-07-18,Media,0.9576770031708648,0.13292760686804003,0.177545862235603,0.22448345181409815,-0.09155584494605812,0.1360328027394631,1.501475484148305
2025-07-18,Metal,0.36983225054951774,0.022343818448211324,0.136930211095195,0.08227069841541979,-0.05992687996720846,0.02544901431963439,1.4716196024047945
2025-07-18,Pharma,-0.386235710135574,0.13874947866588494,0.049363870075591613,0.11806733748916215,0.02068214117672279,0.14185467453730802,0.983134343028794
2025-07-18,Realty,-0.11986327051628498,-0.12443698104644554,0.21834442850186822,0.23101493344465382,-0.35545191449109936,-0.12133178517502248,1.7400805217040278
2025-07-18,Banking,-0.9604298766587416,-0.015861380337683546,0.03520379016592745,0.1671140626423426,-0.18297544298002616,-0.012756184466260477,0.9949850623136581
2025-07-18,NIFTY50,-0.5696558047242783,-0.0031051958714230685,0.052070884620897075,0.11780341217242549,-0.12090860804384855,0.0,0.8435028063871604
2025-07-21,Auto,0.6723363190516363,0.04116058784949548,0.15397845921604036,0.15755069015063047,-0.116390102301135,0.041290131744991354,1.3016454034203468
2025-07-21,Energy,0.046650772125800266,-0.007637023375802003,0.11322935451459867,0.15267250335427876,-0.16030952673008075,-0.007507479480306131,1.154938569901908
2025-07-21,FMCG,-0.502946058991971,0.013757012502496613,-0.006020490067321453,0.09245461851342648,-0.07869760601092987,0.013886556397992486,0.8783298354882301
2025-07-21,Infra,-0.21265919242695608,0.02001979496030056,0.11780647252482236,0.1602987239484562,-0.14027892898815564,0.02014933885579643,1.0007594964175097
2025-07-21,IT,-0.29656114020490953,-0.05269288679817761,0.07508066978236844,-0.012669695588857345,-0.04002319120932026,-0.052563342902681734,1.4692793984869545
2025-07-21,Media,0.1609201043089259,0.12412384445512187,0.234150964943138,0.2059443956520943,-0.08182055119697243,0.12425338835061774,1.501475484148305
2025-07-21,Metal,1.0287348827287657,0.03163447509119311,0.1890244801657067,0.0889197077118726,-0.05728523262067949,0.031764018986688985,1.4716196024047945
2025-07-21,Pharma,-0.269557227982431,0.10787440171280563,0.08219076372034005,0.11752309185666966,-0.009648690143864033,0.1080039456083015,0.983134343028794
2025-07-21,Realty,0.635061049194241,-0.09861921179753855,0.27567810191658165,0.25125151329151507,-0.3498707250890536,-0.09848966790204268,1.7400805217040278
2025-07-21,Banking,1.1899685517829495,0.008415377511509595,0.0712604533303814,0.18331090240187456,-0.17489552489036497,0.008544921407005468,0.9949850623136581
2025-07-21,NIFTY50,0.48981443028652816,-0.0001295438954958724,0.07448723073014565,0.12286133474622005,-0.12299087864171591,0.0,0.8435028063871604
2025-07-22,Auto,-0.7447532347744756,0.01887999444569338,0.11440387094984719,0.1628618890881798,-0.14398189464248642,0.0231078811673898,1.3016454034203468
2025-07-22,Energy,-0.13807664077949422,-0.02713519502769916,0.0823448622462412,0.16813435919026362,-0.19526955421796277,-0.022907308306002738,1.154938569901908
2025-07-22,FMCG,-0.38907772668276275,-0.009487171319129128,-0.015098006407951078,0.0856777590931315,-0.09516493041226062,-0.005259284597432708,0.8783298354882301
2025-07-22,Infra,-0.6061561673958549,0.0031302291025070428,0.07461040682839906,0.16346542170617867,-0.16033519260367163,0.007358115824203463,1.0007594964175097
2025-07-22,IT,-0.46676584957502376,-0.12407107337507756,0.0710177633253578,-0.012683860761078216,-0.11138721261399934,-0.11984318665338113,1.4692793984869545
2025-07-22,Media,-2.2718331514447354,0.012104918013575406,0.1831497817488657,0.18353745502203772,-0.1714325370084623,0.016332804735271825,1.501475484148305
2025-07-22,Metal,-0.23232897611323855,0.01238857717034881,0.1617851785416874,0.09587257640922361,-0.08348399923887481,0.01661646389204523,1.4716196024047945
2025-07-22,Pharma,-0.997034839658828,0.0561306715592713,0.032558440385329984,0.11308325168911856,-0.05695258012984726,0.06035855828096772,0.983134343028794
2025-07-22,Realty,-1.013665809394415,-0.09435969982260001,0.23521930186950243,0.26265035915944324,-0.35701005898204324,-0.09013181310090358,1.7400805217040278
2025-07-22,Banking,-0.3454618082533334,0.009244663446518938,0.042064134951494046,0.18590345020313215,-0.1766587867566132,0.013472550168215358,0.9949850623136581
2025-07-22,NIFTY50,-0.11876443882732346,-0.004227886721696421,0.05246080361177815,0.126084178662685,-0.13031206538438142,0.0,0.8435028063871604
2025-07-23,Auto,0.8525383790743746,0.04081629573983874,0.13263158563546226,0.17609041047199833,-0.13527411473215958,0.028828516069768786,1.3016454034203468
2025-07-23,Energy,0.28854570976697413,-0.027508192744572318,0.09198434203249951,0.16564500555885714,-0.19315319830342945,-0.039495972414642276,1.154938569901908
2025-07-23,FMCG,-0.5242445583671484,-0.004529766378999304,-0.019543645823582406,0.08102680370640696,-0.08555657008540626,-0.01651754604906926,0.8783298354882301
2025-07-23,Infra,0.7465911301495431,0.019573761129696814,0.08629254425769949,0.16334646056475563,-0.14377269943505883,0.007585981459626858,1.0007594964175097
2025-07-23,IT,0.2512325827018991,-0.1578464173328816,0.054657582042151515,-0.002681727243133548,-0.15516469008974806,-0.16983419700295155,1.4692793984869545
2025-07-23,Media,-0.9402357514629811,-0.01702253844386893,0.18062055489102485,0.17511044385964047,-0.1921329823035094,-0.029010318113938886,1.501475484148305
2025-07-23,Metal,0.47989679268771734,0.03325749193938618,0.1856543729835153,0.09530414681500066,-0.062046654875614476,0.021269712269316225,1.4716196024047945
2025-07-23,Pharma,0.494235062496462,0.05602805338475642,0.058403275142304506,0.11443075258476172,-0.0584026992000053,0.04404027371468647,0.983134343028794
2025-07-23,Realty,-2.5952488231253734,-0.1839533527454462,0.19626808080708585,0.1935213741291364,-0.3774747268745826,-0.19594113241551614,1.7400805217040278
2025-07-23,Banking,0.8007069186517723,0.04590335891684042,0.05665853409985618,0.20316176888443213,-0.15725840996759172,0.033915579246770466,0.9949850623136581
2025-07-23,NIFTY50,0.6344544590244583,0.011987779670069957,0.06252472276789582,0.13127361992339448,-0.11928584025332452,0.0,0.8435028063871604
2025-07-24,Auto,0.03280974815333959,0.09699574064797231,0.13247961003546657,0.17102642899530193,-0.07403068834732962,0.07229432752691724,1.3016454034203468
2025-07-24,Energy,-0.7013139751150144,0.013401678815087026,0.08983679365047235,0.15528696193448444,-0.1418852831193974,-0.011299734305968052,1.154938569901908
2025-07-24,FMCG,-1.120976591395928,0.0008902231808505245,-0.03736636485629904,0.06844744409430774,-0.06755722091345721,-0.023811189940204553,0.8783298354882301
2025-07-24,Infra,-0.5374709662505972,0.04798488520700713,0.07315084088601859,0.15829243439406987,-0.11030754918706273,0.023283472085952054,1.0007594964175097
2025-07-24,IT,-2.2074860797261286,-0.20358296795995695,0.023686852058862902,0.0051569647562406855,-0.20873993271619765,-0.22828438108101204,1.4692793984869545
2025-07-24,Media,-0.17178554465194784,-0.008591012419144927,0.2141028888444278,0.19021555672674914,-0.19880656914589406,-0.0332924255402,1.501475484148305
2025-07-24,Metal,0.033928208603839494,0.08609543522301703,0.19112866598290926,0.10105104574289518,-0.014955610519878149,0.06139402210196196,1.4716196024047945
2025-07-24,Pharma,0.5513631871935765,0.07758040033682781,0.060226915012713815,0.11553482623036386,-0.03795442589353605,0.052878987215772735,0.983134343028794
2025-07-24,Realty,-1.0410262310879603,-0.15116014812431297,0.14708948604211683,0.20025620624364923,-0.3514163543679622,-0.17586156124536806,1.7400805217040278
2025-07-24,Banking,-0.2523987129481875,0.05975957426885281,0.06160199720441054,0.1956509068191951,-0.13589133255034228,0.03505816114779774,0.9949850623136581
2025-07-24,NIFTY50,-0.6256994627491075,0.024701413121055078,0.05221624851829717,0.1256746356586618,-0.10097322253760672,0.0,0.8435028063871604
2025-07-25,Auto,-1.2693410638937253,0.06670115937014018,0.11296010978323354,0.16919980564441214,-0.10249864627427197,0.049223796879454745,1.3016454034203468
2025-07-25,Energy,-2.2132816839535607,-0.04387391877527421,0.057954935360851625,0.13253770285284514,-0.17641162162811935,-0.061351281265959644,1.154938569901908
2025-07-25,FMCG,-0.9183888955152208,0.005178057375078519,-0.04697112029024434,0.05991116101938489,-0.05473310364430637,-0.012299305115606913,0.8783298354882301
2025-07-25,Infra,-1.0239818203275464,0.03742471120118274,0.05444350697773603,0.15293459499691373,-0.11550988379573099,0.019947348710497304,1.0007594964175097
2025-07-25,IT,-1.4170179439213948,-0.25159252334167237,-0.004442032526935269,-0.004830309575982122,-0.24676221376569024,-0.2690698858323578,1.4692793984869545
2025-07-25,Media,-2.6103188168859814,-0.1013081483296381,0.16239585445139262,0.17791955645454266,-0.27922770478418074,-0.11878551082032353,1.501475484148305
2025-07-25,Metal,-1.6405267891493103,0.06339501926640238,0.17609931850999888,0.09244157567519716,-0.029046556408794777,0.04591765677571695,1.4716196024047945
2025-07-25,Pharma,0.5396750962523456,0.10328416631814458,0.08032115457516974,0.12355228022150598,-0.020268113903361404,0.08580680382745914,0.983134343028794
2025-07-25,Realty,-0.989480287633826,-0.18612992616776994,0.13868828339959338,0.2095742501505725,-0.3957041763183424,-0.20360728865845537,1.7400805217040278
2025-07-25,Banking,-0.9412817890781522,0.06138244276153171,0.045060679284468406,0.18510551704337944,-0.12372307428184773,0.043905080270846275,0.9949850623136581
2025-07-25,NIFTY50,-0.8981674037030651,0.017477362490685433,0.036390657871304875,0.11931954168611518,-0.10184217919542975,0.0,0.8435028063871604
2025-07-28,Auto,-0.3723507439212792,0.04845232521967744,0.07589109436328455,0.1549483423429444,-0.10649601712326698,0.08265748305264572,1.3016454034203468
2025-07-28,Energy,-0.6494921171330881,-0.09069566480047753,0.025412245473369257,0.11906905861584927,-0.2097647234163268,-0.056490506967509235,1.154938569901908
2025-07-28,FMCG,0.2803227232528016,-0.00663870802692849,-0.0625634263656762,0.06529826213298845,-0.07193697015991694,0.0275664498060398,0.8783298354882301
2025-07-28,Infra,-0.7814438799426449,-0.024643158618452194,0.02214599578057567,0.14281050136882634,-0.16745365998727854,0.009561999214516097,1.0007594964175097
2025-07-28,IT,-0.7121631460753064,-0.327650205977507,-0.02092706377671578,-0.013195374476776668,-0.31445483150073034,-0.2934450481445387,1.4692793984869545
2025-07-28,Media,-2.701244384608348,-0.21037126759267938,0.10669381174622573,0.15509267336957777,-0.36546394096225715,-0.1761661097597111,1.501475484148305
2025-07-28,Metal,-1.1527667458753221,-0.010834385867987083,0.14089175239197488,0.07107601951381098,-0.08191040538179807,0.023370771964981208,1.4716196024047945
2025-07-28,Pharma,0.4344194437066351,0.1095321623772775,0.07613304034771431,0.11109680169863888,-0.0015646393213613746,0.1437373202102458,0.983134343028794
2025-07-28,Realty,-4.071107949273911,-0.36569099650116565,0.05987097298024346,0.16857510204493556,-0.5342660985461012,-0.33148583866819736,1.7400805217040278
2025-07-28,Banking,-0.7854389741751233,0.010135606053905585,0.03789250433546443,0.16958719421315793,-0.15945158815925234,0.04434076388687388,0.9949850623136581
2025-07-28,NIFTY50,-0.6284962329387578,-0.03420515783296829,0.018080902826304035,0.10680228539094204,-0.14100744322391034,0.0,0.8435028063871604
2025-07-29,Auto,0.8245034794031936,0.09604129074278916,0.08681330761676524,0.13765650593684742,-0.04161521519405825,0.09887163181953708,1.3016454034203468
2025-07-29,Energy,1.1111684914545394,-0.037508696705967536,0.08308804313958586,0.11368016044460398,-0.1511888571505715,-0.034678355629219615,1.154938569901908
2025-07-29,FMCG,0.2890383599059021,0.012991705140220633,-0.056200507851993375,0.05344726042757683,-0.0404555552873562,0.01582204621696855,0.8783298354882301
2025-07-29,Infra,1.2205877276192378,0.03182972265438363,0.05675558833650063,0.1430113714730245,-0.11118164881864087,0.03466006373113155,1.0007594964175097
2025-07-29,IT,0.009044993375284527,-0.3514958507212618,-0.01512444103608752,-0.027919621292542798,-0.32357622942871905,-0.3486655096445139,1.4692793984869545
2025-07-29,Media,0.8156355801785198,-0.15908531856396138,0.14543303226566717,0.12398104100368311,-0.2830663595676445,-0.15625497748721345,1.501475484148305
2025-07-29,Metal,1.000917710555882,0.070205691433893,0.1721955894122342,0.058556240031470363,0.011649451402422642,0.07303603251064092,1.4716196024047945
2025-07-29,Pharma,1.367676162155762,0.21813692280906535,0.11740388310518786,0.10818868317508862,0.10994823963397674,0.22096726388581328,0.983134343028794
2025-07-29,Realty,1.601050026873141,-0.29076045617287233,0.1461896339501932,0.15123719210101833,-0.44199764827389065,-0.28793011509612443,1.7400805217040278
2025-07-29,Banking,0.2444536164272204,0.03203270705276151,0.06163495969812397,0.15023580164246766,-0.11820309458970615,0.03486304812950943,0.9949850623136581
2025-07-29,NIFTY50,0.5680474234370125,-0.0028303410767479185,0.0331048429835031,0.09704359121264723,-0.09987393228939515,0.0,0.8435028063871604
2025-07-30,Auto,-0.5967294955740998,0.0639450110216755,0.049270355835441815,0.1266020888670273,-0.06265707784535181,0.05667009993856721,1.3016454034203468
2025-07-30,Energy,0.03205687193543749,-0.020771605570723366,0.06995436534712926,0.09436203221861982,-0.11513363778934319,-0.02804651665383166,1.154938569901908
2025-07-30,FMCG,0.23546601533972478,0.03645974125066435,-0.04368691217727113,0.06222306327654241,-0.025763322025878062,0.029184830167556054,0.8783298354882301
2025-07-30,Infra,0.5002476946274426,0.06008259060820217,0.06430877795807884,0.13223230787111134,-0.07214971726290917,0.052807679525093874,1.0007594964175097
2025-07-30,IT,0.30658539645069816,-0.3137326943701117,-0.012389124691764557,-0.012502115854549571,-0.3012305785155621,-0.32100760545322,1.4692793984869545
2025-07-30,Media,-0.7907159927873608,-0.14308434242353243,0.11457096642654988,0.10318451324686181,-0.24626885567039425,-0.15035925350664073,1.501475484148305
2025-07-30,Metal,-0.10574402059543297,0.09058502464722919,0.15413748218870615,0.0432240960905365,0.04736092855669269,0.0833101135641209,1.4716196024047945
2025-07-30,Pharma,0.00628963081137357,0.2236496815133293,0.12307349336676801,0.10274826174925514,0.12090141976407418,0.21637477043022102,0.983134343028794
2025-07-30,Realty,-0.9552051360968705,-0.3068169052519783,0.11166652298503224,0.10947811529845909,-0.4162950205504374,-0.3140918163350866,1.7400805217040278
2025-07-30,Banking,-0.12682007265838457,0.020948850664094243,0.04909529673607619,0.1400823253214145,-0.11913347465732027,0.01367393958098595,0.9949850623136581
2025-07-30,NIFTY50,0.1367835124523431,0.007274911083108293,0.03300547653192284,0.094996706188643,-0.08772179510553471,0.0,0.8435028063871604
2025-07-31,Auto,-0.3788087531923834,0.03383078606163863,0.07467988163451676,0.10657290778935721,-0.07274212172771857,0.03565768811715147,1.3016454034203468
2025-07-31,Energy,-0.8635929795231534,-0.012764630756675702,0.08068744208267976,0.07573783626097137,-0.08850246701764708,-0.010937728701162866,1.154938569901908
2025-07-31,FMCG,1.4390117528854107,0.09476600984945775,-0.0029292690103170185,0.06386550645820019,0.030900503391257564,0.09659291190497059,0.8783298354882301
2025-07-31,Infra,-0.9266725460332248,0.03642006421138544,0.06563625692028212,0.1058081326880863,-0.06938806847670086,0.038246966266898275,1.0007594964175097
2025-07-31,IT,-0.5074468957643741,-0.29939464059212845,-0.024658179748494595,-0.032040183186137834,-0.2673544574059906,-0.2975677385366156,1.4692793984869545
2025-07-31,Media,0.0953918458416192,-0.07613725439312743,0.11282525656489334,0.09065403958101849,-0.16679129397414594,-0.0743103523376146,1.501475484148305
2025-07-31,Metal,-1.2159877091146076,0.09292776127541023,0.16865424036743,0.0168938700494835,0.07603389122592674,0.09475466333092307,1.4716196024047945
2025-07-31,Pharma,-1.3125202252240342,0.20252702031503383,0.1281753847372763,0.0779209779578279,0.12460604235720593,0.20435392237054667,0.983134343028794
2025-07-31,Realty,-0.5775675570334315,-0.2727106345930338,0.14317013565129938,0.09116549471017367,-0.36387612930320745,-0.27088373253752096,1.7400805217040278
2025-07-31,Banking,-0.33614897521520026,0.024748148233270467,0.050977583554006056,0.128293879440199,-0.10354573120692852,0.026575050288783302,0.9949850623136581
2025-07-31,NIFTY50,-0.34882717656889994,-0.0018269020555128357,0.03678982408426901,0.07739174246111073,-0.07921864451662357,0.0,0.8435028063871604
2025-08-01,Auto,-1.0352635591999393,-0.03548389772885036,0.060832423645879784,0.08823831828705041,-0.12372221601590078,0.036571053335395794,1.3016454034203468
2025-08-01,Energy,-0.6468489501469166,-0.06516569369663568,0.07970736621315164,0.05259153791116386,-0.11775723160779954,0.00688925736761048,1.154938569901908
2025-08-01,FMCG,0.6896390024853094,0.09641850518500232,0.020099118140088728,0.06883430743752281,0.027584197747479514,0.16847345624924848,0.8783298354882301
2025-08-01,Infra,-1.0649423419683446,-0.05681189317151817,0.061767520401157155,0.0799900455085699,-0.13680193868008808,0.015243057892727986,1.0007594964175097
2025-08-01,IT,-1.8470720316486666,-0.38911151027195334,-0.0497788555984883,-0.05335548534280249,-0.33575602492915085,-0.3170565592077072,1.4692793984869545
2025-08-01,Media,-0.5871999816258411,-0.10739477543080497,0.0876494683299506,0.05973496650809338,-0.16712974193889835,-0.03533982436655882,1.501475484148305
2025-08-01,Metal,-1.9719085460167873,-0.008991508263321062,0.137341505186608,0.0010531337589407138,-0.010044642022261775,0.0630634428009251,1.4716196024047945
2025-08-01,Pharma,-3.3347234161247408,0.06476266594210742,0.0760145060410729,0.026014139359425852,0.03874852658268156,0.1368176170063536,0.983134343028794
2025-08-01,Realty,-1.7756290464600366,-0.4020737900460499,0.1531788861233639,0.06057749283713007,-0.4626512828831799,-0.33001883898180373,1.7400805217040278
2025-08-01,Banking,-0.6153246287115111,-0.03627084964590114,0.0643399801418206,0.10967842910412985,-0.145949278750031,0.03578410141834502,0.9949850623136581
2025-08-01,NIFTY50,-0.8195943742782208,-0.07205495106424616,0.041380100669975994,0.06063119168992061,-0.13268614275416676,0.0,0.8435028063871604
2025-08-04,Auto,1.608438759708286,0.048846551346890546,0.030729769303714887,0.09677914063042117,-0.04793258928353063,0.08089396731005617,1.3016454034203468
2025-08-04,Energy,0.09873948450800363,-0.06269366135114345,0.011524359251021687,0.03775806522893838,-0.10045172658008183,-0.03064624538797782,1.154938569901908
2025-08-04,FMCG,-0.10214476196169775,0.11766989035487933,-0.025593924745792956,0.06252611269658075,0.05514377765829859,0.14971730631804497,0.8783298354882301
2025-08-04,Infra,0.9905582213980635,-0.006726040481411788,0.017258275155699516,0.07499209829316683,-0.08171813877457862,0.02532137548175384,1.0007594964175097
2025-08-04,IT,1.5981424750329598,-0.28648331939940463,-0.13473932096063843,-0.05116633818501249,-0.23531698121439215,-0.254435903436239,1.4692793984869545
2025-08-04,Media,1.5060598002570869,-0.20367788168320144,0.05981385879078132,0.07575105310040614,-0.2794289347836076,-0.17163046572003582,1.501475484148305
2025-08-04,Metal,2.477382320799304,0.051720877621286715,0.08091387877469826,0.021420554137188134,0.03030032348409858,0.08376829358445234,1.4716196024047945
2025-08-04,Pharma,0.64557288870708,0.0842460709431499,0.0843261307223116,0.025724412173378442,0.05852165876977146,0.11629348690631552,0.983134343028794
2025-08-04,Realty,1.7742524070456067,-0.33964359717891135,0.08391318782715874,0.06329148934024305,-0.4029350865191544,-0.3075961812157457,1.7400805217040278
2025-08-04,Banking,0.0031464859160390546,-0.024699881382195626,0.008802869561215973,0.08530539469750514,-0.11000527607970077,0.007347534580970001,0.9949850623136581
2025-08-04,NIFTY50,0.6407415043054421,-0.032047415963165626,-0.011579329408633229,0.05309701148187123,-0.08514442744503686,0.0,0.8435028063871604
2025-08-05,Auto,0.37330859169733,0.04181121584808879,0.05356089127511954,0.11111193906641564,-0.06930072321832685,0.09339874432438927,1.3016454034203468
2025-08-05,Energy,-0.025916057698960326,-0.07461294953750401,0.01997177366359922,0.05228061190373074,-0.12689356144123476,-0.02302542106120354,1.154938569901908
2025-08-05,FMCG,-0.7231060935515843,0.0862237911131906,-0.015251320241891167,0.05660911944493104,0.02961467166825956,0.13781131958949108,0.8783298354882301
2025-08-05,Infra,-0.17220963045757598,-0.02598881785847773,0.03331949437785956,0.07760412771998916,-0.10359294557846689,0.02559871061782274,1.0007594964175097
2025-08-05,IT,-0.479646269475853,-0.3028054037118681,-0.10233428799402235,-0.07112009109907318,-0.2316853126127949,-0.2512178752355676,1.4692793984869545
2025-08-05,Media,-0.06702468205672663,-0.16854458691623309,0.031025539095178408,0.09272725586517223,-0.2612718427814053,-0.11695705843993262,1.501475484148305
2025-08-05,Metal,0.08791088681638914,0.021113416020143945,0.09726152544585773,0.03798520370323602,-0.016871787683092075,0.07270094449644442,1.4716196024047945
2025-08-05,Pharma,-0.8289791554884518,0.049538620041403844,0.05020823940890761,0.02818292013829511,0.021355699903108732,0.10112614851770432,0.983134343028794
2025-08-05,Realty,-0.4605024136006719,-0.3602603066003655,0.08827112943490886,0.07434771265383144,-0.43460801925419695,-0.308672778124065,1.7400805217040278
2025-08-05,Banking,-0.46584786629316755,-0.06416389880973335,0.014340087987516995,0.08221378430092259,-0.14637768311065594,-0.012576370333432875,0.9949850623136581
2025-08-05,NIFTY50,-0.29608040671041946,-0.05158752847630047,0.006645728940432398,0.04932345442104252,-0.10091098289734299,0.0,0.8435028063871604
2025-08-06,Auto,-0.533797815007786,-0.008406875766060088,0.03102434480885115,0.1049149958383174,-0.11332187160437748,0.0800431018720623,1.3016454034203468
2025-08-06,Energy,-0.6617524154500232,-0.10539491206537928,-0.014767547565991598,0.05477784834111667,-0.16017276040649595,-0.01694493442725689,1.154938569901908
2025-08-06,FMCG,-0.9023238086640628,0.031554088544405445,-0.03080929675629433,0.0495696281678183,-0.018015539623412853,0.12000406618252783,0.8783298354882301
2025-08-06,Infra,-0.2665138937335332,-0.06588268696861614,0.019387668877270576,0.08045224248717799,-0.14633492945579413,0.022567290669506246,1.0007594964175097
2025-08-06,IT,-1.7361457991408424,-0.41519585316920943,-0.15353188777938526,-0.07950192060348477,-0.33569393256572466,-0.326745875531087,1.4692793984869545
2025-08-06,Media,-1.1798479973264442,-0.2741037161649192,-0.00982639585162739,0.10633846972840312,-0.3804421858933223,-0.18565373852679679,1.501475484148305
2025-08-06,Metal,-0.39952448270758056,-0.005873272585870811,0.04958074600600346,0.03782850798722821,-0.04370178057309902,0.08257670505225158,1.4716196024047945
2025-08-06,Pharma,-2.0318494989250757,-0.0386001435491712,0.0069221543387291435,0.014988805781355438,-0.05358894933052664,0.04984983408895119,0.983134343028794
2025-08-06,Realty,-1.5090545288645174,-0.42847359315377825,0.03483900084642464,0.0719327522522569,-0.5004063454060351,-0.34002361551565585,1.7400805217040278
2025-08-06,Banking,0.09194040399023162,-0.07050083902643722,0.02010579227758195,0.09182465890692247,-0.1623254979333597,0.017949138611685164,0.9949850623136581
2025-08-06,NIFTY50,-0.3056914228121266,-0.08844997763812239,-0.00445378821430531,0.05446141564373607,-0.14291139328185845,0.0,0.8435028063871604
2025-08-07,Auto,0.24948576867744876,-0.01882208588769713,0.0032146593753051844,0.11923881618036024,-0.13806090206805738,0.1068237247210106,1.3016454034203468
2025-08-07,Energy,-0.20053073914920727,-0.14544473329111687,-0.03341575269042644,0.03657003884229712,-0.182014772133414,-0.019798922682409154,1.154938569901908
2025-08-07,FMCG,0.12257511713098523,0.013017737376903593,-0.03865220839734155,0.0448903980506115,-0.031872660673707906,0.1386635479856113,0.8783298354882301
2025-08-07,Infra,-0.252803091112519,-0.1287333716099944,-0.011053034226209216,0.07061026728124846,-0.19934363889124285,-0.0030875610012866817,1.0007594964175097
2025-08-07,IT,0.8730279401619301,-0.3818221499119638,-0.15836533682492268,-0.07609870797632609,-0.3057234419356377,-0.25617633930325606,1.4692793984869545
2025-08-07,Media,0.9934039699704078,-0.20450243312525834,-0.019740040857481586,0.10053048516905091,-0.30503291829430923,-0.07885662251655062,1.501475484148305
2025-08-07,Metal,0.12797839091276408,-0.07855197487598882,0.02263203241013331,0.03166620347659429,-0.1102181783525831,0.0470938357327189,1.4716196024047945
2025-08-07,Pharma,0.7482468494105277,-0.014178106254320049,0.006191008560203485,0.027747458879313004,-0.041925565133633054,0.11146770435438767,0.983134343028794
2025-08-07,Realty,-0.12861649417458265,-0.3995810368416071,0.0006295352378181092,0.05550716819893314,-0.45508820504054026,-0.2739352262328994,1.7400805217040278
2025-08-07,Banking,0.1985160082434989,-0.09835549231454133,0.006556496302172847,0.08607060309124367,-0.184426095405785,0.027290318294166394,0.9949850623136581
2025-08-07,NIFTY50,0.08932609229541644,-0.12564581060870772,-0.029667416911818106,0.050481896805904466,-0.1761277074146122,0.0,0.8435028063871604
2025-08-08,Auto,-1.400570495843756,-0.07194164780115844,-0.030511275281105792,0.11510212927548318,-0.1870437770766416,0.0968462211695102,1.3016454034203468
2025-08-08,Energy,-0.640933839950264,-0.20029998389995274,-0.0583432792659444,0.03312161543088418,-0.23342159933083692,-0.0315121149292841,1.154938569901908
2025-08-08,FMCG,-0.7189178390914708,-0.010353484104821028,-0.0616848697678248,0.03037049018558107,-0.0407239742904021,0.1584343848658476,0.8783298354882301
2025-08-08,Infra,-1.299470771731881,-0.20158524916806067,-0.029917578918117377,0.05932882921771792,-0.26091407838577857,-0.032797380197392034,1.0007594964175097
2025-08-08,IT,-0.9453815896201423,-0.3985214126096374,-0.16013121550389048,-0.0670088567548456,-0.33151255585479183,-0.22973354363896878,1.4692793984869545
2025-08-08,Media,-0.1038656641906055,-0.21561053959654905,-0.039911051682812525,0.12487481716320886,-0.3404853567597579,-0.046822670625880414,1.501475484148305
2025-08-08,Metal,-1.7565988882439543,-0.14885731509684266,-0.005160694089779883,0.02031210563811047,-0.16916942073495314,0.019930553873825974,1.4716196024047945
2025-08-08,Pharma,-1.3034493305993267,-0.07602934139430512,-0.01418975606158687,0.020456238271009022,-0.09648557966531414,0.09275852757636352,0.983134343028794
2025-08-08,Realty,-2.110859528100506,-0.41843500343191364,-0.06165017320927278,0.047814983764206384,-0.46624998719612004,-0.249647134461245,1.7400805217040278
2025-08-08,Banking,-0.9298258673109738,-0.14317086746141108,-0.008919431542075418,0.07597618024026562,-0.2191470477016767,0.025617001509257553,0.9949850623136581
2025-08-08,NIFTY50,-0.9466912735407229,-0.16878786897066864,-0.04263267021473153,0.04338233200006814,-0.21217020097073677,0.0,0.8435028063871604
2025-08-11,Auto,1.0611429999165534,-0.017771102522822567,-0.01974526208755119,0.13003620285635076,-0.14780730537917333,0.1049779436927693,1.3016454034203468
2025-08-11,Energy,0.6350391551256607,-0.18150794899505887,-0.048976683261017596,0.049525888250640096,-0.23103383724569898,-0.05875890277946701,1.154938569901908
2025-08-11,FMCG,0.7448855157687007,0.028091568511204867,-0.046171086341077104,0.04876606032650857,-0.020674491815303703,0.15084061472679672,0.8783298354882301
2025-08-11,Infra,1.1059701955456802,-0.154354241304292,-0.009008725335822679,0.08059001264387572,-0.23494425394816773,-0.03160519508870015,1.0007594964175097
2025-08-11,IT,0.424868635260256,-0.39526768819954167,-0.13134345431619768,-0.03501197143001357,-0.3602557167695281,-0.2725186419839498,1.4692793984869545
2025-08-11,Media,0.1590101904934471,-0.22289704599695845,-0.027497507103207773,0.1017493574536526,-0.324646403450611,-0.10014799978136658,1.501475484148305
2025-08-11,Metal,0.5214789097039096,-0.11637080661255307,0.001918555562873688,0.03535085680541296,-0.15172166341796603,0.006378239603038793,1.4716196024047945
2025-08-11,Pharma,0.9461666061775897,-0.061226529987283854,-0.006683075714216491,0.05018987555733267,-0.11141640554461651,0.06152251622830801,0.983134343028794
2025-08-11,Realty,1.8589486410976575,-0.33165315880065954,-0.06838256936283128,0.10299234958115283,-0.4346455083818124,-0.2089041125850677,1.7400805217040278
2025-08-11,Banking,0.9196482074678825,-0.10490569409418134,0.004426859466437801,0.10208282629137164,-0.206988520385553,0.017843352121410527,0.9949850623136581
2025-08-11,NIFTY50,0.9101804471857822,-0.12274904621559186,-0.022510148072045766,0.0702027501523957,-0.19295179636798757,0.0,0.8435028063871604
2025-08-12,Auto,0.5599857078876669,0.007674251767561365,0.025717010977049187,0.1271748575648722,-0.11950060579731084,0.14689623620982956,1.3016454034203468
2025-08-12,Energy,0.3787816370870001,-0.16081060214066933,-0.030723008545793795,0.0479084909872148,-0.20871909312788414,-0.021588617698401147,1.154938569901908
2025-08-12,FMCG,-0.4980107115207577,0.03462788296741589,-0.03254050028301166,0.030660275666660495,0.003967607300755394,0.17384986740968408,0.8783298354882301
2025-08-12,Infra,-0.05569603454024241,-0.17105430637803565,0.006913738720245033,0.07401133707484371,-0.24506564345287934,-0.03183232193576746,1.0007594964175097
2025-08-12,IT,0.3753181740568934,-0.3727569486792026,-0.11644744601989239,-0.040194067209515544,-0.33256288146968704,-0.23353496423693443,1.4692793984869545
2025-08-12,Media,0.6014592385620743,-0.15905514110697844,0.005259452020400065,0.10161809119707359,-0.26067323230405204,-0.01983315666471025,1.501475484148305
2025-08-12,Metal,0.3795666177224266,-0.1141190840603604,0.018142556061271176,0.03178035078608563,-0.14589943484644605,0.02510290038190778,1.4716196024047945
2025-08-12,Pharma,0.6889702294816669,-0.03864665902932442,0.026594682764925485,0.048160558931047544,-0.08680721796037197,0.10057532541294377,0.983134343028794
2025-08-12,Realty,-0.7300089647096941,-0.34804674529341584,-0.06197526006980609,0.05473909322402364,-0.4027858385174395,-0.20882476085114765,1.7400805217040278
2025-08-12,Banking,-0.8413699711317224,-0.1414834472631125,0.006744120475363398,0.08135480606332415,-0.22283825332643664,-0.002261462820844301,0.9949850623136581
2025-08-12,NIFTY50,-0.39719417907191357,-0.1392219844422682,-0.011655332132132953,0.057796323208611805,-0.19701830765088,0.0,0.8435028063871604
2025-08-13,Auto,1.1152083096764853,0.03423536917330403,0.032340947249884046,0.15227366213757568,-0.11803829296427165,0.1439591467606331,1.3016454034203468
2025-08-13,Energy,-0.006037906584699382,-0.14741070084613264,-0.04079270279012189,0.04465049727763343,-0.19206119812376607,-0.03768692325880359,1.154938569901908
2025-08-13,FMCG,-0.044155581812788114,0.03702432244020263,-0.0394115224618217,0.028014818609370322,0.009009503830832308,0.1467481000275317,0.8783298354882301
2025-08-13,Infra,0.5974007456761132,-0.1433112271422332,0.00850795737229663,0.07792876289459867,-0.22123999003683187,-0.033587449554904156,1.0007594964175097
2025-08-13,IT,0.05378172617711563,-0.3749087175030063,-0.12702182220152589,0.00714192397770831,-0.3820506414807146,-0.26518493991567726,1.4692793984869545
2025-08-13,Media,0.8770568871126594,-0.11778725990229105,0.012902396197275933,0.09924573704807621,-0.21703299695036726,-0.008063482314961998,1.501475484148305
2025-08-13,Metal,1.2595208678505054,-0.1190619512831181,0.02965075253098989,0.05494034809824578,-0.17400229938136388,-0.009338173695789043,1.4716196024047945
2025-08-13,Pharma,1.7321386501022884,0.008573020581355732,0.03468484742198629,0.042445676468632676,-0.03387265588727695,0.11829679816868478,0.983134343028794
2025-08-13,Realty,0.24323603569662566,-0.29201493163126735,-0.0866383190334378,0.05854682917297307,-0.3505617608042404,-0.1822911540439383,1.7400805217040278
2025-08-13,Banking,0.2502557094728797,-0.10644160120097501,0.004909231922765785,0.07874085089465016,-0.18518245209562517,0.0032821763863540437,0.9949850623136581
2025-08-13,NIFTY50,0.5388453516712133,-0.10972377758732905,-0.011421764119089831,0.06770032558145801,-0.17742410316878707,0.0,0.8435028063871604
2025-08-14,Auto,-0.015958484298628228,0.01904508347382318,0.04896654840569522,0.18206598010719063,-0.16302089663336744,0.12085169211683346,1.3016454034203468
2025-08-14,Energy,-0.778082402498792,-0.17624151399898258,-0.04020190320252378,0.07742044039711546,-0.25366195439609807,-0.0744349053559723,1.154938569901908
2025-08-14,FMCG,-0.6432406861290763,0.010926390101119546,-0.026051004400013584,0.02037314774024135,-0.009446757639121802,0.11273299874412983,0.8783298354882301
2025-08-14,Infra,-0.38168153670610216,-0.14565834693119786,0.013580564049905375,0.10305851527083902,-0.24871686220203687,-0.043851738288187586,1.0007594964175097
2025-08-14,IT,0.40426081713513806,-0.3593070405430565,-0.09853170897946718,0.05145915992172647,-0.41076620046478296,-0.25750043190004623,1.4692793984869545
2025-08-14,Media,-0.5324895057724155,-0.18384188772216514,-0.014444070498064716,0.1263561346055095,-0.3101980223276747,-0.08203527907915487,1.501475484148305
2025-08-14,Metal,-1.3877689544884553,-0.1392878420641859,0.011679743480719955,0.11240493394128703,-0.2516927760054729,-0.037481233421175625,1.4716196024047945
2025-08-14,Pharma,0.09737250450412294,-0.0022692489162386754,0.05179778263846135,0.0883147938624297,-0.09058404277866837,0.09953735972677161,0.983134343028794
2025-08-14,Realty,-0.7561663900837123,-0.29351048547307007,-0.09160644191022636,0.09016215907212602,-0.3836726445451961,-0.1917038768300598,1.7400805217040278
2025-08-14,Banking,0.290681643959978,-0.08463215975590965,0.013802966222132285,0.0840089157188981,-0.16864107547480775,0.017174448887100624,0.9949850623136581
2025-08-14,NIFTY50,0.048543816407109475,-0.10180660864301028,0.003072754111099011,0.08475816773605538,-0.18656477637906566,0.0,0.8435028063871604
2025-08-18,Auto,4.1809642471276165,0.16181941487419582,0.1147170718491386,0.2704768153974756,-0.10865740052327977,0.23769070954839822,1.3016454034203468
2025-08-18,Energy,0.04104678596978939,-0.18833033530421575,-0.05275402189197661,0.10863342105136992,-0.2969637563555857,-0.11245904063001336,1.154938569901908
2025-08-18,FMCG,1.1854977550406876,0.0370002880048507,-0.033391979868901966,0.045714171229499626,-0.008713883224648923,0.11287158267905309,0.8783298354882301
2025-08-18,Infra,0.665074080248762,-0.13563498837265892,0.010633150543284767,0.14712241672248902,-0.2827574050951479,-0.05976369369845652,1.0007594964175097
2025-08-18,IT,-0.5691409472756259,-0.4050665167399296,-0.12391486907152821,0.07307436153088807,-0.4781408782708177,-0.3291952220657272,1.4692793984869545
2025-08-18,Media,-0.22381956794870206,-0.21339583755994168,-0.027234236858844244,0.16761200092657927,-0.381007838486521,-0.1375245428857393,1.501475484148305
2025-08-18,Metal,1.8581310185812994,-0.06243871715872221,0.029948542449775118,0.20806730178110439,-0.2705060189398266,0.013432577515480187,1.4716196024047945
2025-08-18,Pharma,-0.04829943746761378,-0.03095356794208657,0.05776888286782725,0.11828505086938272,-0.1492386188114693,0.044917726732115824,0.983134343028794
2025-08-18,Realty,2.172063132015989,-0.2515639610960896,-0.05977530820999997,0.17754329818052167,-0.42910725927661125,-0.1756926664218872,1.7400805217040278
2025-08-18,Banking,0.7102163442365361,-0.07504180472262238,0.01177816520977056,0.12733735123543638,-0.20237915595805878,0.0008294899515800119,0.9949850623136581
2025-08-18,NIFTY50,0.9973019276634965,-0.0758712946742024,0.0032069717088141956,0.13187546280237797,-0.20774675747658036,0.0,0.8435028063871604
2025-08-19,Auto,1.31132800409417,0.21060393613589803,0.11900235252570335,0.26695810069889736,-0.056354164562999326,0.27261939324370305,1.3016454034203468
2025-08-19,Energy,0.8262062401538595,-0.16287148617678548,-0.050427873889845785,0.10181951422270531,-0.2646910003994908,-0.10085602906898047,1.154938569901908
2025-08-19,FMCG,1.0530807984919788,0.016243542225959917,-0.031994868042085255,0.035312249114832404,-0.019068706888872487,0.07825899933376493,0.8783298354882301
2025-08-19,Infra,0.9031901671039844,-0.11298385431911269,0.018673520375327064,0.13632439933803117,-0.24930825365714387,-0.05096839721130767,1.0007594964175097
2025-08-19,IT,0.35152354123877405,-0.3678509846030301,-0.13509319148365542,0.05740330604047106,-0.4252542906435012,-0.3058355274952251,1.4692793984869545
2025-08-19,Media,1.3368122392837245,-0.1344000648009313,-0.013222235808548925,0.12997545494049684,-0.26437551974142814,-0.0723846076931263,1.501475484148305
2025-08-19,Metal,0.7456724367509882,-0.017315897041453636,0.026726984779602565,0.19946571855736994,-0.21678161559882358,0.04469956006635138,1.4716196024047945
2025-08-19,Pharma,-0.33602766483399327,-0.03924343689906167,0.046915864062280016,0.09330216292254576,-0.13254559982160743,0.022772020208743346,0.983134343028794
2025-08-19,Realty,0.6511186495025134,-0.23260358957177188,-0.06164330474542177,0.1572936074541329,-0.38989719702590475,-0.17058813246396687,1.7400805217040278
2025-08-19,Banking,0.23369559046753086,-0.06241844501951125,0.010445790614489284,0.11542897466446521,-0.17784741968397647,-0.00040298791170623183,0.9949850623136581
2025-08-19,NIFTY50,0.41685646806257637,-0.06201545710780502,0.0002296137493910481,0.11774351366661298,-0.179758970774418,0.0,0.8435028063871604
2025-08-20,Auto,0.049302469036338614,0.22491585307493772,0.13148427074347233,0.2673817634270408,-0.042465910352103065,0.285616096042454,1.3016454034203468
2025-08-20,Energy,0.2293769185431005,-0.16192768786366848,-0.04652581889666496,0.1151003633990005,-0.277028051262669,-0.10122744489615218,1.154938569901908
2025-08-20,FMCG,1.3910341118762881,0.07152682577461378,0.005857462202388993,0.03103224017961888,0.0404945855949949,0.13222706874213008,0.8783298354882301
2025-08-20,Infra,0.2928939012372789,-0.11247503830132695,0.03403029883197609,0.14272337923450962,-0.25519841753583655,-0.051774795333810644,1.0007594964175097
2025-08-20,IT,2.6853860794597173,-0.2883123807915785,-0.077790223572744,0.1115407230723284,-0.39985310386390693,-0.2276121378240622,1.4692793984869545
2025-08-20,Media,-1.97726885002244,-0.19648541000769584,-0.04469873851633257,0.12154734062796264,-0.3180327506356585,-0.13578516704017954,1.501475484148305
2025-08-20,Metal,0.4255881575469189,-0.0014668354503229195,0.04122836104630213,0.2206681036027776,-0.22213493905310053,0.05923340751719339,1.4716196024047945
2025-08-20,Pharma,-0.44070830548222917,-0.024251928452761303,0.037776423404048215,0.11030274273879838,-0.13455467119155967,0.036448314514755,0.983134343028794
2025-08-20,Realty,1.0560641293688944,-0.23029779591976013,-0.04810294883392184,0.19012121374951516,-0.42041900966927526,-0.16959755295224382,1.7400805217040278
2025-08-20,Banking,-0.2983048325494786,-0.09033711536730678,0.01204807405475905,0.11807250904379582,-0.2084096244111026,-0.029636872399790473,0.9949850623136581
2025-08-20,NIFTY50,0.27981813736617234,-0.060700242967516305,0.016556124156021368,0.12759244409075993,-0.18829268705827623,0.0,0.8435028063871604
2025-08-21,Auto,-0.360238326609541,0.200121203883518,0.1367705957153337,0.24085666781962603,-0.040735463936108024,0.25034375351234245,1.3016454034203468
2025-08-21,Energy,-0.47707388704244513,-0.169784846646683,-0.05483250148726563,0.07979747357975439,-0.2495823202264374,-0.11956229701785856,1.154938569901908
2025-08-21,FMCG,-0.637088233232086,0.023733953685927123,0.020107753724065702,0.014376319123347272,0.00935763456257985,0.07395650331475156,0.8783298354882301
2025-08-21,Infra,0.14956953314773092,-0.0858328595599193,0.04043556736555246,0.12186412580350137,-0.20769698536342068,-0.03561030993109486,1.0007594964175097
2025-08-21,IT,0.09483779235130996,-0.25929399544344445,-0.07462302307012188,0.10495752754359222,-0.36425152298703667,-0.20907144581462,1.4692793984869545
2025-08-21,Media,-0.0030471945619559015,-0.18347587052218206,-0.062057265554026894,0.10303495212197201,-0.28651082264415406,-0.13325332089335762,1.501475484148305
2025-08-21,Metal,-0.04316400594878145,0.043640824928971075,0.05045167072456873,0.17476713017821488,-0.1311263052492438,0.09386337455779552,1.4716196024047945
2025-08-21,Pharma,0.947673905869495,0.0009310239917366717,0.06376446493102408,0.09382269121521229,-0.09289166722347562,0.05115357362056112,0.983134343028794
2025-08-21,Realty,0.38299503129666235,-0.1679903099974674,-0.03925401900524574,0.18035071729376426,-0.3483410272912316,-0.11776776036864295,1.7400805217040278
2025-08-21,Banking,0.10224551603723597,-0.08444012244160766,0.011819134662267214,0.10235168619859662,-0.18679180864020428,-0.03421757281278322,0.9949850623136581
2025-08-21,NIFTY50,0.13252889742787488,-0.05022254962882444,0.02371602588981207,0.10776455694085807,-0.1579871065696825,0.0,0.8435028063871604
2025-08-22,Auto,-0.18934403014481127,0.19764511884854066,0.12517386676051384,0.20103483270501243,-0.003389713856471771,0.2604471205237006,1.3016454034203468
2025-08-22,Energy,-0.5017069343998815,-0.1801323300240113,-0.06784518377383808,0.05038162816904304,-0.23051395819305434,-0.11733032834885133,1.154938569901908
2025-08-22,FMCG,-1.004566457148992,0.009195179243764265,0.0055611873511988525,0.00010789191000923657,0.009087287333755028,0.07199718091892424,0.8783298354882301
2025-08-22,Infra,-0.73255093647141,-0.08921368431476506,0.02226949367971946,0.08672863529127466,-0.17594231960603973,-0.026411682639605097,1.0007594964175097
2025-08-22,IT,-0.7923179926602852,-0.2594898047868377,-0.10065774882342632,0.07801657139345664,-0.33750637618029433,-0.19668780311167772,1.4692793984869545
2025-08-22,Media,0.9490921951965658,-0.14684344998991694,-0.049655262802362196,0.08058999603841378,-0.2274334460283307,-0.08404144831475698,1.501475484148305
2025-08-22,Metal,-1.2450447451617053,-0.011730986319079865,0.009470683323696279,0.12535540696361008,-0.13708639328268996,0.0510710153560801,1.4716196024047945
2025-08-22,Pharma,0.39364219159483405,0.03381951936818227,0.05505178650747196,0.07374460853869907,-0.039925089170516806,0.09662152104334223,0.983134343028794
2025-08-22,Realty,-0.8393689842262075,-0.21990800758424225,-0.07229311493404796,0.10830778840297646,-0.32821579598721873,-0.1571060059090823,1.7400805217040278
2025-08-22,Banking,-1.0869803575113024,-0.10566756900521372,-0.010178407787764429,0.06027227609561844,-0.16593984510083215,-0.042865567330053755,0.9949850623136581
2025-08-22,NIFTY50,-0.8517482060098724,-0.06280200167515997,0.004056090408354381,0.07396469044951676,-0.13676669212467674,0.0,0.8435028063871604
2025-08-25,Auto,0.37091675805351887,0.2689700689266965,0.14763990405927613,0.20988369127599,0.05908637765070651,0.29168100673125147,1.3016454034203468
2025-08-25,Energy,-0.03839733681867408,-0.14942143708919478,-0.06340722882665517,0.0381967388916772,-0.187618175980872,-0.1267104992846398,1.154938569901908
2025-08-25,FMCG,-0.10011362563615567,-0.011042889044579432,0.014302070661709557,-0.009922725210437244,-0.001120163834142188,0.01166804875997555,0.8783298354882301
2025-08-25,Infra,0.04557738503774278,-0.05083644824272445,0.02837229269623635,0.0831984935483343,-0.13403494179105876,-0.02812551043816947,1.0007594964175097
2025-08-25,IT,2.368030007743971,-0.12119659322100722,-0.042102240949281416,0.10365353437571131,-0.22485012759671852,-0.09848565541645224,1.4692793984869545
2025-08-25,Media,-1.6747756576460326,-0.14916983995283808,-0.07781170561332465,0.04106438511990651,-0.1902342250727446,-0.1264589021482831,1.501475484148305
2025-08-25,Metal,0.6538331857188995,0.02446007873562014,0.04859828382214419,0.12933161589017905,-0.10487153715455891,0.04717101654017512,1.4716196024047945
2025-08-25,Pharma,0.4392579440826383,0.025949189987799107,0.07374400942764202,0.08063887964988889,-0.054689689662089785,0.04866012779235409,0.983134343028794
2025-08-25,Realty,0.7475389007271183,-0.1546357894296842,-0.04876016209976481,0.10856081583081689,-0.2631966052605011,-0.1319248516251292,1.7400805217040278
2025-08-25,Banking,-0.018309639880198514,-0.09449682066381378,-0.016594066997806706,0.044408552950727286,-0.13890537361454106,-0.0717858828592588,0.9949850623136581
2025-08-25,NIFTY50,0.39264173509054867,-0.022710937804554982,0.01616384427505409,0.07315258061604837,-0.09586351842060335,0.0,0.8435028063871604
2025-08-26,Auto,-0.40553036883697047,0.24719500336209438,0.14077737507733226,0.19396517700089694,0.05322982636119744,0.2950903602162706,1.3016454034203468
2025-08-26,Energy,-1.5608420490945463,-0.21097908626609244,-0.0919645298153704,0.009542595071809275,-0.2205216813379017,-0.1630837294119162,1.154938569901908
2025-08-26,FMCG,0.9075729197694837,0.012332355260678366,0.015875271464432794,-0.006318386590210556,0.01865074185088892,0.060227712114854594,0.8783298354882301
2025-08-26,Infra,-1.5471350244665838,-0.10044501354725381,0.000579953046246362,0.046160517672136296,-0.1466055312193901,-0.05254965669307758,1.0007594964175097
2025-08-26,IT,-0.5978548416584295,-0.10402288518339799,-0.040460278459430996,0.09444607319712751,-0.1984689583805255,-0.05612752832922176,1.4692793984869545
2025-08-26,Media,-0.7501891573789443,-0.21955147134873226,-0.0956226661565751,0.030228633887462206,-0.24978010523619448,-0.17165611449455603,1.501475484148305
2025-08-26,Metal,-1.6605313832887436,-0.03980815386584305,0.03265241664030028,0.10802947546132498,-0.14783762932716804,0.00808720298833318,1.4716196024047945
2025-08-26,Pharma,-1.6670576503215684,-0.057282202488409,0.04968690630683521,0.048678482606485156,-0.10596068509489415,-0.009386845634232768,0.983134343028794
2025-08-26,Realty,-2.2368923265799423,-0.2754133414776327,-0.12448910344497206,0.07802405383525503,-0.3534373953128877,-0.22751798462345646,1.7400805217040278
2025-08-26,Banking,-1.2492932495332676,-0.1367655655013626,-0.04201054037909602,0.006002356156206146,-0.14276792165756874,-0.08887020864718637,0.9949850623136581
2025-08-26,NIFTY50,-1.0241179872034878,-0.04789535685417623,0.0013914162758845345,0.04212518416050501,-0.09002054101468124,0.0,0.8435028063871604
2025-08-28,Auto,-0.5402810275907277,0.17918988169964958,0.1359417825712885,0.16441738077259432,0.01477250092705526,0.27065034962955203,1.3016454034203468
2025-08-28,Energy,-0.8042704225131758,-0.24768184803868923,-0.08754926780059401,-0.027116043257747992,-0.22056580478094123,-0.15622138010878675,1.154938569901908
2025-08-28,FMCG,-1.0216790027052558,-0.04572747208240709,0.00697389740709542,-0.007005126546196412,-0.03872234553621068,0.045732995847495385,0.8783298354882301
2025-08-28,Infra,-0.7218948607779607,-0.13758734839353082,0.001705630576872193,0.025809254480052432,-0.16339660287358326,-0.04612688046362834,1.0007594964175097
2025-08-28,IT,-1.592755079813768,-0.17060970082887353,-0.055900746396106225,0.05135521161998668,-0.2219649124488602,-0.07914923289897105,1.4692793984869545
2025-08-28,Media,-0.47706533312137367,-0.2515655171096764,-0.11265096060082412,0.01431680187529681,-0.2658823189849732,-0.16010504917977392,1.501475484148305
2025-08-28,Metal,-0.7494550799971966,-0.06620723092852364,0.021302607238047524,0.07650079684581115,-0.14270802777433478,0.02525323700137884,1.4716196024047945
2025-08-28,Pharma,-0.8260590751477892,-0.12279841021880586,0.03902761914801803,0.02770348293341218,-0.15050189315221804,-0.03133794228890338,0.983134343028794
2025-08-28,Realty,-1.5012011857558072,-0.35174450249503714,-0.16950058509356195,0.03636343277829568,-0.3881079352733328,-0.26028403456513466,1.7400805217040278
2025-08-28,Banking,-1.157194596721578,-0.18950797681203335,-0.05225028420362913,-0.0276141888555063,-0.16189378795652706,-0.09804750888213087,0.9949850623136581
2025-08-28,NIFTY50,-0.8544430103923584,-0.09146046792990248,-0.001109578263557287,0.019871930196127232,-0.11133239812602971,0.0,0.8435028063871604
2025-08-29,Auto,-0.8841121791053674,0.13495279049993594,0.11662958754893686,0.15063842484024356,-0.01568563434030762,0.23863765354528133,1.3016454034203468
2025-08-29,Energy,-0.1312333218521533,-0.25594871742783004,-0.09839095421064223,-0.024584078878592756,-0.23136463854923728,-0.1522638543824847,1.154938569901908
2025-08-29,FMCG,0.9510417109324543,-0.02917785174004021,0.020728517553197563,-0.017492251181300142,-0.011685600558740069,0.07450701130530515,0.8783298354882301
2025-08-29,Infra,-0.3548753494714507,-0.15365184467668844,-0.015048571257864815,0.027288931955053625,-0.18094077663174207,-0.04996698163134307,1.0007594964175097
2025-08-29,IT,-0.8666136202959307,-0.22053008373048838,-0.07592190032777166,0.04804095782725227,-0.26857104155774064,-0.11684522068514301,1.4692793984869545
2025-08-29,Media,0.35173060042545945,-0.2835277348367929,-0.1098786718125207,0.016554320570313866,-0.30008205540710675,-0.17984287179144753,1.501475484148305
2025-08-29,Metal,-0.6047467055263045,-0.06821477049765282,0.0011564825700262885,0.06772698584284914,-0.13594175634050196,0.03547009254769255,1.4716196024047945
2025-08-29,Pharma,-0.019711845242764703,-0.11289636985346686,0.03733323681752609,0.022956972535390387,-0.13585334238885724,-0.009211506808121495,0.983134343028794
2025-08-29,Realty,-1.3314447592068013,-0.412725629674033,-0.1799912187551239,-0.005304891578289133,-0.40742073809574386,-0.3090407666286876,1.7400805217040278
2025-08-29,Banking,-0.30602387427501876,-0.20919893945252735,-0.05965591034524598,-0.037899552258693965,-0.1712993871938334,-0.10551407640718198,0.9949850623136581
2025-08-29,NIFTY50,-0.30223697933294824,-0.10368486304534537,-0.01142336926575005,0.01459326868641253,-0.1182781317317579,0.0,0.8435028063871604
2025-09-01,Auto,2.800987953400469,0.22951994082484573,0.16519852159272835,0.15534437658838204,0.07417556423646368,0.29285717878241196,1.3016454034203468
2025-09-01,Energy,1.5358891267879926,-0.21276244562210003,-0.0770208873180128,-0.015202577755224366,-0.19755986786687565,-0.14942520766453382,1.154938569901908
2025-09-01,FMCG,0.05939892490520737,-0.03645950703271487,0.01866016999878946,-0.02274000627564949,-0.013719500757065378,0.026877730924851358,0.8783298354882301
2025-09-01,Infra,0.8328587965688916,-0.11389979442414934,-0.010989259026895256,0.028688594815464336,-0.14258838923961367,-0.050562556466583114,1.0007594964175097
2025-09-01,IT,1.5900470776336828,-0.12130893407734138,-0.057084731725973524,0.017467722150566283,-0.13877665622790766,-0.05797169611977515,1.4692793984869545
2025-09-01,Media,-0.31948042270859567,-0.28593193338000256,-0.11144457578711296,0.01397759827688627,-0.29990953165688883,-0.22259469542243632,1.501475484148305
2025-09-01,Metal,1.6439463801594112,-0.0357259338179627,0.018730800644941044,0.0773036148603396,-0.1130295486783023,0.027611304139603526,1.4716196024047945
2025-09-01,Pharma,-0.11558022923278122,-0.12950310864402684,0.014156054701903169,0.0060775054265384066,-0.13558061407056524,-0.06616587068646061,0.983134343028794
2025-09-01,Realty,1.039332505652446,-0.4193749725817886,-0.19186978830903384,-0.008508792802364272,-0.4108661797794243,-0.35603773462422234,1.7400805217040278
2025-09-01,Banking,0.6463453361372773,-0.167821158670477,-0.05139799807588848,-0.02518409720770677,-0.14263706146277022,-0.10448392071291078,0.9949850623136581
2025-09-01,NIFTY50,0.8114070174605414,-0.06333723795756623,-0.006747746911585639,0.016174634822504967,-0.07951187278007119,0.0,0.8435028063871604
2025-09-02,Auto,-0.2924816104832417,0.23478987688272318,0.1349299004028124,0.15491384686550697,0.07987603001721622,0.28529101822211245,1.3016454034203468
2025-09-02,Energy,0.9813973558505884,-0.16114950367984343,-0.06527927424710404,-0.0033933931159214736,-0.15775611056392197,-0.11064836234045414,1.154938569901908
2025-09-02,FMCG,1.1239877250657893,0.02071906001479218,0.03229285819792908,0.0015433349131735133,0.019175725101618666,0.07122020135418147,0.8783298354882301
2025-09-02,Infra,0.18386269489774065,-0.09012585901854053,-0.019028648676779152,0.03362126107535082,-0.12374712009389136,-0.039624717679151246,1.0007594964175097
2025-09-02,IT,-0.00769432038931761,-0.12186587694887897,-0.06560750345224092,0.02075644159009614,-0.1426223185389751,-0.0713647356094897,1.4692793984869545
2025-09-02,Media,0.9801786252171318,-0.2851818793117937,-0.07612713622187682,0.02330328171980411,-0.3084851610315978,-0.23468073797240438,1.501475484148305
2025-09-02,Metal,0.8495137861939561,-0.01973654929648142,0.0013036345758649166,0.08470795763130282,-0.10444450692778423,0.03076459204290787,1.4716196024047945
2025-09-02,Pharma,-0.2704476668025868,-0.1256435071995939,0.006552985733145511,-0.008971922349470226,-0.11667158485012369,-0.07514236586020462,0.983134343028794
2025-09-02,Realty,0.7217591167537174,-0.3913208930061218,-0.25787893702628367,0.015122654665871534,-0.4064435476719933,-0.3408197516667325,1.7400805217040278
2025-09-02,Banking,-0.6322846902126145,-0.15688298578893942,-0.08637218306331149,-0.0288251351523615,-0.12805785063657793,-0.10638184444955012,0.9949850623136581
2025-09-02,NIFTY50,-0.18457290617897026,-0.05050114133938929,-0.026803168605406175,0.017880209300801624,-0.06838135064019091,0.0,0.8435028063871604
2025-09-03,Auto,0.7445783783709414,0.2371979455267,0.13917926668809774,0.18171828798626022,0.05547965754043979,0.28565718405225005,1.3016454034203468
2025-09-03,Energy,0.39460594221596423,-0.14955099801017133,-0.07859401069298665,0.02563590367300867,-0.17518690168318,-0.10109175948462132,1.154938569901908
2025-09-03,FMCG,0.28623021229514656,0.04702493572436276,0.030390974113429687,0.011661318529906619,0.035363617194456146,0.09548417424991276,0.8783298354882301
2025-09-03,Infra,0.24544120311511541,-0.07485584583380482,-0.02741802543675213,0.053585699738613296,-0.1284415455724181,-0.026396607308254813,1.0007594964175097
2025-09-03,IT,-0.7357713526716103,-0.13650621736443566,-0.0945995520813066,0.004551707400100395,-0.14105792476453605,-0.08804697883888565,1.4692793984869545
2025-09-03,Media,-0.04006066953302634,-0.2918812384398587,-0.08387869699236845,0.05880689714880576,-0.35068813558866446,-0.24342199991430868,1.501475484148305
2025-09-03,Metal,3.1121046572928135,0.04970910985565351,0.04067179247342327,0.14258602339568896,-0.09287691354003545,0.09816834838120352,1.4716196024047945
2025-09-03,Pharma,1.1033653357629403,-0.07987942174141488,0.013997489985695381,0.02816736856642175,-0.10804679030783663,-0.03142018321586487,0.983134343028794
2025-09-03,Realty,0.3949669811626144,-0.39932402860717603,-0.24897162020235727,0.05067739174199573,-0.4500014203491718,-0.350864790081626,1.7400805217040278
2025-09-03,Banking,0.7576280375878097,-0.17129433626211074,-0.08143947937530058,-0.009591143200449305,-0.16170319306166145,-0.12283509773656073,0.9949850623136581
2025-09-03,NIFTY50,0.5510715147017065,-0.04845923852555001,-0.02429439121052294,0.03350507431158044,-0.08196431283713045,0.0,0.8435028063871604
2025-09-04,Auto,0.8511990955540671,0.29039635653765145,0.1546381754916724,0.1730680328124486,0.11732832372520285,0.3323005216929413,1.3016454034203468
2025-09-04,Energy,-0.9873979204481742,-0.17786170733246062,-0.1024984511800799,-0.00439066094665942,-0.17347104638580121,-0.1359575421771708,1.154938569901908
2025-09-04,FMCG,0.23670959807982062,0.06788451321644888,0.029198670948659872,0.012562833466848907,0.05532167974959997,0.10978867837173871,0.8783298354882301
2025-09-04,Infra,-0.5330883771409556,-0.07242025282530817,-0.034645011861400565,0.02560018694382999,-0.09802043976913816,-0.030516087670018344,1.0007594964175097
2025-09-04,IT,-0.9354422305264509,-0.15212876339614992,-0.13809991838561372,-0.0033644122484780916,-0.14876435114767184,-0.11022459824086009,1.4692793984869545
2025-09-04,Media,-0.675110299424686,-0.2386571433725237,-0.11327611267947418,0.042547473375069214,-0.2812046167475929,-0.19675297821723386,1.501475484148305
2025-09-04,Metal,-0.6205900833555877,0.036767072947575204,0.02457782505896197,0.12011247667698331,-0.0833454037294081,0.07867123810286503,1.4716196024047945
2025-09-04,Pharma,-0.2012751577270544,-0.05335409901035575,0.0013882862744577804,0.003920927253434744,-0.057275026263790496,-0.011449933855065923,0.983134343028794
2025-09-04,Realty,-0.7755886275175428,-0.39138812254461364,-0.24287391118360682,0.026350160398130394,-0.417738282942744,-0.3494839573893238,1.7400805217040278
2025-09-04,Banking,0.014608461796172811,-0.1592919939271272,-0.07502366524030411,-0.025054574674713035,-0.13423741925241417,-0.11738782877183737,0.9949850623136581
2025-09-04,NIFTY50,0.07788776228048189,-0.04190416515528983,-0.023066025938493124,0.02100581402275549,-0.06290997917804532,0.0,0.8435028063871604
2025-09-05,Auto,1.2531328509110429,0.30374950559887376,0.1722829006693562,0.18967089228993272,0.11407861330894103,0.36589932836593997,1.3016454034203468
2025-09-05,Energy,0.0384988611560555,-0.18619660228615795,-0.10685239751536514,-0.0007426394070529794,-0.18545396287910496,-0.12404677951909177,1.154938569901908
2025-09-05,FMCG,-1.4218767454175052,0.037963440314770315,0.016716836967885507,-0.00037461711079816377,0.03833805742556848,0.1001132630818365,0.8783298354882301
2025-09-05,Infra,0.19915754403030395,-0.09066803902928282,-0.035547138949793,0.027305683162038727,-0.11797372219132155,-0.02851821626221663,1.0007594964175097
2025-09-05,IT,-1.4433842701614852,-0.20861599182492938,-0.18323120457890546,-0.033100275913542115,-0.17551571591138726,-0.1464661690578632,1.4692793984869545
2025-09-05,Media,0.5865891478507246,-0.18776298006206685,-0.10239275925296791,0.057826043239994275,-0.24558902330206112,-0.12561315729500067,1.501475484148305
2025-09-05,Metal,0.6790599749653348,0.04340584569016245,0.038331668814774275,0.13823819721906433,-0.09483235152890188,0.10555566845722864,1.4716196024047945
2025-09-05,Pharma,0.042893994439729966,-0.06839880127891348,-0.0061853739470785285,0.016135916335231846,-0.08453471761414533,-0.006248978511847296,0.983134343028794
2025-09-05,Realty,-1.1611441517983545,-0.34358463350037965,-0.2637689931229129,0.016317176037930682,-0.35990180953831036,-0.28143481073331345,1.7400805217040278
2025-09-05,Banking,0.07230926985335451,-0.18357191555374108,-0.06883427831845035,-0.02341828245134292,-0.16015363310239816,-0.1214220927866749,0.9949850623136581
2025-09-05,NIFTY50,0.027084730671167456,-0.06214982276706619,-0.025081021548498117,0.02096654092290848,-0.08311636368997467,0.0,0.8435028063871604
2025-09-08,Auto,3.3000753108436642,0.4126583576885512,0.25482704916826177,0.22587252591982812,0.18678583176872307,0.44961993763280544,1.3016454034203468
2025-09-08,Energy,-0.021138321384939207,-0.1635240804951554,-0.0750612008400342,0.005383168935263101,-0.16890724943041852,-0.12656250055090112,1.154938569901908
2025-09-08,FMCG,-0.2145963250561489,0.06817611585942962,0.03453316952014007,-0.00218553795105615,0.07036165381048577,0.1051376958036839,0.8783298354882301
2025-09-08,Infra,0.17810801373743246,-0.06681540636301515,-0.009415260578004014,0.02649542513634066,-0.09331083149935582,-0.02985382641876088,1.0007594964175097
2025-09-08,IT,-0.9394957221213862,-0.16634964657143794,-0.18496630726569743,-0.03965864748457072,-0.1266909990868672,-0.12938806662718366,1.4692793984869545
2025-09-08,Media,0.04628344117987293,-0.18049401386767283,-0.09454251314340893,0.08257058794039424,-0.26306460180806707,-0.14353243392341855,1.501475484148305
2025-09-08,Metal,0.3738951241727628,0.05473807620912656,0.07041675571607175,0.14566513605831502,-0.09092705984918846,0.09169965615338083,1.4716196024047945
2025-09-08,Pharma,-0.2718454005336768,-0.09583908753648859,-0.00912934359983039,0.008204914162979682,-0.10404400169946827,-0.05887750759223432,0.983134343028794
2025-09-08,Realty,0.4641819820021542,-0.2934110263973758,-0.22228558726084444,0.00025598189561926415,-0.2936670082929951,-0.25644944645312157,1.7400805217040278
2025-09-08,Banking,0.13369353566743403,-0.17070217393322043,-0.055471299832183796,-0.015832726508133103,-0.15486944742508732,-0.13374059398896615,0.9949850623136581
2025-09-08,NIFTY50,0.12994782193525012,-0.03696157994425427,-0.006130083411599596,0.022490305697446686,-0.05945188564170096,0.0,0.8435028063871604
2025-09-09,Auto,-0.024639264643655512,0.45414841766355357,0.26042478851684686,0.2266895457433402,0.22745887192021338,0.4483279835569214,1.3016454034203468
2025-09-09,Energy,-0.11956612624205443,-0.09373356190477189,-0.06880374034002305,0.0073921029389771116,-0.101125664843749,-0.09955399601140409,1.154938569901908
2025-09-09,FMCG,0.5802771419151531,0.11813165044044209,0.0616548539077603,0.008063136619984467,0.11006851382045763,0.11231121633380989,0.8783298354882301
2025-09-09,Infra,-0.06743509657696212,-0.034930515571329014,0.0012470978149268601,0.024652166128047683,-0.059582681699376694,-0.040750949677961223,1.0007594964175097
2025-09-09,IT,2.7557202587814134,-0.02725837314801103,-0.13942544824484168,-0.01204747940062719,-0.01521089374738384,-0.03307880725464324,1.4692793984869545
2025-09-09,Media,0.00308714715224756,-0.0933804817330652,-0.09734431503135169,0.07713707572324,-0.1705175574563052,-0.0992009158396974,1.501475484148305
2025-09-09,Metal,0.16825312795256675,0.11503074011252247,0.0892128796894624,0.15574312571084004,-0.040712385598317566,0.10921030600589027,1.4716196024047945
2025-09-09,Pharma,0.8573037455531507,-0.08525146589312843,0.009016350212508083,0.025130281085737026,-0.11038174697886546,-0.09107189999976063,0.983134343028794
2025-09-09,Realty,-0.29661463945529487,-0.2703155047914248,-0.22822271547959738,0.0023536873359206634,-0.27266919212734547,-0.276135938898057,1.7400805217040278
2025-09-09,Banking,0.053893331860810356,-0.13752966990192164,-0.038073613570194974,-0.01580277044432828,-0.12172689945759337,-0.14335010400855386,0.9949850623136581
2025-09-09,NIFTY50,0.3852930178235292,0.005820434106632207,0.01164889829865882,0.026200583283080652,-0.020380149176448446,0.0,0.8435028063871604
2025-09-10,Auto,-1.282261680309027,0.4238180531172953,0.23613518916848636,0.1918667472812881,0.2319513058360072,0.38304079047641404,1.3016454034203468
2025-09-10,Energy,0.7954917420457175,-0.04556743326547837,-0.06813154903297794,0.001752352560420044,-0.047319785825898415,-0.08634469590635963,1.154938569901908
2025-09-10,FMCG,0.6364939222705424,0.13000402374103345,0.06168265785705248,0.0016257236698936763,0.1283783000711398,0.08922676110015221,0.8783298354882301
2025-09-10,Infra,0.3089729267170549,0.001416711317327642,-0.011613223650562277,0.015236234292826327,-0.013819522975498684,-0.03936055132355361,1.0007594964175097
2025-09-10,IT,2.6317588465510466,0.08420569327286741,-0.12172225635231974,0.01411718857314528,0.07008850469972212,0.043428430631986155,1.4692793984869545
2025-09-10,Media,-0.6353152708172716,-0.024516177940029315,-0.11744372276635437,0.06295714851747404,-0.08747332645750336,-0.06529344058091056,1.501475484148305
2025-09-10,Metal,0.2593947062251578,0.1621027885158718,0.07563420132394233,0.14796209776660715,0.014140690749264634,0.12132552587499054,1.4716196024047945
2025-09-10,Pharma,0.3147031735219574,-0.08924200823261769,0.010145077072329915,0.021008024154270322,-0.110250032386888,-0.13001927087349893,0.983134343028794
2025-09-10,Realty,1.127063956560037,-0.09704310793029321,-0.23136705221572942,0.007566279343397896,-0.1046093872736911,-0.13782037057117447,1.7400805217040278
2025-09-10,Banking,0.5900432312183623,-0.09168026305547212,-0.04077232850078327,-0.005298418128181092,-0.08638184492729103,-0.13245752569635338,0.9949850623136581
2025-09-10,NIFTY50,0.42020862308871365,0.04077726264088125,0.003286052403956482,0.025646356097829774,0.015130906543051478,0.0,0.8435028063871604
2025-09-11,Auto,-0.33353271734397616,0.3852168465590563,0.24062906865092273,0.18628115393086225,0.19893569262819405,0.3590497924986806,1.3016454034203468
2025-09-11,Energy,0.8823265168215411,-0.053195499086578314,-0.045352097896272925,0.03766019573086446,-0.09085569481744277,-0.07936255314695402,1.154938569901908
2025-09-11,FMCG,0.18247580924517504,0.1264519387190092,0.06972182192961492,0.004683641005007486,0.12176829771400172,0.10028488465863349,0.8783298354882301
2025-09-11,Infra,0.55321111447868,-0.02082917578735762,0.005500273433513003,0.030894000295214545,-0.05172317608257217,-0.04699622984773333,1.0007594964175097
2025-09-11,IT,-0.4982914380388448,0.06729447889239643,-0.14210068591443262,0.01234853227340713,0.0549459466189893,0.04112742483202071,1.4692793984869545
2025-09-11,Media,1.0242403861148608,-0.01756268440881795,-0.0883240014863897,0.09110112670750546,-0.10866381111632341,-0.04372973846919366,1.501475484148305
2025-09-11,Metal,0.34325704142730284,0.14018076621158582,0.10519322882273938,0.16152398167868473,-0.021343215467098914,0.1140137121512101,1.4716196024047945
2025-09-11,Pharma,0.46084885962023314,-0.11946958498380197,0.04933366891263168,0.03844606040885792,-0.1579156453926599,-0.14563663904417767,0.983134343028794
2025-09-11,Realty,0.0,-0.15041144215939792,-0.22058594916613514,0.04732260858032949,-0.1977340507397274,-0.17657849621977362,1.7400805217040278
2025-09-11,Banking,0.2449786608845539,-0.09166276157356101,-0.02981502726039975,0.010535719274228979,-0.10219848084778999,-0.11782981563393673,0.9949850623136581
2025-09-11,NIFTY50,0.12974116602184615,0.02616705406037571,0.011668356491813895,0.030792246675793968,-0.004625192615418258,0.0,0.8435028063871604
2025-09-12,Auto,0.45692162465371666,0.4203385505666502,0.24214178079416282,0.1729597540791779,0.2473787964874723,0.3842674622213198,1.3016454034203468
2025-09-12,Energy,0.32619101163293696,-0.04339102776332834,-0.03208131666702585,0.03217256764364339,-0.07556359540697172,-0.07946211610865876,1.154938569901908
2025-09-12,FMCG,-0.7083020788628991,0.09499300224558842,0.06572637174812639,0.0025397259636820526,0.09245327628190636,0.05892191390025799,0.8783298354882301
2025-09-12,Infra,0.34613338949049943,-0.02596631929192239,0.01705813565813989,0.034217078874745094,-0.060183398166667484,-0.062037407637252816,1.0007594964175097
2025-09-12,IT,0.2978877053619877,0.06700455585610608,-0.12336406925700277,0.01407543549085899,0.05292912036524709,0.030933467510775657,1.4692793984869545
2025-09-12,Media,-0.393247260177898,-0.004313726655169188,-0.07369903453935084,0.07494273539931016,-0.07925646205447935,-0.04038481500049961,1.501475484148305
2025-09-12,Metal,0.9256599110030184,0.1745608972648675,0.1325729609560483,0.16094528721409326,0.013615610050774246,0.13848980891953708,1.4716196024047945
2025-09-12,Pharma,0.5273542960313238,-0.10210076280980364,0.06077445935176284,0.04801540797457747,-0.1501161707843811,-0.13817185115513406,0.983134343028794
2025-09-12,Realty,0.06222989370503473,-0.11649694116600107,-0.21165692320898968,0.0356120349346878,-0.15210897610068885,-0.1525680295113315,1.7400805217040278
2025-09-12,Banking,0.255533632507432,-0.0789176380680338,-0.028984393701969775,0.00642431846803953,-0.08534195653607334,-0.11498872641336422,0.9949850623136581
2025-09-12,NIFTY50,0.4339045410009845,0.036071088345330425,0.02167299971421936,0.03402734713639203,0.002043741208938396,0.0,0.8435028063871604
2025-09-15,Auto,-0.39454118194424126,0.4198141362749216,0.22682246116828012,0.18972463318131835,0.23008950309360324,0.3780617976477411,1.3016454034203468
2025-09-15,Energy,0.5400618040794392,0.0033974650234247505,-0.004683582866625476,0.054924116396261415,-0.051526651372836664,-0.0383548736037557,1.154938569901908
2025-09-15,FMCG,-0.010249588531507925,0.04668429086502446,0.0707251503572411,0.013608584281463474,0.03307570658356099,0.004931952237844005,0.8783298354882301
2025-09-15,Infra,0.2600794509036719,0.013592080605974166,0.025006072408679803,0.048288198148846134,-0.03469611754287197,-0.028160258021206287,1.0007594964175097
2025-09-15,IT,-0.5775310156947766,0.06466841852509267,-0.11736311103351788,0.005117353009367825,0.059551065515724845,0.022916079897912216,1.4692793984869545
2025-09-15,Media,-0.4534158375654962,-0.022607316102073036,-0.049372285247600275,0.06768106567590453,-0.09028838177797756,-0.0643596547292535,1.501475484148305
2025-09-15,Metal,0.07487545952367114,0.21758966955281017,0.15525871541411015,0.18496605009589004,0.03262361945692013,0.17583733092562973,1.4716196024047945
2025-09-15,Pharma,-0.6378350535471977,-0.07961125708724243,0.06145788161389572,0.05891317079577006,-0.1385244278830125,-0.12136359571442287,0.983134343028794
2025-09-15,Realty,2.4085542394019166,-0.016959547951489462,-0.1448350912722616,0.08979357445036974,-0.1067531224018592,-0.058711886578669915,1.7400805217040278
2025-09-15,Banking,0.14331651769012854,-0.0629354549711895,-0.019093653368959518,0.013006570712274203,-0.07594202568346371,-0.10468779359836997,0.9949850623136581
2025-09-15,NIFTY50,-0.17838966811339896,0.04175233862718045,0.01996271828583381,0.038443995598572825,0.0033083430286076285,0.0,0.8435028063871604
2025-09-16,Auto,1.441482155213758,0.5023723267553781,0.2334442145132639,0.2080123913490459,0.2943599354063322,0.41070932101526164,1.3016454034203468
2025-09-16,Energy,0.8884441985254288,0.054573903312502926,-0.005295895192066376,0.07132954524626872,-0.016755641933765796,-0.037089102427613575,1.154938569901908
2025-09-16,FMCG,-0.2700255975867094,0.01469547086262383,0.05555698802381307,0.01829790238093376,-0.003602431518309931,-0.07696753487749267,0.8783298354882301
2025-09-16,Infra,1.0228058525911798,0.08318368709129165,0.013185896959886737,0.06890624263120199,0.014277444460089661,-0.008479318648824855,1.0007594964175097
2025-09-16,IT,0.863315411018406,0.15501466661399507,-0.11704842182897911,0.01848565180567283,0.13652901480832225,0.06335166087387857,1.4692793984869545
2025-09-16,Media,0.8644775152937711,0.02578193379524737,-0.04080642081777884,0.06702695681838285,-0.04124502302313547,-0.06588107194486913,1.501475484148305
2025-09-16,Metal,0.8335880630118364,0.31110622318709763,0.15105735746188825,0.19526307785343783,0.1158431453336598,0.21944321744698114,1.4716196024047945
2025-09-16,Pharma,0.29664604151391494,0.04143439150071277,0.053098528721410104,0.0644878011942862,-0.023053409693573425,-0.05022861423940373,0.983134343028794
2025-09-16,Realty,1.0710485187863439,0.07792970422338989,-0.16207204291132998,0.12809582549003923,-0.050166121266649336,-0.01373330151672661,1.7400805217040278
2025-09-16,Banking,0.47323768849691916,-0.02665004439757516,-0.03146044702173815,0.03400997196202201,-0.06066001635959717,-0.11831305013769167,0.9949850623136581
2025-09-16,NIFTY50,0.6777256391098607,0.0916630057401165,0.009804027337935173,0.0581410690266895,0.033521936713427,0.0,0.8435028063871604
2025-09-17,Auto,0.5461129205594384,0.46696146545041656,0.2579040083986535,0.17614033468594878,0.2908211307644678,0.38461825808893013,1.3016454034203468
2025-09-17,Energy,0.358197722850484,0.06322251125725227,0.000264424953054417,0.02875707658643189,0.03446543467082038,-0.01912069610423414,1.154938569901908
2025-09-17,FMCG,-0.13767783386874344,0.013511035132388974,0.06559046274363416,-0.012558938119732311,0.026069973252121285,-0.06883217222909743,0.8783298354882301
2025-09-17,Infra,0.3655846751528413,0.062351235549784244,0.027812597534186228,0.032289261953727756,0.030061973596056488,-0.019991971811702168,1.0007594964175097
2025-09-17,IT,0.648953486992343,0.12337503367930786,-0.08155414286004838,-0.04870120274732301,0.17207623642663086,0.04103182631782144,1.4692793984869545
2025-09-17,Media,0.2979741045796125,-0.014487589394001773,-0.10908273553860166,0.03504670939585361,-0.04953429878985538,-0.09683079675548818,1.501475484148305
2025-09-17,Metal,-0.5043370518974521,0.2117155774305391,0.13171822752591286,0.12451444499331185,0.08720113243722724,0.12937237006905267,1.4716196024047945
2025-09-17,Pharma,-0.10420678190614652,0.016441735813605217,0.05034390337837757,0.061697999086076157,-0.04525626327247094,-0.0659014715478812,0.983134343028794
2025-09-17,Realty,0.4096793685496758,0.03244393627352552,-0.15359983045269293,0.06675677064261434,-0.03431283436908882,-0.04989927108796089,1.7400805217040278
2025-09-17,Banking,0.6268617473023097,-0.005859535684699472,-0.015279708533447548,0.003915401145910824,-0.009774936830610297,-0.08820274304618589,0.9949850623136581
2025-09-17,NIFTY50,0.3611475529465391,0.08234320736148641,0.02514789569916039,0.019728182848073317,0.0626150245134131,0.0,0.8435028063871604
2025-09-18,Auto,0.12712827698251328,0.4587554549599227,0.2502833354040057,0.1886257458367206,0.2701297091232021,0.3542585622359725,1.3016454034203468
2025-09-18,Energy,-0.3541077342826826,0.052282788704461534,-0.011165080416521237,0.030742112010553328,0.021540676693908207,-0.05221410401948864,1.154938569901908
2025-09-18,FMCG,0.3575070799524127,0.04953147424918888,0.06787763268118972,0.006342944588468846,0.04318852966072003,-0.054965418474761295,0.8783298354882301
2025-09-18,Infra,0.06233569124860505,0.07016941293999028,0.02209029754075627,0.04560280056523647,0.024566612374753813,-0.03432747978395989,1.0007594964175097
2025-09-18,IT,0.8316194146704259,0.16708388981751715,-0.06786075694717543,-0.01252822872350919,0.17961211854102635,0.06258699709356698,1.4692793984869545
2025-09-18,Media,-0.29708885671898555,-0.022156395216077072,-0.09535049106615509,0.013298227658093234,-0.035454622874170304,-0.12665328794002725,1.501475484148305
2025-09-18,Metal,0.32247823262088193,0.2195344889573555,0.12032395248874969,0.1380191799496903,0.08151530900766521,0.11503759623340533,1.4716196024047945
2025-09-18,Pharma,1.4972113016902266,0.09398141771956117,0.07176001888048252,0.06479929884579214,0.029182118873769036,-0.010515475004389,0.983134343028794
2025-09-18,Realty,-0.0707173752770407,0.04543677088431323,-0.15741176785802613,0.07399300991804365,-0.028556239033730425,-0.05906012183963694,1.7400805217040278
2025-09-18,Banking,0.42194000753892347,0.023733393443036894,-0.020215252683348228,0.017471189806023628,0.006262203637013266,-0.08076349928091328,0.9949850623136581
2025-09-18,NIFTY50,0.36853015416349333,0.10449689272395017,0.026454682123824846,0.03926278353493832,0.06523410918901185,0.0,0.8435028063871604
2025-09-19,Auto,-0.40176158486894264,0.46315666263121746,0.22737489343257866,0.17506845074963992,0.2880882118815775,0.36112874427732444,1.3016454034203468
2025-09-19,Energy,0.8567450126074849,0.1028993696397118,-0.0012477712128337408,0.024454758169242873,0.07844461147046893,0.0008714512858187806,1.154938569901908
2025-09-19,FMCG,-0.44106583388402454,0.06490674007519015,0.0482304143097978,0.0010960488542004982,0.06381069122098965,-0.03712117827870287,0.8783298354882301
2025-09-19,Infra,0.08125677139760867,0.08176176844436167,0.007939540737872766,0.04017903539963427,0.0415827330447274,-0.02026614990953135,1.0007594964175097
2025-09-19,IT,-0.4680240270474312,0.2093546155539642,-0.10292061880762257,-0.03256972000160211,0.2419243355555663,0.10732669720007118,1.4692793984869545
2025-09-19,Media,-0.5037983054827389,0.00037859451204644106,-0.13686256082643636,-0.006424732397069461,0.0068033269091159025,-0.10164932384184658,1.501475484148305
2025-09-19,Metal,0.3490655453354474,0.24448748989212313,0.1193071086531261,0.11454966063470998,0.12993782925741315,0.1424595715382301,1.4716196024047945
2025-09-19,Pharma,0.49724577647802803,0.17828459356633128,0.06984222500858005,0.06404296741459653,0.11424162615173475,0.07625667521243826,0.983134343028794
2025-09-19,Realty,0.5498380669442859,0.11406652407794,-0.15720353453791913,0.061248175256929764,0.05281834882101024,0.012038605724046983,1.7400805217040278
2025-09-19,Banking,-0.4819844798488071,0.004602563981735604,-0.03294913752235081,0.014938049512299835,-0.01033548553056423,-0.09742535437215742,0.9949850623136581
2025-09-19,NIFTY50,-0.37976065391384095,0.10202791835389302,0.0067889703578853195,0.031040113975094135,0.07098780437879888,0.0,0.8435028063871604
2025-09-22,Auto,-0.23971740211431447,0.446849890271492,0.21401390219189745,0.15109306967403413,0.2957568205974579,0.36421162738966234,1.3016454034203468
2025-09-22,Energy,0.6907071120342945,0.13260729801249518,-0.0064187176393108265,0.021925264210547444,0.11068203380194774,0.04996903513066549,1.154938569901908
2025-09-22,FMCG,-0.4732296855295637,0.045046579986505186,0.02903215868170439,-0.010752612269392638,0.05579919225589783,-0.03759168289532451,0.8783298354882301
2025-09-22,Infra,-0.30906419147496145,0.07988639843228025,-0.02442348658885707,0.019260109993287273,0.06062628843899298,-0.002751864449549446,1.0007594964175097
2025-09-22,IT,-2.947384203727621,0.08200754409097916,-0.14990730291049228,-0.07824104318628874,0.1602485872772679,-0.0006307187908505402,1.4692793984869545
2025-09-22,Media,0.4847385157268569,-0.016576920629405256,-0.11053967687733182,-0.018685667448122823,0.0021087468187175676,-0.09921518351123496,1.501475484148305
2025-09-22,Metal,0.39238848454170583,0.25330115967975453,0.0873745924018828,0.099521741500007,0.15377941817974752,0.17066289679792485,1.4716196024047945
2025-09-22,Pharma,-1.4142692818645775,0.10620072252382777,0.046011308134753875,0.03952757988141158,0.0666731426424162,0.023562459641998074,0.983134343028794
2025-09-22,Realty,-0.21115454326272598,0.1113152557750019,-0.1441328905333026,0.037524775416879375,0.07379048035812252,0.0286769928931722,1.7400805217040278
2025-09-22,Banking,-0.3139292603342003,-0.01247894497085437,-0.05541721864269785,0.0002113492111637743,-0.012690294182018143,-0.09511720785268407,0.9949850623136581
2025-09-22,NIFTY50,-0.49236357186648316,0.0826382628818297,-0.021503773863439008,0.007767809686064497,0.0748704531957652,0.0,0.8435028063871604
2025-09-23,Auto,0.6173918409851264,0.5141153014991214,0.22108682684898145,0.15103091697896992,0.3630843845201515,0.4042654441571144,1.3016454034203468
2025-09-23,Energy,-0.46245337860878477,0.13855664672387782,-0.030871668588037433,0.00729002939732968,0.13126661732654815,0.028706789381870795,1.154938569901908
2025-09-23,FMCG,-1.2948425301414601,0.025849090284838876,0.007747803090008924,-0.032506883083603576,0.05835597336844245,-0.08400076705716815,0.8783298354882301
2025-09-23,Infra,-0.18298053068065423,0.11710273980065448,-0.0422412546837031,0.019089193988139908,0.09801354581251458,0.0072528824586474555,1.0007594964175097
2025-09-23,IT,-0.7071713388522416,0.08994788578324252,-0.15428676341319741,-0.07677151507484614,0.16671940085808867,-0.01990197155876451,1.4692793984869545
2025-09-23,Media,-0.6606034337515942,-0.03513484628143822,-0.12537269293899367,-0.03831898321568777,0.00318413693424955,-0.14498470362344523,1.501475484148305
2025-09-23,Metal,0.9966018805822596,0.3450745186406283,0.09810860177189278,0.11158437682035616,0.23349014182027217,0.2352246612986213,1.4716196024047945
2025-09-23,Pharma,-0.2980020371550207,0.13971563230530465,0.03184314545549978,0.03711204006071031,0.10260359224459434,0.02986577496329762,0.983134343028794
2025-09-23,Realty,-0.8898065558732848,0.15201702151590926,-0.13320899095800215,0.009572225032454569,0.1424447964834547,0.04216716417390223,1.7400805217040278
2025-09-23,Banking,0.4069838427414485,0.032081378697559705,-0.05554474438192569,0.004747505204469624,0.02733387349309008,-0.07776847864444733,0.9949850623136581
2025-09-23,NIFTY50,-0.13034343973540308,0.10984985734200703,-0.0294690058143308,0.008194838970847988,0.10165501837115903,0.0,0.8435028063871604
2025-09-24,Auto,-1.1505387366699038,0.4403925769462395,0.21131073721170843,0.13363401759037905,0.3067585593558605,0.37579424453578647,1.3016454034203468
2025-09-24,Energy,-0.8918054579252876,0.08766182628884622,-0.04692306135310631,-0.0034305134110629867,0.09109233969990921,0.023063493878393196,1.154938569901908
2025-09-24,FMCG,0.1761861527463493,0.006892444850760497,0.01749200668098268,-0.02848324261046457,0.03537568746122507,-0.05770588755969253,0.8783298354882301
2025-09-24,Infra,-0.47268002519996744,0.06448106577579955,-0.044936587764246215,0.015487871701384734,0.04899319407441482,-0.00011726663465347342,1.0007594964175097
2025-09-24,IT,-0.7228575196397968,0.05169034728657409,-0.17178867045648377,-0.07033218711527375,0.12202253440184785,-0.012907985123878939,1.4692793984869545
2025-09-24,Media,-0.8072777479166349,-0.06734444422844095,-0.14512074511269973,-0.04077981947828551,-0.02656462475015544,-0.13194277663889398,1.501475484148305
2025-09-24,Metal,-0.6807173095406349,0.3050013113324768,0.09431525235996183,0.10294614081940803,0.2020551705130688,0.24040297892202378,1.4716196024047945
2025-09-24,Pharma,-0.5309648940947431,0.09047791562956023,0.014625692821138191,0.02570392140037575,0.06477399422918448,0.025879583219107202,0.983134343028794
2025-09-24,Realty,-2.4908305258786845,0.007024382616697873,-0.16231438809198082,-0.04324691870298824,0.050271301319686115,-0.05757394979375515,1.7400805217040278
2025-09-24,Banking,-0.6994266772954338,-0.02188778412788417,-0.06339673911103276,-0.004344688398336189,-0.01754309572954798,-0.0864861165383372,0.9949850623136581
2025-09-24,NIFTY50,-0.447365300760838,0.06459833241045303,-0.029075356902569422,0.006526012088787164,0.058072320321665864,0.0,0.8435028063871604
2025-09-25,Auto,-0.9223315399289778,0.390982002019018,0.1993281268932897,0.1474720079910388,0.2435099940279792,0.33523369101391015,1.3016454034203468
2025-09-25,Energy,-0.7073269073892829,0.05145820813963679,-0.054676197000516256,-0.003329269650650262,0.054787477790287045,-0.004290102865471088,1.154938569901908
2025-09-25,FMCG,-0.48926392171100286,0.007184004511085658,0.02090594373925077,-0.01929899868497922,0.026483003196064878,-0.048564306494022214,0.8783298354882301
2025-09-25,Infra,-0.7662396413063877,0.04079627888359472,-0.06512901374722047,0.018207918774694926,0.02258836010889979,-0.014952032121513158,1.0007594964175097
2025-09-25,IT,-1.2744932461658642,-0.003303366720851164,-0.18803015770002685,-0.07873275292021198,0.07542938619936082,-0.05905167772595904,1.4692793984869545
2025-09-25,Media,-0.664173646028221,-0.10953220704811746,-0.13429367407754797,-0.03300443433577246,-0.07652777271234501,-0.16528051805322533,1.501475484148305
2025-09-25,Metal,0.22316076564070642,0.2997877829297528,0.09283434943469615,0.11202429835076504,0.18776348457898773,0.2440394719246449,1.4716196024047945
2025-09-25,Pharma,-0.915210102251407,0.03700523790512443,-0.0008207105620999873,0.03006486781165847,0.0069403700934659585,-0.018743073099983444,0.983134343028794
2025-09-25,Realty,-1.6505672102903102,-0.023660892235989328,-0.18585381876470258,-0.04920380412520049,0.025542911889211165,-0.07940920324109721,1.7400805217040278
2025-09-25,Banking,-0.26360092023983706,-0.002628815764821324,-0.0720561315139669,0.0036198083953018242,-0.006248624160123149,-0.0583771267699292,0.9949850623136581
2025-09-25,NIFTY50,-0.6626948212322681,0.055748311005107874,-0.04173683671858016,0.010812548913613988,0.044935762091493886,0.0,0.8435028063871604
2025-09-26,Auto,-1.0237839144570882,0.3196822612145656,0.1769588151939348,0.1281213852381112,0.1915608759764544,0.31352025502260317,1.3016454034203468
2025-09-26,Energy,-1.2070461865435367,0.011424598807675546,-0.06799305101922855,-0.023386935590856073,0.034811534398531616,0.00526259261571312,1.154938569901908
2025-09-26,FMCG,-0.4726159881505376,-0.007098009033505992,0.01496315670334832,-0.028640351319049802,0.02154234228554381,-0.013260015225468418,0.8783298354882301
2025-09-26,Infra,-0.4257223333460569,0.006692176249522379,-0.06830952544635542,0.007902696998038547,-0.001210520748516168,0.0005301700575599533,1.0007594964175097
2025-09-26,IT,-2.449616224567841,-0.08674996507901639,-0.23082934129101135,-0.11359786982735603,0.026847904748339646,-0.09291197127097882,1.4692793984869545
2025-09-26,Media,-1.0923831296580144,-0.1751802076071399,-0.14648373375471552,-0.04979180507086269,-0.1253884025362772,-0.18134221379910231,1.501475484148305
2025-09-26,Metal,-1.9270899569191036,0.19356742210409916,0.037252735410490505,0.08428964238869298,0.10927777971540618,0.18740541591213675,1.4716196024047945
2025-09-26,Pharma,-2.140806438913312,-0.09209293172872891,-0.041759955573686586,-0.0075744122949187725,-0.08451851943381014,-0.09825493792069134,0.983134343028794
2025-09-26,Realty,-0.9989724575990677,-0.06506784201251244,-0.17854138682188989,-0.07944816002646268,0.014380318013950247,-0.07122984820447487,1.7400805217040278
2025-09-26,Banking,-1.0674576718462059,-0.046552595142124176,-0.0764970981715496,-0.012244710432197535,-0.03430788470992664,-0.0527146013340866,0.9949850623136581
2025-09-26,NIFTY50,-0.9487437927231501,0.006162006191962425,-0.05178088569768332,-0.005560507348739079,0.011722513540701505,0.0,0.8435028063871604
2025-09-29,Auto,-0.18123773514777675,0.31417295285292735,0.1666090181633752,0.13736868322143922,0.17680426963148813,0.31230588989100516,1.3016454034203468
2025-09-29,Energy,0.6866162431811595,0.06024788699700726,-0.057996813500987655,-0.006718639802680092,0.06696652679968736,0.05838082403508508,1.154938569901908
2025-09-29,FMCG,0.1791328848791407,0.020314443333434573,0.01562041671727706,-0.010595855155530865,0.03091029848896544,0.01844738037151239,0.8783298354882301
2025-09-29,Infra,0.13218307983118294,0.023820996800765215,-0.06091867506521631,0.01699404163352532,0.006826955167239895,0.02195393383884303,1.0007594964175097
2025-09-29,IT,-0.0264032920894941,-0.10110543538650413,-0.2302062379647803,-0.09938961778181282,-0.0017158176046913054,-0.10297249834842631,1.4692793984869545
2025-09-29,Media,-0.8473754165282954,-0.18567640463233592,-0.18475914617725053,-0.07152151520948846,-0.11415488942284746,-0.1875434675942581,1.501475484148305
2025-09-29,Metal,0.35243454984450473,0.2515742055818645,0.05614318175883926,0.09164456418110145,0.15992964140076305,0.2497071426199423,1.4716196024047945
2025-09-29,Pharma,-0.14831516263722477,-0.10028252063344051,-0.05127588477483958,0.0011043482144940677,-0.10138686884793457,-0.10214958359536269,0.983134343028794
2025-09-29,Realty,0.8764314561454212,-0.010647913804874657,-0.15207919963897237,-0.06462026587510913,0.05397235207023448,-0.01251497676679684,1.7400805217040278
2025-09-29,Banking,0.13173247233453367,-0.05185090086297232,-0.06824153030944098,-0.00808165613956925,-0.043769244723403065,-0.0537179638248945,0.9949850623136581
2025-09-29,NIFTY50,-0.08030448049409777,0.0018670629619221835,-0.04996977284054405,0.002670857061373402,-0.0008037940994512186,0.0,0.8435028063871604
2025-09-30,Auto,0.4001990615206674,0.18814744666602898,0.1749834307701124,0.13919386345476872,0.048953583211260254,0.22274425047449847,1.3016454034203468
2025-09-30,Energy,-0.19817989057778762,0.052273664445421364,-0.0680283354293972,-0.017744793112843944,0.0700184575582653,0.08687046825389086,1.154938569901908
2025-09-30,FMCG,-0.4278790356263773,-0.03346478302213426,0.0017677524913582248,-0.03341624758664606,-4.853543548819644e-05,0.0011320207863352305,0.8783298354882301
2025-09-30,Infra,-0.4932628798456462,-0.014790235202381726,-0.07521261178752034,0.002158688628062603,-0.01694892383044433,0.01980656860608776,1.0007594964175097
2025-09-30,IT,-0.11278273070085554,-0.08589349483401178,-0.24548000578697066,-0.11124107765902273,0.025347582825010956,-0.05129669102554229,1.4692793984869545
2025-09-30,Media,-1.2259154160014218,-0.21907959956742656,-0.21623771856368415,-0.09118269109503838,-0.1278969084723882,-0.18448279575895707,1.501475484148305
2025-09-30,Metal,1.1594238270197676,0.22828396586314678,0.08292262435221225,0.09606035025423232,0.13222361560891446,0.2628807696716163,1.4716196024047945
2025-09-30,Pharma,-0.09802321962530947,-0.10193998003869703,-0.0664467739903918,0.0045325952323191625,-0.1064725752710162,-0.06734317623022754,0.983134343028794
2025-09-30,Realty,-0.8173791842312039,-0.11029599101311442,-0.180929976054602,-0.07661553581103811,-0.03368045520207631,-0.07569918720464494,1.7400805217040278
2025-09-30,Banking,0.3210583031894476,-0.06482283556454194,-0.06993232014358215,-0.013755501715000272,-0.051067333849541666,-0.030226031756072448,0.9949850623136581
2025-09-30,NIFTY50,-0.09661407544825362,-0.03459680380846949,-0.05523404924133594,-0.009394286796947031,-0.025202517011522457,0.0,0.8435028063871604
2025-10-01,Auto,0.8526026692454947,0.17285660217107318,0.19173026915348557,0.13695376907415993,0.03590283309691325,0.1908473199400422,1.3016454034203468
2025-10-01,Energy,0.5162998289045317,0.04194345073711044,-0.060464017719837525,-0.019637432347527038,0.06158088308463748,0.059934168506079466,1.154938569901908
2025-10-01,FMCG,0.7213439955721546,-0.04452267645279506,-0.014139567113417573,-0.03617080417898852,-0.008351872273806543,-0.026531958683826035,0.8783298354882301
2025-10-01,Infra,0.17596599421925152,-0.039031040965206154,-0.07600744764215941,-0.0005613334048506749,-0.038469707560355476,-0.021040323196237127,1.0007594964175097
2025-10-01,IT,0.7431196004134666,-0.07284029286152202,-0.22034563873227608,-0.11434222527627763,0.04150193241475561,-0.05484957509255299,1.4692793984869545
2025-10-01,Media,3.9729123282040035,-0.13120959660341727,-0.13280483070217433,-0.052551356073505064,-0.07865824052991222,-0.11321887883444824,1.501475484148305
2025-10-01,Metal,0.5459153584576715,0.2216253965867029,0.10215474977262459,0.09169312204863597,0.12993227453806694,0.23961611435567193,1.4716196024047945
2025-10-01,Pharma,1.3016069077222525,-0.047352160953488834,-0.04329779892627525,0.015493189057023739,-0.06284535001051257,-0.029361443184519807,0.983134343028794
2025-10-01,Realty,1.1007433260559196,-0.09530850179466754,-0.1639560456832197,-0.07286503709517035,-0.022443464699497193,-0.07731778402569851,1.7400805217040278
2025-10-01,Banking,1.303352351771081,-0.02916761018775693,-0.045793027603634094,-0.0027586763195927874,-0.026408933868164144,-0.011176892418787904,0.9949850623136581
2025-10-01,NIFTY50,0.9150390492475902,-0.017990717768969027,-0.04000308743838702,-0.0058438300900623096,-0.012146887678906718,0.0,0.8435028063871604
2025-10-03,Auto,-0.05809325843131319,0.16927674458881808,0.19709629883187788,0.14408176202525425,0.02519498256356384,0.18881724434672068,1.3016454034203468
2025-10-03,Energy,0.5558411622254456,0.05282559219318861,-0.05455104783523993,-0.013408681866713765,0.06623427405990237,0.07236609195109119,1.154938569901908
2025-10-03,FMCG,0.11840955215756122,-0.08694349511008596,-0.00770833466773609,-0.025076190235102658,-0.061867304874983306,-0.06740299535218339,0.8783298354882301
2025-10-03,Infra,0.5519176527389869,-0.03039691591514922,-0.0714359771082381,0.012554560582934323,-0.04295147649808354,-0.01085641615724664,1.0007594964175097
2025-10-03,IT,0.1313980813460791,-0.15797322613197665,-0.22314280346177753,-0.10451789109248821,-0.05345533503948843,-0.13843272637407406,1.4692793984869545
2025-10-03,Media,0.04051889755727345,-0.06395000501742683,-0.13021770751256137,-0.05111582735003067,-0.012834177667396161,-0.04440950525952425,1.501475484148305
2025-10-03,Metal,1.8245350516841397,0.2682569597246102,0.1333950621371436,0.11690456060573816,0.15135239911887205,0.2877974594825128,1.4716196024047945
2025-10-03,Pharma,0.10513543320220808,-0.029157369664007594,-0.02670464905838444,0.015465159048029618,-0.044622528712037215,-0.009616869906105014,0.983134343028794
2025-10-03,Realty,-0.11971142893445474,-0.13450102040477915,-0.18239940816226966,-0.07690230602420761,-0.05759871438057154,-0.11496052064687658,1.7400805217040278
2025-10-03,Banking,0.4359705908818956,-0.004691762740044458,-0.04751443905367562,0.006468128456491214,-0.011159891196535671,0.014848737017858122,0.9949850623136581
2025-10-03,NIFTY50,0.23332467769816567,-0.01954049975790258,-0.04012037136270944,0.004523916184713385,-0.024064415942615963,0.0,0.8435028063871604
2025-10-06,Auto,0.3891123305148625,0.19425509982629824,0.19718815185490807,0.1559320970856552,0.03832300274064304,0.19365596686083922,1.3016454034203468
2025-10-06,Energy,-0.018230544056407894,0.06812037029272318,-0.050832238176979905,-0.013848210893936022,0.0819685811866592,0.06752123732726414,1.154938569901908
2025-10-06,FMCG,-0.20473426390328342,-0.0725316961324592,-0.024398871223266044,-0.010772062894775935,-0.06175963323768327,-0.07313082909791824,0.8783298354882301
2025-10-06,Infra,0.4739415051646878,-0.019584516847917326,-0.05270868820391831,0.020428872627729203,-0.04001338947564653,-0.020183649813376357,1.0007594964175097
2025-10-06,IT,2.276307723179105,-0.08525756177105012,-0.17227577860724724,-0.07816786930376463,-0.007089692467285497,-0.08585669473650916,1.4692793984869545
2025-10-06,Media,-0.9034830693141704,-0.09396453417583397,-0.13872020234900803,-0.07269302176129594,-0.021271512414538035,-0.09456366714129301,1.501475484148305
2025-10-06,Metal,-0.8912982539494019,0.2399858181245896,0.14181332152678028,0.11362971985790897,0.12635609826668065,0.23938668515913059,1.4716196024047945
2025-10-06,Pharma,0.10801444370003299,-0.057146018402989655,-0.028107497205626487,0.02346097048635284,-0.08060698888934249,-0.05774515136844868,0.983134343028794
2025-10-06,Realty,0.6848533463303941,-0.12443907657032145,-0.14621469328389441,-0.06764903819360431,-0.056790038376717145,-0.1250382095357805,1.7400805217040278
2025-10-06,Banking,0.9275202714553732,0.02281739577389345,-0.030811363333857106,0.015485221699475958,0.007332174074417492,0.02221826280843442,0.9949850623136581
2025-10-06,NIFTY50,0.7367178791287232,0.0005991329654590297,-0.024811708331682707,0.01601039491502772,-0.015411261949568692,0.0,0.8435028063871604
2025-10-07,Auto,0.28428713611616807,0.21004280536833086,0.20384396210843572,0.1534635129631195,0.05657929240521137,0.17697800089431007,1.3016454034203468
2025-10-07,Energy,0.28428709937811103,0.09432017141865627,-0.042906079302677536,-0.01379006537633996,0.10811023679499623,0.06125536694463548,1.154938569901908
2025-10-07,FMCG,-0.5336168240703376,-0.056833375029837395,-0.023819097893036562,-0.015237000109146562,-0.041596374920690835,-0.08989817950385819,0.8783298354882301
2025-10-07,Infra,0.3691415728314995,0.017138566795512993,-0.03603755875962603,0.020559184718317303,-0.0034206179228043095,-0.015926237678507798,1.0007594964175097
2025-10-07,IT,-0.037732142959601145,-0.06010470011436066,-0.15979725245059914,-0.08714006592040444,0.02703536580604378,-0.09316950458838144,1.4692793984869545
2025-10-07,Media,-0.4590070872775853,-0.14090117692497237,-0.1438723134574447,-0.08007056750989894,-0.06083060941507343,-0.17396598139899316,1.501475484148305
2025-10-07,Metal,-0.28324195547592135,0.2720459111141157,0.13015746239751788,0.09699575925383608,0.1750501518602796,0.2389811066400949,1.4716196024047945
2025-10-07,Pharma,0.43825450398846666,-0.055658941323201906,-0.010919710977509812,0.018148210563914007,-0.07380715188711591,-0.0887237457972227,0.983134343028794
2025-10-07,Realty,1.088316164470693,-0.06018290494709144,-0.14004545626566683,-0.06825637827172912,0.008073473324637676,-0.09324770942111224,1.7400805217040278
2025-10-07,Banking,0.23972971365973095,0.06704106481292789,-0.019313252096142913,0.015561416412466346,0.05147964840046154,0.0339762603389071,0.9949850623136581
2025-10-07,NIFTY50,0.12222193924698033,0.03306480447402079,-0.014868598600569586,0.013725661763576516,0.019339142710444276,0.0,0.8435028063871604
2025-10-08,Auto,-1.5265361554601453,0.1467943749178754,0.2078822219222859,0.14735806101214252,-0.0005636860942671296,0.13506860354750538,1.3016454034203468
2025-10-08,Energy,-1.0833098393008167,0.059489754669251514,-0.04496584120997164,-0.022441567661352937,0.08193132233060445,0.047763983298881506,1.154938569901908
2025-10-08,FMCG,-0.5007009499451653,-0.07018628584013771,-0.040614587442358574,-0.0138607148389062,-0.05632557100123151,-0.08191205721050772,0.8783298354882301
2025-10-08,Infra,-0.6333700782829688,-0.005493015315177392,-0.02816473177895092,0.01708385669243177,-0.02257687200760916,-0.0172187866855474,1.0007594964175097
2025-10-08,IT,1.5062203319768708,-0.08883168930659731,-0.10501414126380224,-0.05767872373505339,-0.03115296557154392,-0.10055746067696732,1.4692793984869545
2025-10-08,Media,-1.7149911460275113,-0.14224169320435498,-0.14570576657859655,-0.0992883681436681,-0.04295332506068689,-0.153967464574725,1.501475484148305
2025-10-08,Metal,-0.19790565948842875,0.24365461627387142,0.13405734750474574,0.11361706130605326,0.13003755496781816,0.2319288449035014,1.4716196024047945
2025-10-08,Pharma,-0.7677662289286347,-0.09589308042357766,-0.03497194521788927,0.017198312810568796,-0.11309139323414646,-0.10761885179394767,0.983134343028794
2025-10-08,Realty,-1.8279676539002088,-0.14603312343466904,-0.1503344564321766,-0.08118448254473287,-0.06484864088993617,-0.15775889480503905,1.7400805217040278
2025-10-08,Banking,-0.39314386876293517,0.05454659051683667,-0.019975115073488554,0.007119485507074419,0.04742710500976225,0.04282081914646666,0.9949850623136581
2025-10-08,NIFTY50,-0.24752925801897474,0.011725771370370008,-0.005492583217092488,0.014684486640159398,-0.0029587152697893894,0.0,0.8435028063871604
2025-10-09,Auto,0.24356622486489954,0.16843092804127108,0.2078129657016827,0.14999522606531182,0.018435701975959257,0.10451449852432854,1.3016454034203468
2025-10-09,Energy,0.4514608851171831,0.12656651914297581,-0.04220628356155831,-0.019120846829254988,0.1456873659722308,0.06265008962603327,1.154938569901908
2025-10-09,FMCG,0.39971038077042387,-0.08711503714010638,-0.037391340939714,-0.01845483140374693,-0.06866020573635945,-0.15103146665704892,0.8783298354882301
2025-10-09,Infra,0.6709527122487957,0.06844324257533525,-0.016000885485959276,0.02320104955594266,0.04524219301939259,0.004526813058392712,1.0007594964175097
2025-10-09,IT,1.1246798033052174,-0.031413867807809095,-0.06771837649560351,-0.0374448082422237,0.006030940434414607,-0.09533029732475164,1.4692793984869545
2025-10-09,Media,0.10283734737386308,-0.11380747637926139,-0.16667947386399684,-0.10168426956413722,-0.012123206815124174,-0.17772390589620393,1.501475484148305
2025-10-09,Metal,2.1669147279622214,0.3712361533155703,0.1657139997248636,0.1455136621987236,0.2257224911168467,0.30731972379862776,1.4716196024047945
2025-10-09,Pharma,1.0542494293092508,-0.005182844435883697,-0.03123252346214634,0.03139698939259558,-0.03657983382847928,-0.06909927395282624,0.983134343028794
2025-10-09,Realty,0.742517685483346,-0.04671945636589273,-0.16106639892176275,-0.09856588775194561,0.051846431386052876,-0.11063588588283527,1.7400805217040278
2025-10-09,Banking,0.31025742726700223,0.10653161307684567,-0.015116976212258456,0.007503510772884543,0.09902810230396113,0.042615183559903125,0.9949850623136581
2025-10-09,NIFTY50,0.5416017571936882,0.06391642951694254,0.008010536331383156,0.022233087356237205,0.041683342160705336,0.0,0.8435028063871604
2025-10-10,Auto,0.5047550259525302,0.20326546315937968,0.1912276724295146,0.1583830094339855,0.04488245372539418,0.09716076607042848,1.3016454034203468
2025-10-10,Energy,0.42503731226659625,0.16754344363563486,-0.040069202201527175,-0.002518363988517712,0.17006180762415257,0.06143874654668366,1.154938569901908
2025-10-10,FMCG,0.4734273004840306,-0.037278160367130164,-0.041502816224768625,-0.007776788517646442,-0.02950137184948372,-0.14338285745608137,0.8783298354882301
2025-10-10,Infra,0.3305089908880676,0.10352337096420287,-0.017031988714663975,0.035644877372649084,0.06787849359155379,-0.0025813261247483316,1.0007594964175097
2025-10-10,IT,-0.05458893512216845,0.01985833701524422,-0.07537568190681462,-0.03064771859232275,0.05050605560756697,-0.08624636007370698,1.4692793984869545
2025-10-10,Media,0.26643781667705646,-0.08902403805264705,-0.17029477758116177,-0.10477531975143177,0.015751281698784717,-0.19512873514159826,1.501475484148305
2025-10-10,Metal,-0.9139490241588888,0.36575302184351394,0.14977289545749503,0.1361194121065363,0.22963360973697763,0.25964832475456273,1.4716196024047945
2025-10-10,Pharma,1.2857778069817805,0.06521171830176863,-0.028793345958518613,0.047755652199268236,0.01745606610250039,-0.04089297878718258,0.983134343028794
2025-10-10,Realty,1.6725251833165533,0.05907142260318595,-0.1463365399459256,-0.09330991586131264,0.15238133846449858,-0.047033274485765254,1.7400805217040278
2025-10-10,Banking,0.7433421862036438,0.16988283917435304,-0.009812568818840147,0.021794090255698267,0.14808874891865478,0.06377814208540183,0.9949850623136581
2025-10-10,NIFTY50,0.41120501676790155,0.1061046970889512,0.007322114579524364,0.03462851352061221,0.07147618356833899,0.0,0.8435028063871604
2025-10-13,Auto,-0.086256713017685,0.22986064536230238,0.18240671793111912,0.15437327348672536,0.07548737187557703,0.12132744360460822,1.3016454034203468
2025-10-13,Energy,-0.29934274385485793,0.16193979623554475,-0.04700446059614264,-0.011614037395246562,0.1735538336307913,0.05340659447785058,1.154938569901908
2025-10-13,FMCG,-0.8961787840608193,-0.09885217686690595,-0.06401501430347308,-0.019131713920170275,-0.07972046294673568,-0.2073853786246001,0.8783298354882301
2025-10-13,Infra,-0.09038424951030022,0.11233974096290789,-0.020656051856890272,0.02741419948239275,0.08492554148051513,0.0038065392052137187,1.0007594964175097
2025-10-13,IT,-0.7814024634054895,0.02269870891159226,-0.09891568740944805,-0.04304836391465036,0.06574707282624262,-0.08583449284610191,1.4692793984869545
2025-10-13,Media,0.1056556615004256,-0.09722653601681484,-0.1903771354268039,-0.1056612932139521,0.008434757197137252,-0.205759737774509,1.501475484148305
2025-10-13,Metal,-0.42975583819565566,0.37158605075453544,0.1516856401284413,0.124633005298196,0.24695304545633945,0.2630528489968413,1.4716196024047945
2025-10-13,Pharma,-0.059187337549082564,0.0638958685582247,-0.024500250647621076,0.046187447397758964,0.017708421160465733,-0.04463733319946947,0.983134343028794
2025-10-13,Realty,0.01672485081392061,0.10401040960387668,-0.15435761003507814,-0.08532400930212371,0.1893344189060004,-0.004522792153817484,1.7400805217040278
2025-10-13,Banking,0.026938822376010307,0.18098159572938735,-0.01410867186156998,0.0205565916796318,0.16042500404975554,0.07244839397169318,0.9949850623136581
2025-10-13,NIFTY50,-0.22938183927065925,0.10853320175769417,0.0024241693561743993,0.028562154408731357,0.0799710473489628,0.0,0.8435028063871604
2025-10-14,Auto,-0.21574381944909904,0.12930291960065013,0.1794114302127479,0.1532333209287023,-0.02393040132805216,0.058631548866521985,1.3016454034203468
2025-10-14,Energy,-0.6242937577930152,0.08993370008284447,-0.061414372769627766,-0.021369358184393717,0.11130305826723819,0.01926232934871633,1.154938569901908
2025-10-14,FMCG,-0.4774796623322586,-0.11674812977482148,-0.07660381840376816,-0.02647592992574752,-0.09027219984907396,-0.18741950050894962,0.8783298354882301
2025-10-14,Infra,-0.4359910621832275,0.07004474567117058,-0.02192752437648937,0.016022075872460025,0.05402266979871056,-0.0006266250629575615,1.0007594964175097
2025-10-14,IT,-0.3281816890250977,-0.041242249977033754,-0.08127559202718754,-0.051803904476326934,0.01056165449929318,-0.1119136207111619,1.4692793984869545
2025-10-14,Media,-1.0298382215986779,-0.12090512931315092,-0.20341853134657675,-0.11459809362912564,-0.006307035684025283,-0.19157650004727905,1.501475484148305
2025-10-14,Metal,-0.9850832517018349,0.283951729692494,0.1241128979372656,0.10713777699412533,0.17681395269836866,0.21328035895836583,1.4716196024047945
2025-10-14,Pharma,-0.7468987407963645,0.04285191817277192,-0.04332559523562744,0.02372134252552609,0.019130575647245827,-0.027819452561356227,0.983134343028794
2025-10-14,Realty,-0.9422404462590128,0.03795797787349472,-0.19070849735414694,-0.11526053291485766,0.15321851078835239,-0.032713392860633426,1.7400805217040278
2025-10-14,Banking,-0.2270212472406219,0.15186937628345737,-0.007975891193509796,0.016357793377226808,0.13551158290623055,0.08119800554932922,0.9949850623136581
2025-10-14,NIFTY50,-0.3244479132464395,0.07067137073412814,0.0036670663882809595,0.01905862563698562,0.051612745097142525,0.0,0.8435028063871604
2025-10-15,Auto,0.2556238793040677,0.14757310259356043,0.19118148973814178,0.13914430113306175,0.00842880146049868,0.04714656541172685,1.3016454034203468
2025-10-15,Energy,0.7241684638786383,0.08135940368377947,-0.039895049998031985,-0.01639971493680953,0.097759118620589,-0.019067133498054112,1.154938569901908
2025-10-15,FMCG,0.9867408521823329,-0.12132302553760338,-0.0503019827614056,-0.018912436380581734,-0.10241058915702164,-0.22174956271943697,0.8783298354882301
2025-10-15,Infra,1.0137348445454109,0.09770715065942626,0.0037906458204428617,0.01988328443528932,0.07782386622413694,-0.00271938652240733,1.0007594964175097
2025-10-15,IT,0.530881745783307,-0.023289714437946266,-0.07257779569341259,-0.05150157378080937,0.028211859342863105,-0.12371625161977985,1.4692793984869545
2025-10-15,Media,-0.5170463725965413,-0.17081262924027338,-0.22799725427603348,-0.10768896722800901,-0.06312366201226437,-0.271239166422107,1.501475484148305
2025-10-15,Metal,1.0003182554389367,0.2889785453339933,0.1346209980187559,0.09719527149524103,0.19178327383875227,0.18855200815215972,1.4716196024047945
2025-10-15,Pharma,0.08190288349194663,0.05459693651592303,-0.03552328534183544,0.022567635994071356,0.03202930052185168,-0.045829600665910554,0.983134343028794
2025-10-15,Realty,3.044976593856874,0.11539856044359993,-0.13796116628126096,-0.13345310453632248,0.2488516649799224,0.014972023261766346,1.7400805217040278
2025-10-15,Banking,0.5371120184475053,0.19084926657212803,0.01698314039159432,0.006034966815168364,0.18481429975695968,0.09042272939029444,0.9949850623136581
2025-10-15,NIFTY50,0.7080820872521931,0.10042653718183359,0.02496269792122215,0.015606733323673745,0.08481980385815985,0.0,0.8435028063871604
2025-10-16,Auto,1.2733687565672724,0.16519944853343815,0.20119869703006904,0.1478526606365445,0.017346787896893645,0.04868786780339533,1.3016454034203468
2025-10-16,Energy,0.41660667114780114,0.08209276131484071,-0.03372911834766531,-0.0250317533570442,0.10712451467188491,-0.03441881941520211,1.154938569901908
2025-10-16,FMCG,2.0186766708997883,-0.06357481025078197,-0.008274937263209603,-0.0009309540079741977,-0.06264385624280777,-0.1800863909808248,0.8783298354882301
2025-10-16,Infra,0.8480454672939342,0.11779395946538689,0.021469056815791032,0.020985969530627542,0.09680798993475934,0.001282378735344064,1.0007594964175097
2025-10-16,IT,0.36509442216978716,0.013405811390100315,-0.061550202987167645,-0.0585977642575043,0.07200357564760461,-0.1031057693399425,1.4692793984869545
2025-10-16,Media,0.2890986631070236,-0.159840651485605,-0.2258609449627319,-0.10919934849011399,-0.05064130299549101,-0.2763522322156478,1.501475484148305
2025-10-16,Metal,0.6777255823057438,0.20783257616775763,0.12877084301170555,0.09639205370486804,0.11144052246288959,0.09132099543771481,1.4716196024047945
2025-10-16,Pharma,0.20808728119179332,0.024754334696884803,-0.027562543522265028,0.017583104889425192,0.007171229807459611,-0.09175724603315802,0.983134343028794
2025-10-16,Realty,1.9008043385233542,0.16559313902229125,-0.11686544479244239,-0.11078336712747443,0.27637650614976567,0.04908155829224843,1.7400805217040278
2025-10-16,Banking,1.0962208751748692,0.2021356944916967,0.015420679114792982,0.013085578580365187,0.1890501159113315,0.08562411376165387,0.9949850623136581
2025-10-16,NIFTY50,1.0336228211479837,0.11651158073004282,0.03402617110224641,0.02264093276966565,0.09387064796037717,0.0,0.8435028063871604
2025-10-17,Auto,0.6649091339710811,0.1589897831473386,0.224693069842495,0.15608871137689445,0.002901071770444158,0.028847848701276324,1.3016454034203468
2025-10-17,Energy,-0.20610102650734374,0.10813599111286838,-0.034862858109796134,-0.032286970415763803,0.14042296152863218,-0.022005943333193903,1.154938569901908
2025-10-17,FMCG,1.3651688088580416,-0.02595950322484127,0.020962504995803804,0.010812612890826159,-0.03677211611566743,-0.15610143767090356,0.8783298354882301
2025-10-17,Infra,0.35678611450613573,0.14745644252028992,0.03751809484749088,0.026055472932496264,0.12140096958779364,0.01731450807422763,1.0007594964175097
2025-10-17,IT,-1.6333644790664459,-0.00985826356123285,-0.08099351347869135,-0.09535270011082009,0.08549443654958724,-0.14000019800729513,1.4692793984869545
2025-10-17,Media,-1.5611826357604275,-0.18937639603012973,-0.21401676970132674,-0.1386428737963594,-0.05073352223377034,-0.31951833047619205,1.501475484148305
2025-10-17,Metal,-0.8549436954725542,0.20002078909719206,0.11839393102238362,0.08305881307170532,0.11696197602548675,0.06987885465112978,1.4716196024047945
2025-10-17,Pharma,0.6811266539292982,0.054167728418763224,0.00040681470420373956,0.018981433655892933,0.03518629476287029,-0.07597420602729907,0.983134343028794
2025-10-17,Realty,0.10184522078295899,0.1948409339656413,-0.09827359428948616,-0.0969689628005241,0.2918098967661654,0.06469899951957903,1.7400805217040278
2025-10-17,Banking,0.506422611488988,0.21852949948145722,0.029618752777165008,0.022827389666949652,0.19570210981450759,0.08838756503539494,0.9949850623136581
2025-10-17,NIFTY50,0.48679837376106594,0.13014193444606229,0.044118884645386235,0.028003294189692014,0.10213864025637027,0.0,0.8435028063871604
2025-10-20,Auto,-0.1584745129901699,0.11193620435063152,0.2078428549747526,0.15216733522978132,-0.0402311308791498,-0.03458561817293905,1.3016454034203468
2025-10-20,Energy,0.47534023543422954,0.12269737025547418,-0.031749616015341875,-0.030335808258418685,0.15303317851389286,-0.02382445226809639,1.154938569901908
2025-10-20,FMCG,-0.03400074983797019,0.02030302996114323,0.029133235137956775,0.01791223463230475,0.002390795328838482,-0.12621879256242735,0.8783298354882301
2025-10-20,Infra,1.3192647454817852,0.1847933492353393,0.04706265510302824,0.0378996904452511,0.1468936587900882,0.03827152671176873,1.0007594964175097
2025-10-20,IT,0.9782417845494162,0.07086260492913053,-0.0688766934478994,-0.0985332680762268,0.16939587300535733,-0.07565921759444004,1.4692793984869545
2025-10-20,Media,0.8719399982150655,-0.17986470101798507,-0.18381384054002595,-0.128216739841307,-0.05164796117667808,-0.3263865235415556,1.501475484148305
2025-10-20,Metal,-0.07304614488413685,0.1749505851022097,0.10917821539618604,0.08387130757725272,0.09107927752495698,0.028428762578639133,1.4716196024047945
2025-10-20,Pharma,0.8364899876425413,0.08062092819219027,0.006111063456638395,0.022750060099344407,0.05787086809284586,-0.0659008943313803,0.983134343028794
2025-10-20,Realty,0.47657426581324547,0.24943154788602798,-0.04707654280717584,-0.09270214611993263,0.3421336940059606,0.1029097253624574,1.7400805217040278
2025-10-20,Banking,0.5542004537782308,0.23459253894561977,0.025510311695939314,0.03230799410290635,0.2022845448427134,0.0880707164220492,0.9949850623136581
2025-10-20,NIFTY50,0.5184813729964155,0.14652182252357057,0.04218599987825219,0.03211992647552478,0.11440189604804579,0.0,0.8435028063871604
2025-10-21,Auto,0.16332410131512098,0.007377830699680077,0.2100180941941156,0.17234397634540116,-0.1649661456457211,-0.13809492051239122,1.3016454034203468
2025-10-21,Energy,0.22550706688029276,0.13091888319764858,-0.016302598648753424,-0.006401172827473268,0.13732005602512184,-0.01455386801442271,1.154938569901908
2025-10-21,FMCG,0.02120248162900129,0.02816299018398157,0.04816955302170559,0.03240977640808724,-0.0042467862241056704,-0.11730976102808972,0.8783298354882301
2025-10-21,Infra,0.042801856818242,0.1802831440046996,0.05673386882084223,0.05381754094956386,0.12646560305513574,0.03481039279262832,1.0007594964175097
2025-10-21,IT,0.020254776308692435,0.10285428821013315,-0.031747679180652376,-0.08902610877375391,0.19188039698388706,-0.04261846300193814,1.4692793984869545
2025-10-21,Media,0.564309916288841,-0.1625971518476861,-0.17154558285767949,-0.11722739271150133,-0.04536975913618478,-0.3080699030597574,1.501475484148305
2025-10-21,Metal,0.40130488765628414,0.17586424388499378,0.11530116004706012,0.10556591843904574,0.07029832544594804,0.030391492672922488,1.4716196024047945
2025-10-21,Pharma,0.3377859384646298,0.10094197282546716,0.002551442644489284,0.02756109520860213,0.07338087761686503,-0.04453077838660413,0.983134343028794
2025-10-21,Realty,-0.08526836309529218,0.23111653638277976,-0.031147245007298034,-0.07115154604630301,0.30226808242908276,0.08564378517070848,1.7400805217040278
2025-10-21,Banking,-0.04480194156106787,0.2286426897046697,0.028970257885724642,0.039233363346767365,0.18940932635790234,0.0831699384925984,0.9949850623136581
2025-10-21,NIFTY50,0.09847568259027106,0.1454727512120713,0.0542555856339085,0.04440419479629069,0.10106855641578061,0.0,0.8435028063871604
2025-10-23,Auto,-0.040762653977999275,0.006840384388535284,0.2304944010260444,0.17589665380740965,-0.16905626941887436,-0.12872729168554414,1.3016454034203468
2025-10-23,Energy,-0.07013773956148217,0.132566496087001,0.019416467091114553,-0.0016803281976816957,0.13424682428468268,-0.0030011799870784395,1.154938569901908
2025-10-23,FMCG,0.2884706549336258,0.018436107284597325,0.06828387886251971,0.04724860503337265,-0.028812497748775326,-0.11713156878948211,0.8783298354882301
2025-10-23,Infra,-0.5488199241946101,0.16423698308411136,0.06465323375639116,0.05557705957132168,0.10865992351278968,0.028669307010031925,1.0007594964175097
2025-10-23,IT,2.206526781351137,0.08454783896245727,0.02864473290722315,-0.06476768584240869,0.14931552480486596,-0.05101983711162217,1.4692793984869545
2025-10-23,Media,0.3146270247121219,-0.15221248926235695,-0.1227964854977111,-0.11563370644168679,-0.03657878282067016,-0.28778016533643636,1.501475484148305
2025-10-23,Metal,0.08892633334147693,0.1732200173979574,0.1441253787552399,0.1172152589256274,0.056004758472329996,0.03765234132387796,1.4716196024047945
2025-10-23,Pharma,-0.15300088358487507,0.06726515185419962,-0.008993157019464394,0.02843261742640527,0.03883253442779436,-0.06830252421987981,0.983134343028794
2025-10-23,Realty,0.19201917496149967,0.24740433019667293,-0.01145558729737594,-0.06968036692084059,0.3170846971175135,0.1118366541225935,1.7400805217040278
2025-10-23,Banking,0.12214270548180917,0.23091766882536965,0.046693999461724,0.05159014722832657,0.17932752159704307,0.09534999275129022,0.9949850623136581
2025-10-23,NIFTY50,0.08814076368377499,0.13556767607407944,0.07069405509035584,0.05295515755713236,0.08261251851694708,0.0,0.8435028063871604
2025-10-24,Auto,-0.40431974741675925,0.03610511548494421,0.2299615843011197,0.16945849794063897,-0.13335338245569475,-0.0730641047329742,1.3016454034203468
2025-10-24,Energy,0.021757959805235316,0.10677537001231825,0.030603968373419943,-0.009829242684545875,0.11660461269686413,-0.002393850205600165,1.154938569901908
2025-10-24,FMCG,-0.7474534956470658,-0.027695473312656278,0.05115427521418858,0.03188994746714956,-0.05958542077980583,-0.1368646935305747,0.8783298354882301
2025-10-24,Infra,-0.17951650773845307,0.1479540019355944,0.07468535662646104,0.04157585154482329,0.10637815039077111,0.03878478171767599,1.0007594964175097
2025-10-24,IT,-0.2558213209119753,-0.011704833286310128,0.03625042999327867,-0.08504978199698322,0.0733449487106731,-0.12087405350422854,1.4692793984869545
2025-10-24,Media,-0.4041775858425467,-0.14450789976319947,-0.08451203885161443,-0.12646511509863612,-0.018042784664563355,-0.25367711998111786,1.501475484148305
2025-10-24,Metal,1.0310694841763501,0.19894250999633054,0.18052264925610112,0.11673697088140501,0.08220553911492552,0.08977328977841212,1.4716196024047945
2025-10-24,Pharma,-0.5511276758409789,0.03840412354210175,-0.025418942345257958,0.019564759228920533,0.018839364313181218,-0.07076509667581667,0.983134343028794
2025-10-24,Realty,0.1810064081064544,0.2158690785815535,0.05941298532563014,-0.08228834194996844,0.29815742053152194,0.10669985836363508,1.7400805217040278
2025-10-24,Banking,-0.6516217635736843,0.18952883566563475,0.04892428630508131,0.03599472622135607,0.15353410944427867,0.08035961544771633,0.9949850623136581
2025-10-24,NIFTY50,-0.37174505259611745,0.10916922021791842,0.07497324142939983,0.038580441675277126,0.07058877854264128,0.0,0.8435028063871604
2025-10-27,Auto,0.5715920584187462,0.06627594134370161,0.22574639395137894,0.18251135954851566,-0.11623541820481405,-0.0606528783402545,1.3016454034203468
2025-10-27,Energy,0.42973587153141146,0.09168901516931394,0.01924675804136781,0.0003282731255893672,0.09136074204372457,-0.035239804514642176,1.154938569901908
2025-10-27,FMCG,0.14347893541777346,-0.028995369106902997,0.0487282848060531,0.03681609158410895,-0.06581146069101194,-0.15592418879085912,0.8783298354882301
2025-10-27,Infra,1.4286550126334507,0.1771354652074201,0.07815314471003125,0.06271200402481537,0.11442346118260473,0.05020664552346399,1.0007594964175097
2025-10-27,IT,0.396678167699438,0.018127486904965965,0.04271098289868123,-0.08869129497463311,0.10681878187959908,-0.10880133277899015,1.4692793984869545
2025-10-27,Media,-0.25647368576655616,-0.18719836882591337,-0.10238052661736567,-0.12128212393289761,-0.06591624489301576,-0.3141271885098695,1.501475484148305
2025-10-27,Metal,1.1568086151960921,0.22606089578862346,0.1831208310001046,0.1454824511447007,0.08057844464392275,0.09913207610466734,1.4716196024047945
2025-10-27,Pharma,-0.20999456362356117,0.016042676100641938,-0.051713454441580015,0.0382366713086351,-0.022193995207993165,-0.11088614358331417,0.983134343028794
2025-10-27,Realty,1.46136673857169,0.26458130320060985,0.05708493052060596,-0.05886353171055347,0.3234448349111633,0.13765248351665374,1.7400805217040278
2025-10-27,Banking,0.7186331036460603,0.2053173170910183,0.056827277758728645,0.048562420856739605,0.15675489623427868,0.07838849740706219,0.9949850623136581
2025-10-27,NIFTY50,0.6625291500029773,0.1269288196839561,0.07654793687216592,0.05008851088919464,0.07684030879476147,0.0,0.8435028063871604
2025-10-28,Auto,-0.42291028383215634,0.03694821106083919,0.22864338081374466,0.17374392421638823,-0.13679571315554906,-0.07168499676706738,1.3016454034203468
2025-10-28,Energy,-0.3405577487423095,0.06946405649013905,0.01303651436340536,0.0017671410520291235,0.06769691543810993,-0.03916915133776752,1.154938569901908
2025-10-28,FMCG,-0.5651326879467011,-0.024223056076363065,0.03538497308461267,0.03574322913996323,-0.0599662852163263,-0.13285626390426963,0.8783298354882301
2025-10-28,Infra,0.15003152168111544,0.17059873628044064,0.07231620849425914,0.06823833586557347,0.10236040041486717,0.06196552845253407,1.0007594964175097
2025-10-28,IT,-0.7437304371800346,-0.01659311784643478,0.025205719004835682,-0.08777375212014678,0.07118063427371199,-0.12522632567434136,1.4692793984869545
2025-10-28,Media,0.14972019146957116,-0.16909945377099772,-0.08670659021308348,-0.10549917428323317,-0.06360027948776455,-0.2777326615989043,1.501475484148305
2025-10-28,Metal,1.2329029379675838,0.23630233002077564,0.20543161364282153,0.16714941731095742,0.06915291270981822,0.12766912219286908,1.4716196024047945
2025-10-28,Pharma,-0.26669176239886294,-0.010425525847030952,-0.05626314432841729,0.037041130952164915,-0.047466656799195865,-0.11905873367493752,0.983134343028794
2025-10-28,Realty,-1.0527469304045134,0.2274154090636249,0.05545923394881192,-0.06529947911811815,0.29271488818174307,0.11878220123571832,1.7400805217040278
2025-10-28,Banking,0.1718194117621863,0.20252684306617677,0.06180460249907149,0.04818601855407907,0.15434082451209769,0.0938936352382702,0.9949850623136581
2025-10-28,NIFTY50,-0.1149638146805021,0.10863320782790657,0.0723521480866185,0.0506597357521151,0.057973472075791475,0.0,0.8435028063871604
2025-10-29,Auto,-0.7346642489130306,0.025610775495212876,0.2227124558850672,0.15975189927725766,-0.1341411237820448,-0.10409576825206746,1.3016454034203468
2025-10-29,Energy,1.934482892343814,0.11594475943228488,0.05967111222785482,0.03552586456634465,0.08041889486594023,-0.013761784314995446,1.154938569901908
2025-10-29,FMCG,0.9005530635143533,0.006137032325165641,0.026410661595095048,0.04919577767988262,-0.04305874535471698,-0.12356951142211468,0.8783298354882301
2025-10-29,Infra,1.2188948653816034,0.20255925009637168,0.10807566535117293,0.08419046497124377,0.11836878512512791,0.07285270634909136,1.0007594964175097
2025-10-29,IT,0.6405481673616764,0.024009521588780322,0.04433897005693652,-0.07023890015941849,0.09424842174819881,-0.1056970221585,1.4692793984869545
2025-10-29,Media,1.628265437497256,-0.09971007793557266,-0.06115869701882286,-0.0661515494769244,-0.03355852845864825,-0.22941662168285298,1.501475484148305
2025-10-29,Metal,1.7109888577577337,0.29083944329524436,0.25421455642402724,0.20045229137448822,0.09038715192075614,0.16113289954796403,1.4716196024047945
2025-10-29,Pharma,0.8080519213539583,0.03777070664967425,-0.02092027521878408,0.0535621566258219,-0.015791449976147648,-0.09193583709760608,0.983134343028794
2025-10-29,Realty,0.6246056072998218,0.16795045466022174,0.07549545335436614,-0.04057324262810048,0.2085236972883222,0.03824391091294141,1.7400805217040278
2025-10-29,Banking,0.2939982459683854,0.20754956734211868,0.0723070561854646,0.05645408686806655,0.15109548047405214,0.07784302359483836,0.9949850623136581
2025-10-29,NIFTY50,0.45381040946781415,0.12970654374728033,0.0857294411872304,0.05654399343964932,0.07316255030763101,0.0,0.8435028063871604
2025-10-30,Auto,-0.44287376347467156,-0.03720108846106811,0.23258561914715498,0.14322911352181986,-0.18043020198288795,-0.12179285874531946,1.3016454034203468
2025-10-30,Energy,0.12284694105098026,0.09042485084980327,0.07249937708115309,0.02661102015522351,0.06381383069457976,0.005833080565551915,1.154938569901908
2025-10-30,FMCG,-0.4801728771389735,-0.0008678769932431626,0.0069137969346903345,0.03674869968479433,-0.03761657667803749,-0.08545964727749451,0.8783298354882301
2025-10-30,Infra,-0.550611124172129,0.15011201753759476,0.11664785231444319,0.058827937152456065,0.09128408038513869,0.0655202472533434,1.0007594964175097
2025-10-30,IT,-0.5090124910894667,-0.021734741814815436,0.06663996239958986,-0.08527719515759122,0.06354245334277578,-0.1063265120990668,1.4692793984869545
2025-10-30,Media,-0.2910168742005115,-0.13822655758538208,-0.05622231189506737,-0.07327979974031326,-0.06494675784506881,-0.22281832786963343,1.501475484148305
2025-10-30,Metal,-0.44815406808165204,0.24811470559212812,0.27961046438961284,0.18340980683863484,0.06470489875349328,0.16352293530787676,1.4716196024047945
2025-10-30,Pharma,-0.5907082909356709,0.008192228901354721,0.024813310201033754,0.038129762114724984,-0.02993753321337026,-0.07639954138289663,0.983134343028794
2025-10-30,Realty,0.04208568269989943,0.13365169345734026,0.10579069884036506,-0.06349746412177323,0.1971491575791135,0.04905992317308891,1.7400805217040278
2025-10-30,Banking,-0.606571758277985,0.17155591911628854,0.07245293735935669,0.036211675024270744,0.13534424409201778,0.08696414883203718,0.9949850623136581
2025-10-30,NIFTY50,-0.6757175647810088,0.08459177028425136,0.08812738801218394,0.03473327498670723,0.049858495297544124,0.0,0.8435028063871604
2025-10-31,Auto,-0.07343086746263161,-0.057852548061803774,0.20455445869430638,0.15265182291183443,-0.21050437097363822,-0.11034386378984644,1.3016454034203468
2025-10-31,Energy,-0.32053862252651166,0.06780030600390341,0.06551140863057783,0.02277638530333742,0.04502392070056599,0.015308990275860745,1.154938569901908
2025-10-31,FMCG,-0.23960172868210394,-0.004265340153688513,0.004622847489350231,0.04230519511119327,-0.04657053526488178,-0.05675665588173118,0.8783298354882301
2025-10-31,Infra,-0.44230977579813313,0.12318220250589558,0.09276671902783991,0.05960246585808934,0.06357973664780624,0.07069088677785292,1.0007594964175097
2025-10-31,IT,-0.5404242236596524,-0.06138066550321528,0.030997184088046317,-0.07482965040777069,0.013448984904555407,-0.11387198123125794,1.4692793984869545
2025-10-31,Media,-1.32140070118687,-0.19220571777759818,-0.1033466535858,-0.13679039628493384,-0.05541532149266434,-0.24469703350564084,1.501475484148305
2025-10-31,Metal,-1.0909462267153724,0.22856106643153082,0.2201383219310349,0.16399917382778548,0.06456189260374534,0.17606975070348815,1.4716196024047945
2025-10-31,Pharma,-0.5507118620670548,-0.006691273770675554,0.004875231021464839,0.031332177662026534,-0.03802345143270209,-0.05918258949871822,0.983134343028794
2025-10-31,Realty,-0.3523016652731692,0.10825232566324543,0.07034813096838549,-0.06631577841404679,0.17456810407729223,0.05576100993520276,1.7400805217040278
2025-10-31,Banking,-0.43898873731637034,0.13602756962899917,0.06508401697214987,0.0351560508540347,0.10087151877496447,0.08353625390095651,0.9949850623136581
2025-10-31,NIFTY50,-0.6018660837397216,0.052491315728042665,0.06741726154476453,0.03426236904212115,0.018228946685921517,0.0,0.8435028063871604
2025-11-03,Auto,0.11917699032457651,-0.05811759095040167,0.20031893200476045,0.14748302661920323,-0.2056006175696049,-0.10367016604196844,1.3016454034203468
2025-11-03,Energy,0.4664225813353573,0.09515131652450474,0.07371705261448312,0.02427371856382076,0.07087759796068399,0.04959874143293797,1.154938569901908
2025-11-03,FMCG,-0.09749554115481285,-0.019432094190596032,0.015049690029296422,0.03877439039059448,-0.058206484581190515,-0.0649846692821628,0.8783298354882301
2025-11-03,Infra,0.2785803376937901,0.13039035738740176,0.10027988516369603,0.05819031748963809,0.07220003989776366,0.084837782295835,1.0007594964175097
2025-11-03,IT,-0.16590898500846718,-0.09463161215917838,0.03622613882916941,-0.07678437535117642,-0.01784723680800196,-0.14018418725074516,1.4692793984869545
2025-11-03,Media,0.1722640787934493,-0.17656061992718364,-0.0993585075716304,-0.12242053401983131,-0.05414008590735232,-0.2221131950187504,1.501475484148305
2025-11-03,Metal,0.38304596680434067,0.23057999090431275,0.22505723993083407,0.15707596529393736,0.07350402561037539,0.18502741581274598,1.4716196024047945
2025-11-03,Pharma,1.2049352617910847,-0.016433808433980287,0.03877380464279045,0.04236207644232825,-0.05879588487630853,-0.061986383525547056,0.983134343028794
2025-11-03,Realty,2.2267993132731645,0.1848362152815856,0.11513649308294942,-0.043329106811488875,0.22816532209307447,0.13928364019001882,1.7400805217040278
2025-11-03,Banking,0.5626829099762753,0.1407189997102443,0.08222619657664058,0.03342949811451593,0.10728950159572836,0.09516642461867753,0.9949850623136581
2025-11-03,NIFTY50,0.16036793506921665,0.04555257509156677,0.07502473390775848,0.03282064644640549,0.012731928645161282,0.0,0.8435028063871604
2025-11-04,Auto,-0.8633921467813166,-0.0735052763474808,0.1948256931418683,0.12708150350589215,-0.20058677985337295,-0.11027791730364128,1.3016454034203468
2025-11-04,Energy,-0.45753689352084903,0.051341919653560275,0.07712064464663602,0.016282125742630937,0.03505979391092934,0.014569278697399803,1.154938569901908
2025-11-04,FMCG,-0.6020932920784428,-0.02479967613040997,0.020053531972390088,0.023887050829728543,-0.04868672696013851,-0.06157231708657045,0.8783298354882301
2025-11-04,Infra,-0.43104839272049,0.11331351858346513,0.0975376435139134,0.04306420001973689,0.07024931856372824,0.07654087762730466,1.0007594964175097
2025-11-04,IT,-1.061761150250562,-0.11442284959928274,0.04746588297734076,-0.10675469573817596,-0.00766815386110678,-0.1511954905554432,1.4692793984869545
2025-11-04,Media,-0.5483420617699575,-0.17804541180342429,-0.08883340864568895,-0.1505901778187657,-0.027455233984658572,-0.21481805275958477,1.501475484148305
2025-11-04,Metal,-1.4432825437341479,0.1708350546019929,0.20766127224705797,0.1364830906360817,0.0343519639659112,0.1340624136458324,1.4716196024047945
2025-11-04,Pharma,-0.4818977859401885,-0.04907192718125417,0.06460633319253857,0.030204174278635317,-0.07927610145988949,-0.08584456813741465,0.983134343028794
2025-11-04,Realty,-0.7794403177444842,0.1405269357919599,0.12729672993494998,-0.05796004442795943,0.19848698021991934,0.10375429483579943,1.7400805217040278
2025-11-04,Banking,-0.472274687102725,0.141042659468447,0.07282261172509129,0.02504812814124846,0.11599453132719853,0.10427001851228651,0.9949850623136581
2025-11-04,NIFTY50,-0.6431586779760301,0.03677264095616047,0.06940027965502675,0.016783527223977038,0.019989113732183435,0.0,0.8435028063871604
2025-11-06,Auto,0.06181581119564239,-0.0634541692371489,0.19169786051717155,0.12152454504888197,-0.18497871428603085,-0.10518590257366897,1.3016454034203468
2025-11-06,Energy,-1.2098065416424886,-0.01200853546899916,0.06029938127174801,-0.008281990249206932,-0.0037265452197922273,-0.05374026880551922,1.154938569901908
2025-11-06,FMCG,-0.18606188877802188,-0.015227416238691912,0.014909581873906638,0.014278967041572289,-0.0295063832802642,-0.056959149575211976,0.8783298354882301
2025-11-06,Infra,-0.6559254285359306,0.10175147734809949,0.09081893789018987,0.017634834723461786,0.0841166426246377,0.060019744011579425,1.0007594964175097
2025-11-06,IT,0.17874297433579933,-0.010218610330502064,0.035894466880238576,-0.10334440538382886,0.0931257950533268,-0.05195034366702213,1.4692793984869545
2025-11-06,Media,-2.541520472494252,-0.27892071141079455,-0.14774881602009995,-0.16666668838848608,-0.11225402302230847,-0.32065244474731464,1.501475484148305
2025-11-06,Metal,-2.068276826018578,0.08881287758331675,0.1710570186315356,0.0878540207956941,0.0009588567876226556,0.04708114424679669,1.4716196024047945
2025-11-06,Pharma,-0.37564587636916835,-0.014451146998073868,0.04587478776287697,0.0258571564238113,-0.04030830342188517,-0.056182880334593926,0.983134343028794
2025-11-06,Realty,-1.5086880000345415,0.09727582056623274,0.1042955381706173,-0.06366332016679081,0.16093914073302357,0.05554408722971268,1.7400805217040278
2025-11-06,Banking,-0.47175288652011593,0.13578187192891644,0.061651463479031055,0.00831581154784026,0.1274660603810762,0.09405013859239639,0.9949850623136581
2025-11-06,NIFTY50,-0.34359080045569534,0.04173173333652006,0.062184998109174876,-0.0004252714634526515,0.04215700479997271,0.0,0.8435028063871604
2025-11-07,Auto,0.574806231573799,-0.06487368955085983,0.22462080597413078,0.12576665471570103,-0.19064034426656085,-0.10867676338574511,1.3016454034203468
2025-11-07,Energy,-0.13727652101731547,-0.0011693068826168496,0.06869366992063049,-0.020970881352897233,0.019801574470280383,-0.044972380717502126,1.154938569901908
2025-11-07,FMCG,-0.49280588251131574,0.0115071386823129,0.018678114483575887,0.00900091495411025,0.002506223728202651,-0.032295935152572376,0.8783298354882301
2025-11-07,Infra,-1.0032901660067761,0.07440782283722876,0.09575528131894163,-0.0033582288433924795,0.07776605168062124,0.03060474900234348,1.0007594964175097
2025-11-07,IT,-0.622433655014698,-0.007394020869250614,0.04127693245699598,-0.10532251589854849,0.09792849502929787,-0.05119709470413589,1.4692793984869545
2025-11-07,Media,-0.26445843843332373,-0.2657158782335189,-0.15042536225747857,-0.17215375470383543,-0.09356212352968346,-0.3095189520684042,1.501475484148305
2025-11-07,Metal,1.4092668529897434,0.10256837666356623,0.22382144765209722,0.09959519340245057,0.002973183261115661,0.058765302828680956,1.4716196024047945
2025-11-07,Pharma,-0.36291236470445964,-0.016614824583055167,0.06155040386112475,0.01569048877598147,-0.032305313359036636,-0.060417898417940444,0.983134343028794
2025-11-07,Realty,-0.021123090749208817,0.12623193607036862,0.13912447879313897,-0.046728681948545216,0.17296061801891383,0.08242886223548335,1.7400805217040278
2025-11-07,Banking,0.5604291277359952,0.14089671476206803,0.08648904672981388,0.00993574199940555,0.13096097276266247,0.09709364092718276,0.9949850623136581
2025-11-07,NIFTY50,-0.06820322478444663,0.04380307383488528,0.07682646558844615,-0.005044979264592107,0.04884805309947739,0.0,0.8435028063871604
2025-11-10,Auto,0.2998512886975835,-0.016527355371943577,0.21193261078714795,0.13536470635049108,-0.15189206172243466,-0.08597118218927795,1.3016454034203468
2025-11-10,Energy,0.3668613517737951,0.040786253440685906,0.06422403986476606,-0.0176866230885089,0.058472876529194806,-0.02865757337664846,1.154938569901908
2025-11-10,FMCG,-0.18534486129891947,-0.0005438951191960584,0.0031742748657822193,0.011480039414256436,-0.012023934533452494,-0.06998772193653043,0.8783298354882301
2025-11-10,Infra,0.29329311867309915,0.09994026096633098,0.08221066337106528,0.0033556951459461854,0.09658456582038479,0.03049643414899661,1.0007594964175097
2025-11-10,IT,1.6248285061441825,0.07086217999021537,0.06127626363839476,-0.09090505364091739,0.16176723363113277,0.0014183531728809984,1.4692793984869545
2025-11-10,Media,-1.0405128550980747,-0.27349038180623353,-0.1704174130173373,-0.18791062401054437,-0.08557975779568916,-0.3429342086235679,1.501475484148305
2025-11-10,Metal,0.5533835538547471,0.14370507211007896,0.22435319172127785,0.11077852561000086,0.032926546500078105,0.0742612452927446,1.4716196024047945
2025-11-10,Pharma,0.9474547389828114,0.03266582985286332,0.06157187274121178,0.02063907183171324,0.012026758021150084,-0.036777996964471045,0.983134343028794
2025-11-10,Realty,-0.237743020071568,0.20133485293060585,0.10417961777365185,-0.041097974417785274,0.2424328273483911,0.13189102611327147,1.7400805217040278
2025-11-10,Banking,0.1049643366253239,0.16770974855942664,0.07291098221577122,0.013638756779120373,0.15407099178030625,0.09826592174209227,0.9949850623136581
2025-11-10,NIFTY50,0.32185728871263475,0.06944382681733437,0.0670210796138937,0.003764371004065175,0.06567945581326919,0.0,0.8435028063871604
2025-11-11,Auto,1.0737230283089039,0.050007796902652474,0.2204948994608352,0.14955468356307727,-0.0995468866604248,-0.05724468119104058,1.3016454034203468
2025-11-11,Energy,0.41270431593107837,0.07812062755136462,0.0647894178455007,-0.010410588816555958,0.08853121636792058,-0.029131850542328433,1.154938569901908
2025-11-11,FMCG,0.34083932371751224,0.027126213061754445,0.017155108786420053,0.022979366846751996,0.004146846215002449,-0.0801262650319386,0.8783298354882301
2025-11-11,Infra,0.7785631938111326,0.15143368880358166,0.09611498384358819,0.007058553769713575,0.1443751350338681,0.044181210709888605,1.0007594964175097
2025-11-11,IT,1.2010912204997393,0.15338166221240215,0.07503914774577553,-0.07422621772921721,0.22760787994161935,0.0461291841187091,1.4692793984869545
2025-11-11,Media,-0.07461761474207851,-0.2538385140966955,-0.18168536057240647,-0.1741419540839305,-0.07969656001276501,-0.36109099219038854,1.501475484148305
2025-11-11,Metal,0.7115228134388918,0.15998380703668513,0.22988579498321896,0.11521750196869246,0.04476630506799267,0.05273132894299208,1.4716196024047945
2025-11-11,Pharma,-0.045800129039763604,0.061646162293251434,0.049325700099187936,0.020001580389683825,0.04164458190356761,-0.04560631580044162,0.983134343028794
2025-11-11,Realty,-0.164173996509398,0.25088129338996956,0.11361020057699012,-0.040275448046478535,0.2911567414364481,0.14362881529627652,1.7400805217040278
2025-11-11,Banking,0.3462308184330798,0.18803747318185718,0.09270432870851793,0.014641736717974455,0.17339573646388273,0.08078499508816413,0.9949850623136581
2025-11-11,NIFTY50,0.47156471705849246,0.10725247809369305,0.08150039454940046,0.007926268218844247,0.0993262098748488,0.0,0.8435028063871604
2025-11-12,Auto,1.240965405228689,0.12549944089217838,0.22259085105337195,0.15980569042668263,-0.03430624953450426,-0.036839193711785456,1.3016454034203468
2025-11-12,Energy,0.6045128148702839,0.13850592759849198,0.07496526320308376,0.0008399418533449598,0.13766598574514702,-0.023832707005471854,1.154938569901908
2025-11-12,FMCG,0.011073666546579375,0.043249201551658345,0.018075596259076177,0.024391838319451662,0.018857363232206683,-0.11908943305230549,0.8783298354882301
2025-11-12,Infra,0.6861908539154138,0.18849746171229734,0.09759481898090987,0.017292803606528837,0.17120465810576851,0.026158827108333504,1.0007594964175097
2025-11-12,IT,2.044749222522446,0.30319384378207836,0.10822193935153104,-0.05282161293331477,0.35601545671539314,0.14085520917811453,1.4692793984869545
2025-11-12,Media,0.9775568966720272,-0.18484051321902745,-0.1800103604130837,-0.15926932690948617,-0.025571186309541277,-0.3471791478229913,1.501475484148305
2025-11-12,Metal,-0.15673499919259815,0.218995638960902,0.20628153053250056,0.09783370326062765,0.12116193570027434,0.056657004356938157,1.4716196024047945
2025-11-12,Pharma,1.0004684266061048,0.166355324477232,0.037131196374251545,0.02761180444328628,0.13874352003394572,0.00401668987326817,0.983134343028794
2025-11-12,Realty,-0.49331248666919514,0.26773662575429863,0.1013343918708931,-0.029782049296493713,0.2975186750507923,0.1053979911503348,1.7400805217040278
2025-11-12,Banking,0.23478559890282025,0.23144558220682473,0.09244649353235028,0.02615046195457518,0.20529512025224955,0.0691069476028609,0.9949850623136581
2025-11-12,NIFTY50,0.7038409025849734,0.16233863460396383,0.08425032039796314,0.01959228773619907,0.14274634686776477,0.0,0.8435028063871604
2025-11-13,Auto,-0.37238147843612346,0.11912798278256682,0.21665046781774705,0.1507820063697724,-0.03165402358720558,-0.046318966158545735,1.3016454034203468
2025-11-13,Energy,-0.27570313880896924,0.10642861486548767,0.08333825093124747,-0.003188337378829208,0.10961695224431688,-0.05901833407562489,1.154938569901908
2025-11-13,FMCG,-0.514502681057083,0.02012801602045089,0.02022122967694273,0.017122949818335002,0.003005066202115887,-0.14531893292066167,0.8783298354882301
2025-11-13,Infra,0.42521862622051376,0.19826531325860838,0.1110431550296868,0.02547598770939192,0.17278932554921647,0.032818364317495824,1.0007594964175097
2025-11-13,IT,-0.4772664113190661,0.28816507314109263,0.0935298188772943,-0.057415800929489315,0.34558087407058197,0.12271812419998007,1.4692793984869545
2025-11-13,Media,-0.5546405103244223,-0.17508268301223165,-0.1803795438222838,-0.18153365845557762,0.006450975443345969,-0.3405296319533442,1.501475484148305
2025-11-13,Metal,0.4367994986091972,0.22180780391972507,0.23669100475079474,0.11136472247913451,0.11044308144059056,0.05636085497861251,1.4716196024047945
2025-11-13,Pharma,0.41339678406158153,0.18507905603385885,0.042398267700209186,0.027509095494726573,0.15756996053913228,0.019632107092746293,0.983134343028794
2025-11-13,Realty,0.4211324863397259,0.2525599934274421,0.12095603981128374,-0.017199468616834176,0.2697594620442763,0.08711304448632956,1.7400805217040278
2025-11-13,Banking,0.1841294355727996,0.23319214764810026,0.09067062339256397,0.03223636234307276,0.2009557853050275,0.0677451987069877,0.9949850623136581
2025-11-13,NIFTY50,0.012944949620363744,0.16544694894111256,0.08365700595151737,0.021835801086674822,0.14361114785443774,0.0,0.8435028063871604
2025-11-14,Auto,-0.5222256157884186,0.08838049353893061,0.1382639701024798,0.14611578502638511,-0.0577352914874545,-0.08426701282195136,1.3016454034203468
2025-11-14,Energy,0.20241599552681677,0.1197818110689745,0.08602773775719792,-0.005424953263273297,0.12520676433224778,-0.052865695291907475,1.154938569901908
2025-11-14,FMCG,0.574367629223338,0.053536238182108065,0.010035727579986905,0.01902391438827484,0.034512323793833226,-0.1191112681787739,0.8783298354882301
2025-11-14,Infra,0.19478761802178557,0.22120032985418941,0.10320504732590385,0.02359170209304959,0.19760862776113983,0.048552823493307445,1.0007594964175097
2025-11-14,IT,-1.0312299785984025,0.2575501648778411,0.08582833502191468,-0.07780328223203342,0.3353534471098745,0.08490265851695913,1.4692793984869545
2025-11-14,Media,0.03380205628076283,-0.13309210060282547,-0.17608585008512603,-0.18852251257673128,0.0554304119739058,-0.30573960696370744,1.501475484148305
2025-11-14,Metal,-0.8863269255351414,0.15361611216789478,0.1909500390155207,0.10648712029077306,0.04712899187712172,-0.01903139419298719,1.4716196024047945
2025-11-14,Pharma,0.5917537747806012,0.20807162251405587,0.05306582123767944,0.02505935817775744,0.1830122643362984,0.035424116153173896,0.983134343028794
2025-11-14,Realty,-0.07962628522772963,0.27715175672755793,0.08342788285722176,-0.028236065127215337,0.30538782185477326,0.10450425036667596,1.7400805217040278
2025-11-14,Banking,0.23226624721266464,0.23023241244887416,0.08270478844216611,0.03012259072056995,0.20010982172830422,0.05758490608799219,0.9949850623136581
2025-11-14,NIFTY50,0.1194026471448284,0.17264750636088197,0.06902535127620624,0.020726469292736693,0.15192103706814528,0.0,0.8435028063871604
2025-11-17,Auto,0.8548139218965023,0.08845420196063088,0.130655402065852,0.15730491342253397,-0.0688507114619031,-0.06699423289488467,1.3016454034203468
2025-11-17,Energy,0.49846803381981,0.11918741789948377,0.0805654343182971,-0.0005802058467304219,0.11976762374621419,-0.036261016956031775,1.154938569901908
2025-11-17,FMCG,0.2094060103778439,0.036471638675631045,-0.00402551888858201,0.002730834816265299,0.033740803859365745,-0.11897679617988449,0.8783298354882301
2025-11-17,Infra,0.33371046236614355,0.22645847879241915,0.09371371891360651,0.02481452783603344,0.2016439509563857,0.0710100439369036,1.0007594964175097
2025-11-17,IT,0.20370984125890335,0.23956983957268896,0.08336477335558351,-0.06704047929728772,0.3066103188699767,0.08412140471717341,1.4692793984869545
2025-11-17,Media,0.40211349858294554,-0.25211872825686077,-0.191664162430139,-0.17257612988706983,-0.07954259836979094,-0.4075671631123763,1.501475484148305
2025-11-17,Metal,0.010477709092637788,0.13576819052239364,0.17869679355454823,0.11335923002254758,0.02240896049984606,-0.019680244333121905,1.4716196024047945
2025-11-17,Pharma,0.20397320251022144,0.1714838323403215,0.06206583569341635,0.028296078162590346,0.14318775417773116,0.016035397484805952,0.983134343028794
2025-11-17,Realty,0.44625735142382883,0.25533555757315496,0.0800135278892437,-0.02419217793109482,0.2795277355042498,0.09988712271763941,1.7400805217040278
2025-11-17,Banking,0.7607092770578472,0.21214430995843303,0.09148834988533805,0.04018608491705495,0.1719582250413781,0.05669587510291749,0.9949850623136581
2025-11-17,NIFTY50,0.39906690408659795,0.15544843485551554,0.06872885854327326,0.025147419992913835,0.1303010148626017,0.0,0.8435028063871604
2025-11-18,Auto,-0.3800157216015343,0.07772345318829017,0.12350009888855411,0.1573053502840153,-0.07958189709572512,-0.056698136070557584,1.3016454034203468
2025-11-18,Energy,-0.5984919897002006,0.0807096461686289,0.06676761918090876,-0.00946414983395032,0.09017379600257922,-0.05371194309021886,1.154938569901908
2025-11-18,FMCG,-0.5634254403350747,0.013743805592543179,-0.03659984475877139,-0.0005576212476430006,0.01430142684018618,-0.12067778366630458,0.8783298354882301
2025-11-18,Infra,-0.32223902595296394,0.19731992283602082,0.08346150346043579,0.018149322873181543,0.17917059996283927,0.06289833357717306,1.0007594964175097
2025-11-18,IT,-1.0996503348188247,0.19853489236719218,0.020280833117607807,-0.08258357151878763,0.28111846388597983,0.06411330310834443,1.4692793984869545
2025-11-18,Media,-0.22885769583610438,-0.26109794803664,-0.16252397652703346,-0.17384445435392093,-0.08725349368271906,-0.3955195372954877,1.501475484148305
2025-11-18,Metal,-1.0685120141424975,0.03933328832817241,0.1537951240263913,0.1020411375341532,-0.0627078492059808,-0.09508830093067536,1.4716196024047945
2025-11-18,Pharma,-0.6732198454571736,0.1455386563850088,0.05819064336050061,0.03070978608941331,0.11482887029559548,0.011117067126161034,0.983134343028794
2025-11-18,Realty,-1.9093445030007206,0.19568112177094607,0.03059005068308344,-0.05637256485119774,0.2520536866221438,0.061259532512098314,1.7400805217040278
2025-11-18,Banking,-0.10760908097949828,0.19402498756305325,0.09466661241150437,0.03299870315190066,0.16102628441115258,0.059603398304205496,0.9949850623136581
2025-11-18,NIFTY50,-0.39748069020186794,0.13442158925884776,0.05744054475047259,0.018060282177809625,0.11636130708103813,0.0,0.8435028063871604
2025-11-19,Auto,0.24188327258776177,0.07281581792405348,0.13353545887517582,0.15573070721128984,-0.08291488928723637,-0.055393977614351164,1.3016454034203468
2025-11-19,Energy,-0.2524565202387974,0.0729021136292159,0.07051124196096954,-0.009587454241581295,0.0824895678707972,-0.055307681909188736,1.154938569901908
2025-11-19,FMCG,0.031341187633460166,0.021612987310434633,-0.025459354411012287,-0.009061585045365817,0.03067457235580045,-0.10659680822797,0.8783298354882301
2025-11-19,Infra,0.18087724142412664,0.18755111404466876,0.08398329859837572,0.027377912545610714,0.16017320149905806,0.05934131850626412,1.0007594964175097
2025-11-19,IT,2.9727402265297576,0.22174930914554727,0.0682458736872486,-0.04093408268964908,0.26268339183519634,0.09353951360714263,1.4692793984869545
2025-11-19,Media,-0.26648346580367965,-0.23986462791962368,-0.16691458104772885,-0.1724350108725466,-0.06742961704707709,-0.3680744234580283,1.501475484148305
2025-11-19,Metal,0.004335596213600468,0.06918775000027248,0.15458678406243098,0.11760479768461099,-0.04841704768433851,-0.05902204553813216,1.4716196024047945
2025-11-19,Pharma,0.061636944124932036,0.14399273973250543,0.043423360664757896,0.029259248440417492,0.11473349129208793,0.015782944194100784,0.983134343028794
2025-11-19,Realty,-0.35047989246017597,0.16117001381126042,0.018365468620469467,-0.043753124252176145,0.20492313806343657,0.03296021827285578,1.7400805217040278
2025-11-19,Banking,0.5378689563109829,0.18103661039157354,0.1019270030827335,0.03980462790795311,0.14123198248362043,0.052826814853168896,0.9949850623136581
2025-11-19,NIFTY50,0.5503640675154298,0.12820979553840464,0.06440446425193184,0.02619545962501308,0.10201433591339157,0.0,0.8435028063871604
2025-11-20,Auto,0.43576884047045183,0.07786520806919627,0.14395400671876354,0.1618510440953559,-0.08398583602615962,-0.06411899478838133,1.3016454034203468
2025-11-20,Energy,0.277863394605915,0.07268799013680938,0.08350408077773282,-0.004374722822848559,0.07706271295965794,-0.06929621272076822,1.154938569901908
2025-11-20,FMCG,0.0828778870159308,0.04216281101331024,-0.007335282008263573,-0.001825128257587627,0.04398793927089787,-0.09982139184426736,0.8783298354882301
2025-11-20,Infra,0.5696496133532403,0.19423471539539344,0.10568664109545324,0.0407198659587138,0.15351484943667965,0.052250512537815846,1.0007594964175097
2025-11-20,IT,-0.003637924253141467,0.22288578310242926,0.08139054149403432,-0.03223624059958969,0.255122023702019,0.08090158024485167,1.4692793984869545
2025-11-20,Media,-1.5389298010261454,-0.27586205171124234,-0.20838161431810737,-0.18786889287537722,-0.08799315883586512,-0.41784625456881996,1.501475484148305
2025-11-20,Metal,0.01829147297611744,0.07923886428200712,0.1756423876980614,0.11318459635901428,-0.03394573207700716,-0.06274533857557048,1.4716196024047945
2025-11-20,Pharma,-0.17643534939071337,0.12350307795319942,0.03392206831499877,0.03388788533272661,0.08961519262047282,-0.01848112490437817,0.983134343028794
2025-11-20,Realty,-0.13527406704322287,0.12038367276079653,0.030100383906852546,-0.05323574659017905,0.17361941935097558,-0.021600530096781062,1.7400805217040278
2025-11-20,Banking,0.22231884052235085,0.18045624795366091,0.12374865638329438,0.047276581253791694,0.13317966669986922,0.03847204509608332,0.9949850623136581
2025-11-20,NIFTY50,0.5354541588221684,0.1419842028575776,0.0875245036657992,0.03741566855214614,0.10456853430543145,0.0,0.8435028063871604
2025-11-21,Auto,-0.0586135973905777,0.12679596000484852,0.13679516746136194,0.18085346794980678,-0.054057507944958255,-0.0076584087107604,1.3016454034203468
2025-11-21,Energy,-1.0496065417428202,0.07381143338874259,0.06665059402899705,-0.005373416343733556,0.07918484973247615,-0.060642935326866335,1.154938569901908
2025-11-21,FMCG,0.1407264027976085,0.0635437227714027,-0.003321281534367504,-0.005895150704438147,0.06943887347584085,-0.07091064594420622,0.8783298354882301
2025-11-21,Infra,-0.3182898795606848,0.20473738868613625,0.09962218668547942,0.04946930837607814,0.15526808031005812,0.07028301997052733,1.0007594964175097
2025-11-21,IT,-0.42639077895010313,0.15846541273819678,0.034816861715799764,-0.017187623263135905,0.1756530360013327,0.024011044022587857,1.4692793984869545
2025-11-21,Media,-0.7797806516779082,-0.2446883685662556,-0.19346503088530528,-0.1786999672411496,-0.065988401325106,-0.37914273728186454,1.501475484148305
2025-11-21,Metal,-2.3444909718235873,0.007686020537501825,0.1256703184056866,0.09193357184899775,-0.08424755131149593,-0.1267683481781071,1.4716196024047945
2025-11-21,Pharma,-0.46986809430350496,0.13343301577403707,0.018769967675229714,0.02116304177941952,0.11226997399461755,-0.0010213529415718514,0.983134343028794
2025-11-21,Realty,-1.8638938485649459,0.11918613293863864,-0.01342349524801519,-0.06049425997523819,0.17968039291387683,-0.015268235776970285,1.7400805217040278
2025-11-21,Banking,-0.8087929377527558,0.16660127898733357,0.1105739347520851,0.04221701628011881,0.12438426270721475,0.032146910271724644,0.9949850623136581
2025-11-21,NIFTY50,-0.47342428227803435,0.13445436871560892,0.07309007004298948,0.04115640076047465,0.09329796795513427,0.0,0.8435028063871604
2025-11-24,Auto,-0.34734153894295794,0.10709903454458661,0.1377649812929288,0.17424165531598398,-0.06714262077139738,0.004591178778660873,1.3016454034203468
2025-11-24,Energy,-1.1841519493879793,0.019291005571903847,0.07292876235743982,-0.021707187183737587,0.040998192755641434,-0.08321685019402189,1.154938569901908
2025-11-24,FMCG,-0.6603959419821059,0.02820684534631838,-0.029454095896894,-0.015525278844369876,0.043732124190688254,-0.07430101041960735,0.8783298354882301
2025-11-24,Infra,-0.7467863433173405,0.15747942016726502,0.11296133137130017,0.041825883065115504,0.11565353710214951,0.05497156440133928,1.0007594964175097
2025-11-24,IT,0.41370801628779486,0.13476635317094937,0.051676242681570166,-0.00022346660675255493,0.1349898197777019,0.03225849740502364,1.4692793984869545
2025-11-24,Media,-0.5331637884094187,-0.2658884064256983,-0.18984794140247985,-0.1997491180512307,-0.06613928837446759,-0.368396262191624,1.501475484148305
2025-11-24,Metal,-1.2289751242324898,-0.10551030786898855,0.1328629227232908,0.07530589719357951,-0.18081620506256807,-0.20801816363491427,1.4716196024047945
2025-11-24,Pharma,-0.39192329402394366,0.08522725832959727,0.04002220694685679,0.007587403801768201,0.07763985452782907,-0.017280597436328468,0.983134343028794
2025-11-24,Realty,-2.0538842852665717,0.025972733913641372,-0.01037336122612568,-0.09872002130996134,0.12469275522360271,-0.07653512185228437,1.7400805217040278
2025-11-24,Banking,-0.05494975458408824,0.15442770625896388,0.13047965966790473,0.04139791794481565,0.11302978831414823,0.05191985049303814,0.9949850623136581
2025-11-24,NIFTY50,-0.4167936312968079,0.10250785576592573,0.08321214264143413,0.03950964280956401,0.06299821295636172,0.0,0.8435028063871604
2025-11-25,Auto,-0.23139544864397843,0.08256068539136965,0.1429130742753746,0.15500534341679958,-0.07244465802542993,0.0033514274512706638,1.3016454034203468
2025-11-25,Energy,-0.21875444482790662,-0.0021687196645795805,0.08268736198552765,-0.027435708022544636,0.025266988357965054,-0.08137797760467858,1.154938569901908
2025-11-25,FMCG,-0.15605688155730935,0.0072240392782737155,-0.015027060544428225,-0.025260531057087848,0.03248457033536156,-0.07198521866182528,0.8783298354882301
2025-11-25,Infra,0.0026070725192894884,0.14654935622163912,0.12503636359292097,0.03749512626410372,0.10905422995753539,0.06734009828154013,1.0007594964175097
2025-11-25,IT,-0.5698230752559041,0.1175918818331582,0.06872510942420122,-0.011053160660157034,0.12864504249331524,0.038382623893059215,1.4692793984869545
2025-11-25,Media,-0.8040409904716328,-0.3015710333306546,-0.19529753569165084,-0.2140535294976594,-0.0875175038329952,-0.3807802912707536,1.501475484148305
2025-11-25,Metal,0.5540083034957899,-0.056578396947165925,0.15458731244817392,0.08098913132260804,-0.13756752826977398,-0.1357876548872649,1.4716196024047945
2025-11-25,Pharma,0.43792474106327806,0.05696548946564719,0.06108860388370792,-0.00020706748379667336,0.05717255694944386,-0.0222437684744518,0.983134343028794
2025-11-25,Realty,1.6178100998802236,0.02414889779909705,0.0416101602011415,-0.08950806069758473,0.11365695849668178,-0.055060360141001935,1.7400805217040278
2025-11-25,Banking,-0.02558118690598743,0.12879692715530947,0.1493398831648313,0.036390596505876394,0.09240633064943307,0.049587669215210475,0.9949850623136581
2025-11-25,NIFTY50,-0.2877529180069005,0.07920925794009899,0.09265697751452512,0.031284495699715906,0.047924762240383084,0.0,0.8435028063871604
2025-11-26,Auto,1.1603954203106337,0.12411575650231362,0.176988200932308,0.16297639745485062,-0.03886064095253701,-0.004012174514682568,1.3016454034203468
2025-11-26,Energy,1.7381700367636865,0.06574837302270524,0.113844084629125,-0.009420182723193345,0.07516855574589859,-0.06237955799429094,1.154938569901908
2025-11-26,FMCG,0.7093280527295853,0.06074093383795387,-0.01905562151447604,-0.022429698256330764,0.08317063209428463,-0.06738699717904231,0.8783298354882301
2025-11-26,Infra,1.133527616274188,0.1873464184144554,0.14984307968868163,0.04867810490022496,0.13866831351423045,0.05921848739745922,1.0007594964175097
2025-11-26,IT,1.4600825695722186,0.1923080495990818,0.10750337925533705,-0.0018411084066047609,0.19414915800568655,0.06418011858208561,1.4692793984869545
2025-11-26,Media,1.6211164214751994,-0.25105567466482875,-0.17414110534082186,-0.21060331517281222,-0.04045235949201653,-0.37918360568182496,1.501475484148305
2025-11-26,Metal,2.0578930316363486,0.026343232047234218,0.19896464140088482,0.10990483743470558,-0.08356160538747137,-0.10178469896976197,1.4716196024047945
2025-11-26,Pharma,1.2013678044114462,0.09898399419766482,0.08143993137794477,0.01666116430080756,0.08232282989685727,-0.029143936819331362,0.983134343028794
2025-11-26,Realty,1.1205455033743261,0.060942919551110565,0.08247666457749363,-0.0825907668396819,0.14353368639079248,-0.06718501146588562,1.7400805217040278
2025-11-26,Banking,1.203241041952663,0.1680070011411979,0.17449429843529263,0.04659655247268597,0.12141044866851193,0.03987907012420172,0.9949850623136581
2025-11-26,NIFTY50,1.2381783530362567,0.12812793101699618,0.11833056638734517,0.044325423243114996,0.08380250777388118,0.0,0.8435028063871604
2025-11-27,Auto,-0.33488106285246566,0.12014451505553472,0.1247237173280924,0.15965579182701017,-0.03951127677147545,-0.02010215386364031,1.3016454034203468
2025-11-27,Energy,-0.5801570958757551,0.0672195950866139,0.0785766475847292,-0.01853638348421387,0.08575597857082777,-0.07302707383256113,1.154938569901908
2025-11-27,FMCG,0.0504110881566211,0.07833729218758319,-0.019205418793619145,-0.024956781539984388,0.10329407372756758,-0.061909376731591845,0.8783298354882301
2025-11-27,Infra,-0.16755600237156054,0.19629425374151094,0.13316949970634076,0.05081306832951074,0.1454811854120002,0.056047584822335905,1.0007594964175097
2025-11-27,IT,0.21865406115288977,0.21053590793834806,0.08464682898065717,0.015994907961324314,0.19454099997702373,0.07028923901917303,1.4692793984869545
2025-11-27,Media,0.8390526524675535,-0.18875931219595443,-0.1548322207545527,-0.198532124963036,0.009772812767081557,-0.32900598111512946,1.501475484148305
2025-11-27,Metal,-0.06760429912807675,0.05692586379969282,0.17043879674609336,0.10171721989140799,-0.04479135609171517,-0.08332080511948221,1.4716196024047945
2025-11-27,Pharma,0.0028448109494982887,0.1239754459225269,0.08341368204764943,0.012441418483757344,0.11153402743876956,-0.016271222996648127,0.983134343028794
2025-11-27,Realty,-0.7186337928844044,0.06839647466359751,0.05317722626854612,-0.10434017334823209,0.17273664801182959,-0.07185019425557752,1.7400805217040278
2025-11-27,Banking,0.3515149534610851,0.1872915411645881,0.16958045872402275,0.05711325292585617,0.13017828823873193,0.047044872245413066,0.9949850623136581
2025-11-27,NIFTY50,0.03911422381892571,0.14024666891917503,0.1054590198266516,0.04919360056524565,0.09105306835392937,0.0,0.8435028063871604
2025-11-28,Auto,0.6192993184990447,0.1322670296953673,0.1399200661444638,0.17154333639055028,-0.03927630669518298,0.017225398212510748,1.3016454034203468
2025-11-28,Energy,-0.5812920723643034,0.023704243878515847,0.05253182378114766,-0.018695285372516038,0.04239952925103188,-0.09133738760434071,1.154938569901908
2025-11-28,FMCG,0.22579548649863668,0.05297244666479332,-0.03417528943640502,-0.01587717295267262,0.06884961961746594,-0.062069184818063235,0.8783298354882301
2025-11-28,Infra,-0.2902252569200625,0.1528289170259952,0.1252680338427107,0.05347006955562697,0.09935884747036822,0.037787285543138635,1.0007594964175097
2025-11-28,IT,-0.10895810907557424,0.1892079127763853,0.08295909916921955,0.014684107129853376,0.17452380564653192,0.07416628129352874,1.4692793984869545
2025-11-28,Media,0.5512977056097323,-0.153147842922412,-0.1619802360813427,-0.20304745049149303,0.049899607569081045,-0.2681894744052685,1.501475484148305
2025-11-28,Metal,0.18785550249422744,0.029843772034869178,0.1594111586844312,0.09969525602412697,-0.06985148398925779,-0.08519785944798737,1.4716196024047945
2025-11-28,Pharma,0.5917892719678131,0.14097165887172244,0.09778429769382276,0.023308362729350534,0.1176632961423719,0.025930027388865892,0.983134343028794
2025-11-28,Realty,-0.19339152975856866,-0.03954912945691724,0.037924715493341345,-0.1051571540064797,0.06560802454956245,-0.1545907609397738,1.7400805217040278
2025-11-28,Banking,0.025776922121711898,0.17024703795372836,0.18054815226292817,0.068071106245639,0.10217593170808936,0.05520540647087181,0.9949850623136581
2025-11-28,NIFTY50,-0.04806903583736144,0.11504163148285655,0.10773408433234506,0.054989009108433615,0.06005262237442294,0.0,0.8435028063871604
2025-12-01,Auto,0.786331373616922,0.11603245026368894,0.14061594939856353,0.17280994810794234,-0.0567774978442534,0.038904983734899104,1.3016454034203468
2025-12-01,Energy,-0.025460517242992253,0.008968670932156067,0.045530716123498384,-0.019496521921058177,0.028465192853214243,-0.06815879559663376,1.154938569901908
2025-12-01,FMCG,-0.17141722919861158,-0.020030683338486677,-0.041802746794634325,-0.01219351928830196,-0.007837164050184716,-0.09715814986727651,0.8783298354882301
2025-12-01,Infra,-0.2398034958749018,0.11656728492036732,0.11718062219287709,0.05316846618398312,0.0633988187363842,0.03943981839157748,1.0007594964175097
2025-12-01,IT,0.38563847562524955,0.18989271455823406,0.10164926297416722,0.022264102861299588,0.16762861169693447,0.11276524802944422,1.4692793984869545
2025-12-01,Media,-0.23497028243657514,-0.17061680777386526,-0.16522872962973517,-0.207446232566443,0.03682942479257775,-0.2477442743026551,1.501475484148305
2025-12-01,Metal,0.5843786998641187,0.026732209286815013,0.11728239272728629,0.09475796510340867,-0.06802575581659366,-0.05039525724197483,1.4716196024047945
2025-12-01,Pharma,-0.4806910836653189,0.11801238004315205,0.07138335737001844,0.02096243099954067,0.09704994904361139,0.040884913514362214,0.983134343028794
2025-12-01,Realty,-1.0241930742349359,-0.1370490432155269,0.014272047903382176,-0.12359331093347055,-0.013455732282056362,-0.21417650974431673,1.7400805217040278
2025-12-01,Banking,-0.11940490920552271,0.12972617847438198,0.16593093648303933,0.05352251223465597,0.076203666239726,0.05259871194559214,0.9949850623136581
2025-12-01,NIFTY50,-0.10380212747401751,0.07712746652878984,0.09681952362941633,0.04839326957776089,0.028734196951028947,0.0,0.8435028063871604
2025-12-02,Auto,-0.04822634229986189,0.09226126772132417,0.12562552543433136,0.18054913580210472,-0.08828786808078054,0.0496407916410428,1.3016454034203468
2025-12-02,Energy,-0.22468555892428688,0.008349186518257964,0.05824258881556318,-0.020458843233778095,0.028808029752036057,-0.03427128956202341,1.154938569901908
2025-12-02,FMCG,-0.19738701678363446,-0.07211587752654254,-0.04903769037569191,-0.01006362251164498,-0.06205225501489756,-0.11473635360682391,0.8783298354882301
2025-12-02,Infra,-0.4444078050774847,0.08986082093424663,0.11865863172726829,0.05496567020974279,0.034895150724503846,0.047240344853965256,1.0007594964175097
2025-12-02,IT,-0.02263663539704419,0.24358364268054747,0.11686268955965734,0.027198871907721585,0.2163847707728259,0.20096316660026609,1.4692793984869545
2025-12-02,Media,-0.40278701647932236,-0.1320036204644951,-0.16069000824731244,-0.18667905328904955,0.05467543282455445,-0.17462409654477648,1.501475484148305
2025-12-02,Metal,-0.36076367918018715,0.04320487649656058,0.1216128327968763,0.09333091284710925,-0.050126036350548665,0.0005844004162792044,1.4716196024047945
2025-12-02,Pharma,0.07536782776813578,0.09782041917111331,0.07599407379493828,0.0328780161931736,0.06494240297793971,0.055199943090831934,0.983134343028794
2025-12-02,Realty,-0.2069623638623841,-0.14734262937037165,0.02374915229763482,-0.11462993931644798,-0.032712690053923674,-0.18996310545065304,1.7400805217040278
2025-12-02,Banking,-0.6828779352009207,0.09008282691805165,0.1543061631997544,0.049773444157460545,0.04030938276059111,0.04746235083777028,0.9949850623136581
2025-12-02,NIFTY50,-0.5484113396941881,0.042620476080281376,0.08638120526317183,0.04361941512368461,-0.0009989390434032366,0.0,0.8435028063871604
2025-12-03,Auto,-1.199804209331834,0.05755027784326871,0.0847432410969501,0.15774532926425794,-0.10019505142098922,0.03812816483098949,1.3016454034203468
2025-12-03,Energy,-0.9994485330163005,-0.04081043909675971,0.04094346557935724,-0.03476989037581448,-0.006040548720945227,-0.060232552109038925,1.154938569901908
2025-12-03,FMCG,-0.7976892659937174,-0.09757216139840079,-0.03863456571862878,-0.01310189704082908,-0.08447026435757171,-0.11699427441068,0.8783298354882301
2025-12-03,Infra,-0.8182165500907002,0.018611444415163787,0.10170239682525153,0.037578918207073424,-0.018967473791909637,-0.000810668597115427,1.0007594964175097
2025-12-03,IT,0.756501182033098,0.23619228926333685,0.15352744709623373,0.03281296745584602,0.20337932180749083,0.21677017625105763,1.4692793984869545
2025-12-03,Media,0.2501901674536233,-0.15272861482320985,-0.16629665792059747,-0.17345209863442063,0.02072348381121078,-0.17215072783548907,1.501475484148305
2025-12-03,Metal,-0.49098635575755,0.029273536134113477,0.10211206061816155,0.08254332230882849,-0.05326978617471502,0.009851423121834263,1.4716196024047945
2025-12-03,Pharma,0.012440992687179353,0.07035211933926791,0.07548652376572909,0.027524748750848236,0.04282737058841968,0.0509300063269887,0.983134343028794
2025-12-03,Realty,-0.7510803540962785,-0.18826445003402245,0.030583548926002752,-0.09413917854945804,-0.09412527148456441,-0.20768656304630168,1.7400805217040278
2025-12-03,Banking,0.12560223533624182,0.07579621963665202,0.15519437929113586,0.04227228100951022,0.0335239386271418,0.05637410662437281,0.9949850623136581
2025-12-03,NIFTY50,-0.17746951904364927,0.019422113012279214,0.08297196776792488,0.03459803758959453,-0.015175924577315317,0.0,0.8435028063871604
2025-12-04,Auto,0.3215854368343596,0.06282565569390999,0.03510174319679501,0.1609539480273804,-0.0981282923334704,0.04056097243584543,1.3016454034203468
2025-12-04,Energy,-0.3386937402079515,-0.059617132666367846,0.03565087526564037,-0.030740776654624893,-0.028876356011742953,-0.0818818159244324,1.154938569901908
2025-12-04,FMCG,0.47352770354951446,-0.08249465400105034,-0.027165831908534388,0.004614817347453615,-0.08710947134850396,-0.1047593372591149,0.8783298354882301
2025-12-04,Infra,-0.08727908604553303,0.014275412986371286,0.09727927849553546,0.04258105020935191,-0.02830563722298063,-0.007989270271693273,1.0007594964175097
2025-12-04,IT,1.4143991117044896,0.2826637671098634,0.1927590276599983,0.07305613624951955,0.20960763086034384,0.26039908385179883,1.4692793984869545
2025-12-04,Media,-1.4461060276883542,-0.2197424796224497,-0.19116981573506792,-0.18761121511260292,-0.03213126450984677,-0.24200716288051424,1.501475484148305
2025-12-04,Metal,0.060885320121228936,0.017926217216278302,0.096895230550636,0.08284284577013283,-0.06491662855385452,-0.004338466041786258,1.4716196024047945
2025-12-04,Pharma,0.2230659369881982,0.06652811929005352,0.08373504605776035,0.023877001526344033,0.04265111776370949,0.044263436031988956,0.983134343028794
2025-12-04,Realty,0.5365109991510852,-0.16753847129247657,0.031789032545151606,-0.07661098710235754,-0.09092748419011902,-0.18980315455054111,1.7400805217040278
2025-12-04,Banking,-0.10034125900931778,0.0739449090550437,0.1512937993798567,0.04396180827549766,0.029983100779546037,0.05168022579697913,0.9949850623136581
2025-12-04,NIFTY50,0.18375278996383138,0.02226468325806456,0.0838687172350679,0.043591951508627186,-0.021327268250562626,0.0,0.8435028063871604
2025-12-05,Auto,0.7442491947752927,0.08899271731901973,0.047916550853777475,0.18332717312370284,-0.09433445580468311,0.050114615878214745,1.3016454034203468
2025-12-05,Energy,-0.04087560663039724,-0.05864172823533168,0.03696238392583465,-0.006602931351034188,-0.052038796884297495,-0.09751982967613666,1.154938569901908
2025-12-05,FMCG,-0.011681399073593113,-0.09249972246795764,-0.037031807591680156,0.014689345085693924,-0.10718906755365157,-0.13137782390876263,0.8783298354882301
2025-12-05,Infra,0.4152127573521014,0.046409835704595004,0.10532340939435318,0.05857210107245911,-0.012162265367864106,0.007531734263790023,1.0007594964175097
2025-12-05,IT,0.8951934293963237,0.2389526553780363,0.16175024717024686,0.09874737373082752,0.1402052816472088,0.20007455393723134,1.4692793984869545
2025-12-05,Media,-0.4752307111082543,-0.2460710708164622,-0.1991417800394096,-0.1638880139372948,-0.08218305687916741,-0.2849491722572672,1.501475484148305
2025-12-05,Metal,0.6707856510266064,0.037321527805782614,0.10527077260186998,0.10852409510542078,-0.07120256729963817,-0.0015565736350223666,1.4716196024047945
2025-12-05,Pharma,-0.051390976183540715,0.06991511620343133,0.0685901340288155,0.017309600721500853,0.05260551548193047,0.031037014762626346,0.983134343028794
2025-12-05,Realty,0.34266362338872813,-0.16251698967823563,0.042443670259218656,-0.06180938809099582,-0.10070760158723982,-0.2013950911190406,1.7400805217040278
2025-12-05,Banking,0.8239344199434173,0.09733796620376396,0.1641278175145668,0.06357532170907065,0.03376264449469331,0.05845986476295898,0.9949850623136581
2025-12-05,NIFTY50,0.5865433091659877,0.03887810144080498,0.08722288875744222,0.06008873720717221,-0.021210635766367232,0.0,0.8435028063871604
2025-12-08,Auto,-1.2251605560335999,0.061631357031791706,0.04886823625836793,0.173851508544677,-0.11222015151288531,0.0391168853707554,1.3016454034203468
2025-12-08,Energy,-1.4982048594732733,-0.1093071555446153,-0.0012658927661485242,-0.0160330729325918,-0.0932740826120235,-0.1318216272056516,1.154938569901908
2025-12-08,FMCG,-1.1998502681516254,-0.1075796148847763,-0.06763754409871628,-0.0017570214854663775,-0.10582259339930992,-0.1300940865458126,0.8783298354882301
2025-12-08,Infra,-1.1896463590315487,0.012738840661491816,0.08034642129854311,0.0540365179714713,-0.041297677309979484,-0.009775630999544484,1.0007594964175097
2025-12-08,IT,-0.2918309340588232,0.23775233493980805,0.113023750826749,0.1034177316421218,0.13433460329768626,0.21523786327877176,1.4692793984869545
2025-12-08,Media,-2.73256923132168,-0.32368412566576665,-0.23409601271448305,-0.16423606778966515,-0.1594480578761015,-0.34619859732680297,1.501475484148305
2025-12-08,Metal,-1.9201459543252364,-0.06105232014427027,0.06894509492603008,0.0999976594559773,-0.16104997960024758,-0.08356679180530657,1.4716196024047945
2025-12-08,Pharma,-1.335465043189854,0.04377053729180216,0.041087330416951964,-0.002355782466237915,0.046126319758040074,0.021256065630765857,0.983134343028794
2025-12-08,Realty,-3.5268430990264,-0.28611197324933074,-0.03512144733388863,-0.05576200086602348,-0.23034997238330726,-0.30862644491036706,1.7400805217040278
2025-12-08,Banking,-0.9010934679774096,0.08902224272363979,0.13927553919463728,0.06229027177793414,0.026731970945705646,0.06650777106260349,0.9949850623136581
2025-12-08,NIFTY50,-0.862653945989178,0.0225144716610363,0.06584184593947735,0.057486984839945326,-0.03497251317890902,0.0,0.8435028063871604
2025-12-09,Auto,-0.715846676634424,0.01871673253001937,0.04249633693686047,0.1567365068109257,-0.13801977428090634,0.03381016956605794,1.3016454034203468
2025-12-09,Energy,0.6355961513383468,-0.10244514621771746,-0.005378065524201762,-0.021317210044993942,-0.08112793617272351,-0.0873517091816789,1.154938569901908
2025-12-09,FMCG,-0.03538798003318577,-0.11354184539980827,-0.07126860725335564,-0.005361758595900688,-0.10818008680390759,-0.09844840836376971,0.8783298354882301
2025-12-09,Infra,0.03924005236703998,-0.03357499134738854,0.07178023693001577,0.04091043269089131,-0.07448542403827985,-0.01848155431134997,1.0007594964175097
2025-12-09,IT,-1.1922501161276022,0.18478805881224006,0.10145777285860304,0.09007000820320081,0.09471805060903925,0.19988149584827863,1.4692793984869545
2025-12-09,Media,0.6951713485438882,-0.29196262452208516,-0.2395804966739993,-0.1655745592522722,-0.12638806526981294,-0.2768691874860466,1.501475484148305
2025-12-09,Metal,-0.28741855118287196,-0.10919322569023573,0.05843383504919383,0.08568281210332448,-0.19487603779356022,-0.09409978865419717,1.4716196024047945
2025-12-09,Pharma,-0.5205210679951167,0.03341965381275031,0.024731164956696132,-0.023335751690136568,0.05675540550288688,0.04851309084878888,0.983134343028794
2025-12-09,Realty,0.9516568141979764,-0.3031023040617879,-0.019260500430589023,-0.06297748100685864,-0.24012482305492927,-0.28800886702574935,1.7400805217040278
2025-12-09,Banking,-0.02734573776089766,0.06415628134340785,0.13473679921721307,0.05927027895362171,0.004886002389786141,0.07924971837944642,0.9949850623136581
2025-12-09,NIFTY50,-0.46570811090926867,-0.015093437036038567,0.055917691323958775,0.04600081223609775,-0.06109424927213632,0.0,0.8435028063871604
2025-12-10,Auto,-0.14963913245800153,0.027825770909157863,0.0323869909849985,0.16170417751221572,-0.13387840660305786,0.049620039425831736,1.3016454034203468
2025-12-10,Energy,-0.09101151689504539,-0.09412693848947533,-0.012331440999668134,-0.022684636587554863,-0.07144230190192047,-0.07233266997280145,1.154938569901908
2025-12-10,FMCG,-0.02787763102755081,-0.09563334350250326,-0.059928199789433166,-0.008287799111092639,-0.08734554439141062,-0.07383907498582938,0.8783298354882301
2025-12-10,Infra,-0.2671998790538477,-0.047482704705220646,0.06155801578761,0.03238323742776587,-0.0798659421329865,-0.02568843618854677,1.0007594964175097
2025-12-10,IT,-0.89351626000852,0.17979519805129052,0.0816010401024279,0.07673554535365396,0.10305965269763656,0.2015894665679644,1.4692793984869545
2025-12-10,Media,0.4804099331287004,-0.28093963313344755,-0.22501954345222266,-0.15145093785320485,-0.1294886952802427,-0.2591453646167737,1.501475484148305
2025-12-10,Metal,0.45833295510708805,-0.13501222511891892,0.050645052450928325,0.09195033405557472,-0.22696255917449365,-0.11321795660224504,1.4716196024047945
2025-12-10,Pharma,0.17160524221104811,0.048029553966414014,0.01880201405969154,-0.021498911563473517,0.06952846552988753,0.06982382248308788,0.983134343028794
2025-12-10,Realty,-0.3621272020826849,-0.2800816464510603,-0.026333118693717683,-0.056387726184478806,-0.22369392026658153,-0.25828737793438644,1.7400805217040278
2025-12-10,Banking,-0.44232138388416997,0.043684921488529316,0.12310588227735304,0.05576470882889076,-0.012079787340361442,0.06547919000520319,0.9949850623136581
2025-12-10,NIFTY50,-0.31598875909956137,-0.021794268516673876,0.04341946965561635,0.04097000921885437,-0.06276427773552824,0.0,0.8435028063871604
2025-12-11,Auto,1.1066131788400213,0.08920168516759293,0.05740623033140287,0.1782088656459091,-0.08900718047831617,0.10793434227819461,1.3016454034203468
2025-12-11,Energy,0.33693771157996544,-0.14737844451493695,-0.01571684254132603,-0.009345406686409099,-0.13803303782852785,-0.12864578740433527,1.154938569901908
2025-12-11,FMCG,0.2085062882985378,-0.11870156934303044,-0.0562822685089324,-0.02196008205094678,-0.09674148729208366,-0.09996891223242876,0.8783298354882301
2025-12-11,Infra,0.36785982827394204,-0.07585053927547603,0.06335435541044783,0.046766930475623275,-0.1226174697510993,-0.057117882164874345,1.0007594964175097
2025-12-11,IT,0.8126551676446381,0.18553209806072257,0.10477080982475148,0.09140334605819854,0.09412875200252403,0.20426475517132425,1.4692793984869545
2025-12-11,Media,-0.08853945011814135,-0.33816646272062745,-0.21893827032810007,-0.15349461891942442,-0.18467184380120302,-0.31943380561002577,1.501475484148305
2025-12-11,Metal,1.061616393099718,-0.1566579739408528,0.06709073467719578,0.11725704630240054,-0.2739150202432533,-0.1379253168302511,1.4716196024047945
2025-12-11,Pharma,0.9837520499523578,0.05388622491969399,0.04582846578468413,0.004015224827375283,0.04987100009231871,0.07261888203029568,0.983134343028794
2025-12-11,Realty,0.7499711443926138,-0.2759027952146339,-0.05397617027720606,-0.041637296168633854,-0.23426549904600005,-0.2571701381040322,1.7400805217040278
2025-12-11,Banking,0.4230858874952004,0.04798784287275648,0.12776870510743757,0.06420065174789523,-0.01621280887513875,0.06672049998335816,0.9949850623136581
2025-12-11,NIFTY50,0.54565875164998,-0.01873265711060168,0.05548694331833933,0.0509087417546197,-0.06964139886522139,0.0,0.8435028063871604
2025-12-12,Auto,0.5778880350493454,0.12322707845172683,0.043012994995329325,0.19613277224867892,-0.0729056937969521,0.10033585000412333,1.3016454034203468
2025-12-12,Energy,0.8284494833304734,-0.12385835977228717,-0.01671675446124195,0.007046798130006346,-0.1309051579022935,-0.14674958821989065,1.154938569901908
2025-12-12,FMCG,-0.23589982714267155,-0.11055913434315372,-0.05571350566819844,-0.03224384682459101,-0.0783152875185627,-0.13345036279075723,0.8783298354882301
2025-12-12,Infra,1.1789921314319107,-0.018197097422008035,0.06595746005779335,0.07169953573562611,-0.08989663315763415,-0.04108832586961153,1.0007594964175097
2025-12-12,IT,0.46657217103709403,0.2180515867982746,0.09815842249172961,0.1171105038658181,0.1009410829324565,0.1951603583506711,1.4692793984869545
2025-12-12,Media,-0.04963122313661472,-0.3301202743518309,-0.2341734159686065,-0.14752163271398858,-0.1825986416378423,-0.3530115027994344,1.501475484148305
2025-12-12,Metal,2.625932941409004,-0.05418840695783092,0.09696314931714856,0.1683441739404649,-0.2225325808982958,-0.07707963540543442,1.4716196024047945
2025-12-12,Pharma,0.11082606394479111,0.0772707034157094,0.042731466158532065,0.04229910793925897,0.03497159547645042,0.0543794749681059,0.983134343028794
2025-12-12,Realty,1.528856550539337,-0.2263437662866526,-0.04634603641465618,-0.004920789535307479,-0.22142297675134512,-0.2492349947342561,1.7400805217040278
2025-12-12,Banking,0.3041683968079134,0.07834584804228643,0.12495088357928748,0.07441724092033326,0.00392860712195317,0.05545461959468294,0.9949850623136581
2025-12-12,NIFTY50,0.5729990019651465,0.022891228447603496,0.053741499365927425,0.06638200149065712,-0.04349077304305363,0.0,0.8435028063871604
2025-12-15,Auto,-0.9084913061563338,0.09539173049527008,0.018769591216733123,0.16816688262796095,-0.07277515213269087,0.0549527891920591,1.3016454034203468
2025-12-15,Energy,-0.03339947082574568,-0.11428705471559497,-0.02324337435584578,0.005578587515186909,-0.11986564223078187,-0.15472599601880596,1.154938569901908
2025-12-15,FMCG,0.6929567024823946,-0.0794738533043371,-0.041869596729012803,-0.023409386108545545,-0.05606446719579155,-0.11991279460754808,0.8783298354882301
2025-12-15,Infra,-0.023034956185019606,-0.0042212701015709175,0.05948046620216233,0.0604373893180363,-0.06465865941960722,-0.0446602114047819,1.0007594964175097
2025-12-15,IT,0.2914474457703875,0.2457806424459426,0.09219998847136371,0.10259167020734507,0.14318897223859756,0.20534170114273162,1.4692793984869545
2025-12-15,Media,1.7945206416456028,-0.22625622959074843,-0.20923097368417334,-0.14431651225411618,-0.08193971733663225,-0.2666951708939594,1.501475484148305
2025-12-15,Metal,0.15849925736781678,-0.012540224155057948,0.10801042113823639,0.14257880656900393,-0.15511903072406188,-0.05297916545826893,1.4716196024047945
2025-12-15,Pharma,-0.3915121474862171,0.08257736056840398,0.03794304339886422,0.03077594087044456,0.05180141969795942,0.042138419265192996,0.983134343028794
2025-12-15,Realty,-0.045114588507522146,-0.21610419706113104,-0.05392593569894281,-0.025135978374786688,-0.19096821868634437,-0.256543138364342,1.7400805217040278
2025-12-15,Banking,0.12098269731692923,0.09701156253006309,0.11651956607953112,0.07572653215812093,0.021285030371942154,0.0565726212268521,0.9949850623136581
2025-12-15,NIFTY50,-0.07543469807149705,0.04043894130321098,0.04646512851562682,0.05842448813091335,-0.01798554682770237,0.0,0.8435028063871604
2025-12-16,Auto,-0.09395058416066249,0.08828747801242878,0.015084943531013528,0.16297511400731657,-0.07468763599488779,0.07460769733677267,1.3016454034203468
2025-12-16,Energy,-0.7391153944718121,-0.15447165390916728,-0.029660168692331273,-0.002345849560066999,-0.15212580434910028,-0.1681514345848234,1.154938569901908
2025-12-16,FMCG,-0.009020162590744896,-0.07652467401886816,-0.0479783841047321,-0.015475097986758439,-0.06104957603210972,-0.09020445469452427,0.8783298354882301
2025-12-16,Infra,-0.42358087623359797,-0.02762664389915052,0.05138185674412562,0.05764437547608051,-0.08527101937523103,-0.04130642457480664,1.0007594964175097
2025-12-16,IT,-0.8435321316717315,0.2231932042238338,0.06428079603232774,0.09854849396072421,0.12464471026310958,0.20951342354817767,1.4692793984869545
2025-12-16,Media,0.031352204593293465,-0.230953292064087,-0.20375695599563534,-0.1432234357357826,-0.08772985632830438,-0.2446330727397431,1.501475484148305
2025-12-16,Metal,-0.841462292898687,-0.05335716614515887,0.0886114123795769,0.13225243790550306,-0.18560960405066193,-0.06703694682081499,1.4716196024047945
2025-12-16,Pharma,-0.562956717281049,0.02364762793266619,0.0036069097493429607,0.0337317457394157,-0.010084117806749511,0.009967847257010075,0.983134343028794
2025-12-16,Realty,-1.2864666365721034,-0.33321306205597334,-0.07418842338719385,-0.03431335863002482,-0.2988997034259485,-0.34689284273162946,1.7400805217040278
2025-12-16,Banking,-0.7184431233786426,0.05430736141823248,0.09751318056423837,0.07291991819050454,-0.01861255677227206,0.040627580742576365,0.9949850623136581
2025-12-16,NIFTY50,-0.6424068837574293,0.013679780675656117,0.029616177883611445,0.054576416163724356,-0.04089663548806824,0.0,0.8435028063871604
2025-12-17,Auto,-0.1922476064073808,0.11065896269155998,0.01857684317203956,0.16677011632509883,-0.05611115363353886,0.08089614952818831,1.3016454034203468
2025-12-17,Energy,-0.09275437347656679,-0.14231223657435788,-0.0454851584603988,0.003976350906304739,-0.14628858748066262,-0.17207504973772955,1.154938569901908
2025-12-17,FMCG,-0.47399641282692695,-0.07225477804381764,-0.0485272270871138,-0.010715904699679153,-0.06153887334413848,-0.1020175912071893,0.8783298354882301
2025-12-17,Infra,-0.14040094426336358,-0.017938395617246305,0.04768756148310941,0.059045630470193504,-0.07698402608743982,-0.04770120878061797,1.0007594964175097
2025-12-17,IT,0.28781814449918564,0.26817918071549207,0.0768781655581047,0.12103698222339118,0.1471421984921009,0.2384163675521204,1.4692793984869545
2025-12-17,Media,-1.7100813022647543,-0.26967793341391355,-0.22386167260866896,-0.14911491690176384,-0.1205630165121497,-0.2994407465772852,1.501475484148305
2025-12-17,Metal,0.2465588614020131,0.0029708806927131624,0.08690296764735299,0.139431141728943,-0.13646026103622982,-0.026791932470658503,1.4716196024047945
2025-12-17,Pharma,0.09140778888077072,0.0427578137600315,-0.0031570567106113277,0.05732349338170288,-0.014565679621671379,0.012995000596659836,0.983134343028794
2025-12-17,Realty,-0.8402372776150302,-0.3352396273849915,-0.0973563457965158,-0.026882055838363846,-0.3083575715466277,-0.36500244054836317,1.7400805217040278
2025-12-17,Banking,-0.18269211554823306,0.06396011380338222,0.1025013866359146,0.06986844575118827,-0.005908331947806045,0.03419730064001056,0.9949850623136581
2025-12-17,NIFTY50,-0.1606677033445636,0.029762813163371666,0.03326772705976607,0.05618779082447506,-0.026424977661103393,0.0,0.8435028063871604
2025-12-18,Auto,-0.6087820125139864,0.08830570190123901,0.012425766332045026,0.157233807645194,-0.068928105743955,0.047477180464573894,1.3016454034203468
2025-12-18,Energy,-0.7850396371304358,-0.12815333975728946,-0.07008093761314431,-0.0025181924045978004,-0.12563514735269166,-0.16898186119395459,1.154938569901908
2025-12-18,FMCG,-0.1042961067985293,-0.06952925197783455,-0.04237833410826323,-0.013236696076673759,-0.05629255590116079,-0.11035777341449968,0.8783298354882301
2025-12-18,Infra,-0.3406817934758277,-0.007430274448576209,0.04716060144976164,0.058069200443934516,-0.06549947489251072,-0.04825879588524133,1.0007594964175097
2025-12-18,IT,1.2084778569889876,0.30250367680393164,0.14614253323671486,0.1247642035214696,0.17773947328246203,0.26167515536726654,1.4692793984869545
2025-12-18,Media,-1.265022291099771,-0.2271279940340975,-0.25302435272244606,-0.17420854202476582,-0.05291945200933168,-0.2679565154707626,1.501475484148305
2025-12-18,Metal,0.247851546754152,0.08017515978513749,0.0844940186842271,0.1407630656827362,-0.0605879058975987,0.03934663834847237,1.4716196024047945
2025-12-18,Pharma,-0.24124543799521891,0.04723782837249648,0.016393340687211315,0.04632913463275014,0.0009086937397463427,0.00640930693583136,0.983134343028794
2025-12-18,Realty,0.3400912023109104,-0.2736136539734765,-0.08816891670362186,-0.02167419254408059,-0.2519394614293959,-0.3144421754101416,1.7400805217040278
2025-12-18,Banking,-0.023585956293192822,0.07889901147761298,0.10734044170326472,0.06740064614522503,0.011498365332387947,0.03807049004094786,0.9949850623136581
2025-12-18,NIFTY50,-0.011619552256891819,0.04082852143666512,0.04128012738659259,0.05506617255167163,-0.014237651115006508,0.0,0.8435028063871604
2025-12-19,Auto,1.2274022106092852,0.11005890120242189,0.022592605825781004,0.18643350438356115,-0.07637460318113927,0.047479065486092764,1.3016454034203468
2025-12-19,Energy,0.9635989958359348,-0.09145748919551444,-0.046313398039065645,0.015309950215248853,-0.10676743941076329,-0.15403732491184358,1.154938569901908
2025-12-19,FMCG,0.4306464437455082,-0.03874750776927375,-0.013620184543480426,-0.00046375960070732525,-0.038283748168566424,-0.10132734348560288,0.8783298354882301
2025-12-19,Infra,0.9933214775120325,0.059123447002050744,0.06676563491963974,0.083544669879978,-0.02442122287792725,-0.0034563887142783772,1.0007594964175097
2025-12-19,IT,0.1507764603486894,0.3282773473160445,0.160441663223397,0.13694373741001217,0.19133360990603235,0.2656975115997154,1.4692793984869545
2025-12-19,Media,0.08613790441049929,-0.21544144927263673,-0.24057866375307785,-0.17209739126253132,-0.04334405801010541,-0.27802128498896583,1.501475484148305
2025-12-19,Metal,0.04706302749732938,0.034768365602057025,0.06866837113281159,0.16080375363541716,-0.12603538803336012,-0.027811470114272097,1.4716196024047945
2025-12-19,Pharma,0.8584707326063201,0.08795059828285581,0.03566788684990033,0.07035046866836844,0.01760012961448737,0.02537076256652669,0.983134343028794
2025-12-19,Realty,1.6717469105838267,-0.2171846539290419,-0.045476358929336665,0.020354767885745327,-0.23753942181478724,-0.27976448964537104,1.7400805217040278
2025-12-19,Banking,0.265388030121283,0.06906430822378924,0.10498051149292863,0.08068080056113901,-0.011616492337349765,0.006484472507460121,0.9949850623136581
2025-12-19,NIFTY50,0.5843362036054733,0.06257983571632912,0.053191454775607196,0.07207758896440714,-0.009497753248078014,0.0,0.8435028063871604
2025-12-22,Auto,0.8245605808603562,0.127549210941181,0.05551092778461867,0.18380481083849226,-0.05625559989731127,0.04925352116155417,1.3016454034203468
2025-12-22,Energy,0.6582600255638837,-0.08174420006917815,-0.020478973314246123,0.015567959886784664,-0.09731215995596282,-0.16003988984880496,1.154938569901908
2025-12-22,FMCG,0.5134902060221602,-0.015453005525237762,-0.00799845032221691,-0.003034818597891108,-0.012418186927346654,-0.09374869530486458,0.8783298354882301
2025-12-22,Infra,0.7711483887158366,0.07505195600347532,0.08749610848490313,0.07982442758186863,-0.004772471578393306,-0.003243733776151503,1.0007594964175097
2025-12-22,IT,2.058323784332239,0.34272718992231316,0.20679468495626427,0.15509323906636754,0.1876339508559456,0.26443150014268635,1.4692793984869545
2025-12-22,Media,0.5773039742447805,-0.16151422162787493,-0.21750230171705426,-0.1674496825541832,0.005935460926308256,-0.23980991140750174,1.501475484148305
2025-12-22,Metal,1.4057503123837911,0.0631805908863585,0.10344283149821869,0.17062899144297136,-0.10744840055661287,-0.015115098893268328,1.4716196024047945
2025-12-22,Pharma,0.7764425718367107,0.08225019271131911,0.05745801128209123,0.0684646460645809,0.013785546646738214,0.003954502931692291,0.983134343028794
2025-12-22,Realty,0.02825177908267751,-0.20831816062390043,-0.0034916538466472913,1.3691641134440226e-05,-0.20833185226503487,-0.28661385040352727,1.7400805217040278
2025-12-22,Banking,0.397501209353579,0.07881553731473108,0.12326264293707885,0.07487916724875784,0.003936370065973235,0.0005198475351042564,0.9949850623136581
2025-12-22,NIFTY50,0.7933329106115661,0.07829568977962682,0.07386975829848061,0.07077928300247141,0.007516406777155413,0.0,0.8435028063871604
2025-12-23,Auto,0.02420630156709791,0.09256532004978744,0.07128655847621994,0.1778517063238193,-0.08528638627403186,0.029383491192138705,1.3016454034203468
2025-12-23,Energy,0.5390388573486948,-0.07753304868859094,0.00029378943138684094,0.01734859566747016,-0.0948816443560611,-0.14071487754623968,1.154938569901908
2025-12-23,FMCG,0.5194083614133316,-0.00950070426871045,0.008812754396521997,0.008269837768043218,-0.01777054203675367,-0.0726825331263592,0.8783298354882301
2025-12-23,Infra,-0.15782735461885578,0.04383893772247571,0.09763631326302868,0.0786896351365507,-0.03485069741407498,-0.019342891135173026,1.0007594964175097
2025-12-23,IT,-0.7959399849321258,0.2761594830745843,0.21477057264349325,0.1420792595220451,0.13408022355253923,0.2129776542169356,1.4692793984869545
2025-12-23,Media,0.7950390247256633,-0.13252566697895019,-0.19318209053782284,-0.16529879604125441,0.03277312906230423,-0.1957074958365989,1.501475484148305
2025-12-23,Metal,0.5440978975302269,0.05759976035606966,0.10879178369637736,0.17245711677416917,-0.11485735641809951,-0.005582068501579079,1.4716196024047945
2025-12-23,Pharma,-0.23029052093923585,0.07610051298133672,0.06887333763729407,0.05825063772657087,0.01784987525476585,0.012918684123687976,0.983134343028794
2025-12-23,Realty,-0.16946279824066046,-0.20849445401494252,0.021193419687513537,0.006241982379679259,-0.21473643639462178,-0.27167628287259127,1.7400805217040278
2025-12-23,Banking,-0.007502392334413077,0.067024430289148,0.12753095173550258,0.08414436256872795,-0.01711993227957996,0.003842601431499254,0.9949850623136581
2025-12-23,NIFTY50,0.018148889399149937,0.06318182885764874,0.08521715347567091,0.07539420598548323,-0.01221237712783449,0.0,0.8435028063871604
2025-12-24,Auto,-0.022947006210471965,0.05043490633514876,0.08796717361366353,0.16520553614729752,-0.11477062981214876,0.015177720350894444,1.3016454034203468
2025-12-24,Energy,-0.3383529040090316,-0.10896190598456812,0.014772010806961925,0.013656206807199804,-0.12261811279176793,-0.14421909196882243,1.154938569901908
2025-12-24,FMCG,-0.42439778410352513,-0.024016419290380602,0.009616391130638871,0.004044924409257251,-0.028061343699637854,-0.05927360527463492,0.8783298354882301
2025-12-24,Infra,-0.29379035770864537,0.011172897335007074,0.09983517952365221,0.06878751176560893,-0.05761461443060186,-0.02408428864924724,1.0007594964175097
2025-12-24,IT,-0.5077346318235865,0.19107668792971655,0.24713526585589748,0.13584018887759286,0.05523649905212369,0.15581950194546224,1.4692793984869545
2025-12-24,Media,0.43506115734850415,-0.15060885828973428,-0.16772468575438088,-0.1702098597053006,0.01960100141556631,-0.1858660442739886,1.501475484148305
2025-12-24,Metal,0.14636079442493788,0.0677029534766542,0.14334929621877807,0.1600886715138851,-0.09238571803723089,0.032445767492399885,1.4716196024047945
2025-12-24,Pharma,-0.5145298633006279,0.02560056998444562,0.09597794723083881,0.03328765424431624,-0.007687084259870622,-0.009656615999808695,0.983134343028794
2025-12-24,Realty,0.16975046212379663,-0.18639235572184276,0.04067213501622794,0.005425476006647825,-0.1918178317284906,-0.22164954170609708,1.7400805217040278
2025-12-24,Banking,-0.19553136106835733,0.05268053162344207,0.14206305691513338,0.07919117289604755,-0.026510641272605474,0.017423345639187758,0.9949850623136581
2025-12-24,NIFTY50,-0.13389838361685946,0.03525718598425431,0.09879791029410907,0.06791927559339353,-0.03266208960913922,0.0,0.8435028063871604
2025-12-26,Auto,-0.522852360291437,0.04541921027330497,0.08227359652793588,0.15957338196959966,-0.11415417169629469,0.02331869638641296,1.3016454034203468
2025-12-26,Energy,-0.10343546430646722,-0.10321965016781805,0.0016044823488348126,0.021152283898225634,-0.12437193406604369,-0.12532016405471005,1.154938569901908
2025-12-26,FMCG,0.033205472772213085,-0.005759480829404066,0.007184267595523412,0.011560992841493799,-0.017320473670897864,-0.027859994716296077,0.8783298354882301
2025-12-26,Infra,-0.23989694372801296,-0.01099762166327715,0.09363384579766561,0.07036289613203214,-0.0813605177953093,-0.03309813555016916,1.0007594964175097
2025-12-26,IT,-1.0327185564310448,0.17256161642598394,0.23036334478353832,0.11987375139352417,0.05268786503245977,0.15046110253909192,1.4692793984869545
2025-12-26,Media,-0.619830873613314,-0.15278187039936403,-0.16393227670579785,-0.17118031934797723,0.0183984489486132,-0.17488238428625605,1.501475484148305
2025-12-26,Metal,0.590169096600035,0.07281527340968212,0.14731153866470356,0.18206576097042387,-0.10925048756074175,0.050714759522790115,1.4716196024047945
2025-12-26,Pharma,-0.31967623169283366,0.0011648027926317805,0.09312192941324533,0.02865377939768339,-0.02748897660505161,-0.02093571109426023,0.983134343028794
2025-12-26,Realty,-0.22595039765421765,-0.20796178518830757,0.022299104119567297,0.011316764811419988,-0.21927854999972757,-0.2300622990751996,1.7400805217040278
2025-12-26,Banking,-0.29104345705980306,0.03684143520235531,0.1350167914252278,0.07272756066249442,-0.035886125460139105,0.014740921315463302,0.9949850623136581
2025-12-26,NIFTY50,-0.3817552133005053,0.02210051388689201,0.09377373141400228,0.06313817526330892,-0.041037661376416915,0.0,0.8435028063871604
2025-12-29,Auto,-0.5311838796891011,0.045120601476615556,0.06675054750777305,0.10721618056052501,-0.062095579083909454,0.03982561352847657,1.3016454034203468
2025-12-29,Energy,-0.5420915063119924,-0.12803656689577836,-0.004127377913401935,0.01467296953953917,-0.14270953643531753,-0.13333155484391734,1.154938569901908
2025-12-29,FMCG,0.10955231420584077,-0.02125332466332064,0.016141456759393713,-0.0003939565011156097,-0.02085936816220503,-0.026548312611459624,0.8783298354882301
2025-12-29,Infra,-0.47990621193778615,-0.03348741599526287,0.09385645692946329,0.057640892885514945,-0.09112830888077782,-0.03878240394340186,1.0007594964175097
2025-12-29,IT,-0.7508018879723521,0.18190921944685226,0.2197296921623467,0.11785529649689387,0.06405392294995839,0.17661423149871328,1.4692793984869545
2025-12-29,Media,0.9284594145504421,-0.12295995845704136,-0.12802602952993344,-0.15837721954243117,0.03541726108538981,-0.12825494640518034,1.501475484148305
2025-12-29,Metal,-0.15778774710365484,0.09709991269073168,0.12535801242931316,0.15966666357392437,-0.06256675088319269,0.09180492474259269,1.4716196024047945
2025-12-29,Pharma,-0.4688174935195466,-0.03418757281737315,0.08694202484834139,0.023981356552661915,-0.058168929370035066,-0.03948256076551213,0.983134343028794
2025-12-29,Realty,-0.6737260989126859,-0.2277651123111394,0.024693322208209263,-0.020303115532231953,-0.20746199677890745,-0.2330601002592784,1.7400805217040278
2025-12-29,Banking,-0.13387254809158478,0.024636808692213668,0.12743461057054392,0.06334879519218196,-0.03871198649996829,0.019341820744074683,0.9949850623136581
2025-12-29,NIFTY50,-0.3847631310177624,0.005294987948138985,0.08897124715451049,0.047781896833517155,-0.04248690888537817,0.0,0.8435028063871604
2025-12-30,Auto,1.0769244926157384,0.05252428716725676,0.07048924456394379,0.10461169709965355,-0.05208740993239679,0.06094912598384723,1.3016454034203468
2025-12-30,Energy,-0.1573086574654936,-0.14989578993862185,-0.015354186019569024,0.003745026232657469,-0.1536408161712793,-0.14147095112203137,1.154938569901908
2025-12-30,FMCG,-0.2886278530938702,-0.03785445344571111,-0.0006914073850400326,-0.015301830407625042,-0.02255262303808607,-0.029429614629120637,0.8783298354882301
2025-12-30,Infra,-0.13551869063234134,-0.049128387761879035,0.08866504551527005,0.04609968335511133,-0.09522807111699036,-0.04070354894528856,1.0007594964175097
2025-12-30,IT,-0.7421045591029185,0.15038207276812485,0.19497595617040694,0.10570387315976396,0.04467819960836089,0.15880691158471533,1.4692793984869545
2025-12-30,Media,-0.045646177576230684,-0.1378852809956806,-0.19500200462627068,-0.1737378686186529,0.035852587622972304,-0.1294604421790901,1.501475484148305
2025-12-30,Metal,2.02566283714809,0.16427275029258007,0.1500204704074868,0.17388877913389217,-0.009616028841312102,0.17269758910917055,1.4716196024047945
2025-12-30,Pharma,-0.16941044576642694,-0.046633694426594756,0.06242506895686339,0.025832658986745985,-0.07246635341334073,-0.03820885561000428,0.983134343028794
2025-12-30,Realty,-0.8435960226954475,-0.27076022478178197,-0.007712333604313522,-0.03691105633443152,-0.23384916844735043,-0.2623353859651915,1.7400805217040278
2025-12-30,Banking,0.40537740505168784,0.012792412958675023,0.11246836145855402,0.06525637090978371,-0.05246395795110869,0.021217251775265494,0.9949850623136581
2025-12-30,NIFTY50,-0.012527898855285713,-0.008424838816590471,0.07351179801946255,0.04301095942331869,-0.05143579823990916,0.0,0.8435028063871604
2025-12-31,Auto,1.0754857610220325,0.10104100325470898,0.08938222822149955,0.11601373367727237,-0.01497273042256339,0.0717037049831071,1.3016454034203468
2025-12-31,Energy,1.4699589042540762,-0.08094742680681259,-0.00011889031909184666,0.017529270518334975,-0.09847669732514756,-0.11028472507841447,1.154938569901908
2025-12-31,FMCG,0.8040608479860767,0.0077284228316606045,0.010736114212101891,-0.021823755561960725,0.02955217839362133,-0.021608875439941277,0.8783298354882301
2025-12-31,Infra,1.1645622782337828,0.00043165571101252037,0.09887578927351666,0.05578488754396137,-0.055353231832948845,-0.028905642560589362,1.0007594964175097
2025-12-31,IT,-0.30146051838667587,0.17698839998252983,0.18776164617486105,0.07251668873924848,0.10447171124328135,0.14765110171092793,1.4692793984869545
2025-12-31,Media,1.4964118584008368,-0.08037629585444919,-0.17073712194554463,-0.1351414163028387,0.05476512044838952,-0.10971359412605107,1.501475484148305
2025-12-31,Metal,1.4535345357286067,0.2483409686216169,0.14383712847489463,0.18531040555813313,0.06303056306348376,0.219003670350015,1.4716196024047945
2025-12-31,Pharma,0.8145483395615383,0.002958578407362304,0.07424861739618556,0.03977995504278785,-0.03682137663542554,-0.026378719864239578,0.983134343028794
2025-12-31,Realty,0.9369998308165428,-0.17588208032120653,0.00989952072486977,-0.03823399298501321,-0.13764808733619333,-0.20521937859280842,1.7400805217040278
2025-12-31,Banking,0.6939207174092132,0.03951007290496541,0.1167675302340093,0.07628109924265807,-0.03677102633769266,0.010172774633363527,0.9949850623136581
2025-12-31,NIFTY50,0.7353834224439026,0.02933729827160188,0.08187944376522482,0.04807279592418236,-0.018735497652580476,0.0,0.8435028063871604
2026-01-01,Auto,0.0,0.0929782275017836,0.0828970227129185,0.12001638175071173,-0.027038154248928137,0.07982394992409494,1.3016454034203468
2026-01-01,Energy,0.0,-0.07253220946551935,0.0001849520818482849,0.022830091485473256,-0.0953623009509926,-0.085686487043208,1.154938569901908
2026-01-01,FMCG,0.0,0.006683716577211933,0.014148351943823282,-0.014744997414937547,0.02142871399214948,-0.006470561000476715,0.8783298354882301
2026-01-01,Infra,0.0,-0.005597585669791701,0.09097676418743852,0.05412300384231992,-0.05972058951211162,-0.01875186324748035,1.0007594964175097
2026-01-01,IT,0.7587605148398513,0.10318907625953294,0.16246919270254015,0.07989360787801005,0.023295468381522896,0.09003479868184429,1.4692793984869545
2026-01-01,Media,0.0,-0.0714935136609932,-0.15567907079030846,-0.13510755858548365,0.06361404492449045,-0.08464779123868185,1.501475484148305
2026-01-01,Metal,0.0,0.2481964487478302,0.15869209937405132,0.18579000562423073,0.06240644312359947,0.23504217117014156,1.4716196024047945
2026-01-01,Pharma,0.0,0.0009040136031979025,0.07244837666785167,0.029250244977571234,-0.02834623137437333,-0.012250263974490746,0.983134343028794
2026-01-01,Realty,0.0,-0.16419941723920065,-0.0015147017139701309,-0.0424894933327539,-0.12170992390644675,-0.17735369481688928,1.7400805217040278
2026-01-01,Banking,0.21768242400783677,0.028837188494860538,0.10493689944321703,0.07756373155344251,-0.04872654305858197,0.01568291091717189,0.9949850623136581
2026-01-01,NIFTY50,0.06487344669803274,0.013154277577688648,0.07068203655804665,0.047321068693850776,-0.03416679111616213,0.0,0.8435028063871604
2026-01-02,Auto,2.17828841047385,0.15106221316856352,0.11446371061887987,0.14632340886869685,0.004738804299866672,0.1325538569841519,1.3016454034203468
2026-01-02,Energy,2.6892641523078797,0.007847815791212817,0.040267902964011094,0.05828532578222616,-0.05043750999101334,-0.010660540393198822,1.154938569901908
2026-01-02,FMCG,-4.320540135642281,-0.1400968841780618,-0.04896703658237577,-0.05158914939819632,-0.08850773477986548,-0.15860524036247342,0.8783298354882301
2026-01-02,Infra,1.553608143357743,0.02720103199702506,0.11071787369620928,0.07952477139597718,-0.052323739398952115,0.008692675812613421,1.0007594964175097
2026-01-02,IT,0.3898216765125806,0.11630439628505701,0.16959508969374318,0.09302849309104189,0.023275903194015124,0.09779604010064537,1.4692793984869545
2026-01-02,Media,1.2597822286506188,0.02179688732823227,-0.12703258219150507,-0.13165544710266086,0.15345233443089312,0.00328853114382063,1.501475484148305
2026-01-02,Metal,2.276210392146538,0.3234604127201776,0.20134963850109233,0.22491506270543343,0.09854535001474418,0.30495205653576596,1.4716196024047945
2026-01-02,Pharma,0.2959471688921189,0.01665009754595898,0.07007658774957921,0.028164744725318845,-0.011514647179359867,-0.0018582586384526603,0.983134343028794
2026-01-02,Realty,2.374847690191828,-0.08052869199803231,0.019927490381382123,-0.006775974728109056,-0.07375271726992325,-0.09903704818244395,1.7400805217040278
2026-01-02,Banking,0.7358684069514565,0.04595550737583073,0.11320587766474581,0.09781760671413983,-0.051862099338309105,0.02744715119141909,0.9949850623136581
2026-01-02,NIFTY50,0.6960765170238581,0.01850835618441164,0.08024627952099461,0.06451912117200334,-0.0460107649875917,0.0,0.8435028063871604
2026-01-05,Auto,0.3141962868340231,0.16348920930938354,0.14514258465711602,0.14569318141070245,0.017796027898681094,0.13910690625061747,1.3016454034203468
2026-01-05,Energy,-0.6218983421859114,0.022104755776443108,0.04795809458259285,0.05180198127814574,-0.02969722550170263,-0.002277547282322951,1.154938569901908
2026-01-05,FMCG,0.6825715274599409,-0.12203538002265073,-0.029245828625624002,-0.042892647697128576,-0.07914273232552216,-0.14641768308141678,0.8783298354882301
2026-01-05,Infra,-0.4003748752015923,0.024464865475661474,0.11460112708089888,0.07456974628220678,-0.05010488080654531,8.256241689541532e-05,1.0007594964175097
2026-01-05,IT,-1.433058542219734,0.08274880417606932,0.12060710845713309,0.05079417586922294,0.03195462830684638,0.058366501117303266,1.4692793984869545
2026-01-05,Media,0.6220504090552748,0.06852458935267171,-0.08808188960679195,-0.10613515747264633,0.17465974682531804,0.04414228629390565,1.501475484148305
2026-01-05,Metal,0.6036692626026685,0.42173242053438614,0.2147092205359439,0.22435768578191972,0.19737473475246642,0.3973501174756201,1.4716196024047945
2026-01-05,Pharma,-0.20841651354651658,0.02536515023785859,0.07939908300594783,0.020968361862772678,0.004396788375085912,0.000982847179092531,0.983134343028794
2026-01-05,Realty,2.0694300037505275,0.050582103079150155,0.0848841180088944,0.00791170419437327,0.04267039888477689,0.026199800020384096,1.7400805217040278
2026-01-05,Banking,-0.17747018357396893,0.06699959918179028,0.1168004390845619,0.09604915622865351,-0.029049557046863225,0.04261729612302423,0.9949850623136581
2026-01-05,NIFTY50,-0.2972058760474017,0.02438230305876606,0.07941833588718751,0.056854147714914996,-0.03247184465614894,0.0,0.8435028063871604
2026-01-06,Auto,0.09759490543508331,0.1783204241219849,0.14270972933328574,0.1512834622359475,0.02703696188603741,0.1491371577437798,1.3016454034203468
2026-01-06,Energy,-0.5572872697713116,0.0430002450969987,0.031145625334451272,0.06295258993729279,-0.019952344840294088,0.013816978718793619,1.154938569901908
2026-01-06,FMCG,0.22613242002256229,-0.09248443462249512,-0.03213879463808836,-0.05046420880542771,-0.04202022581706741,-0.12166770100070019,0.8783298354882301
2026-01-06,Infra,-1.1828407173027577,0.009929719676147567,0.0837045699217063,0.07861746080624929,-0.06868774113010172,-0.019253546702057513,1.0007594964175097
2026-01-06,IT,0.546051704891326,0.08716026046285369,0.11096330681690156,0.06350424860866467,0.023656011854189016,0.05797699408464861,1.4692793984869545
2026-01-06,Media,-1.0461973107379396,0.051423471941721005,-0.10723246724198866,-0.10942413695441293,0.16084760889613392,0.022240205563515924,1.501475484148305
2026-01-06,Metal,0.28936192924042814,0.47234365565015,0.18341667389058072,0.2460231670322439,0.22632048861790613,0.44316038927194495,1.4716196024047945
2026-01-06,Pharma,1.6859801619992565,0.09462859877196526,0.08992792855078127,0.058224337555226297,0.03640426121673897,0.06544533239376019,0.983134343028794
2026-01-06,Realty,-0.33246661728323357,0.1079626920119281,0.06696771296278474,0.029071989853225587,0.0788907021587025,0.07877942563372302,1.7400805217040278
2026-01-06,Banking,0.12357433310032917,0.0729504021046042,0.11368905418178403,0.1113032404801379,-0.0383528383755337,0.04376713572639912,0.9949850623136581
2026-01-06,NIFTY50,-0.27276473171363724,0.02918326637820508,0.0658455610720654,0.06520251722035779,-0.03601925084215271,0.0,0.8435028063871604
2026-01-07,Auto,-0.7950571853797883,0.1595316995641246,0.1210461924777471,0.14845261603829127,0.011079083525833339,0.1255887426405837,1.3016454034203468
2026-01-07,Energy,-0.23891345048075996,0.042328278241903584,0.020079779288662003,0.0692343340709863,-0.02690605582908271,0.00838532131836267,1.154938569901908
2026-01-07,FMCG,-0.12723293026860594,-0.091523636246205,-0.042149798483965634,-0.04052591911168715,-0.05099771713451785,-0.12546659316974593,0.8783298354882301
2026-01-07,Infra,-0.5035521248231367,-0.0069422535685999725,0.06980355132651958,0.08104349120574733,-0.0879857447743473,-0.04088521049214089,1.0007594964175097
2026-01-07,IT,1.8732255842136336,0.16859521577850495,0.1430935488058316,0.1020151448756358,0.06658007090286915,0.13465225885496404,1.4692793984869545
2026-01-07,Media,0.06522540560975898,0.0803990184777674,-0.11058600742644362,-0.10339868430184479,0.1837977027796122,0.046456061554226484,1.501475484148305
2026-01-07,Metal,-0.0004321804256690598,0.4538623061861014,0.1986419546194677,0.25434564369414975,0.19951666249195166,0.41991934926256047,1.4716196024047945
2026-01-07,Pharma,0.6892438586204364,0.10300590269053721,0.07998569607809221,0.0750610368193177,0.027944865871219512,0.06906294576699629,0.983134343028794
2026-01-07,Realty,-0.49761993924186676,0.037448357374525086,0.030798627586811067,0.04022289259226937,-0.0027745352177442825,0.0035054004509841724,1.7400805217040278
2026-01-07,Banking,-0.2121594691724904,0.06673112602905411,0.09776402659218178,0.12180363078623889,-0.05507250475718478,0.032788169105513194,0.9949850623136581
2026-01-07,NIFTY50,-0.1449622016468255,0.033942956923540914,0.056576107431819955,0.07308563731753037,-0.03914268039398946,0.0,0.8435028063871604
2026-01-08,Auto,-0.9669848743838583,0.0886190230743082,0.10636738978831087,0.14753180831297472,-0.05891278523866651,0.12959989178014222,1.3016454034203468
2026-01-08,Energy,-2.8908008514267336,-0.11197075136444375,-0.023111189170869257,0.03857247263126874,-0.1505432239957125,-0.07098988265860973,1.154938569901908
2026-01-08,FMCG,-0.9041278366586414,-0.14530549922581257,-0.042282282693929335,-0.061138914084921545,-0.08416658514089102,-0.10432463051997853,0.8783298354882301
2026-01-08,Infra,-1.8806527340675783,-0.10741493191332552,0.039965743250564935,0.06409040915467924,-0.17150534106800475,-0.06643406320749148,1.0007594964175097
2026-01-08,IT,-1.9863629383220505,0.053713698848695986,0.12301087422388891,0.08957348578645669,-0.0358597869377607,0.09469456755453001,1.4692793984869545
2026-01-08,Media,-1.3824584912376259,-0.019720145279326782,-0.1353879099720778,-0.12266745198699017,0.10294730670766339,0.021260723426507245,1.501475484148305
2026-01-08,Metal,-3.4015966678236698,0.2718793162041008,0.14911127412566746,0.22326953300195676,0.048609783202144013,0.3128601849099348,1.4716196024047945
2026-01-08,Pharma,-1.3900873637876399,0.016624063750567672,0.05780402897411625,0.05983464216881907,-0.0432105784182514,0.0576049324564017,0.983134343028794
2026-01-08,Realty,-1.7091655310625509,-0.056875343773370814,0.0020337878888698757,0.036025995127205494,-0.09290133890057631,-0.015894475067536787,1.7400805217040278
2026-01-08,Banking,-0.5073299587736613,0.009712092671509964,0.08885954690635393,0.11956689651403174,-0.10985480384252178,0.05069296137734399,0.9949850623136581
2026-01-08,NIFTY50,-1.0095364158449915,-0.04098086870583403,0.04357353115558108,0.06522675468961878,-0.10620762339545281,0.0,0.8435028063871604
2026-01-09,Auto,-1.151854348235215,0.06138658022821655,0.09076554764187561,0.10361133829480045,-0.04222475806658389,0.1286033006796598,1.3016454034203468
2026-01-09,Energy,-0.9224039708507381,-0.12337898053027652,-0.028079692721831306,0.011258104879727292,-0.1346370854100038,-0.05616226007883325,1.154938569901908
2026-01-09,FMCG,-1.07903866874548,-0.1829538244558826,-0.0523082661341497,-0.0737882206810403,-0.1091656037748423,-0.11573710400443933,0.8783298354882301
2026-01-09,Infra,-0.8531047868825192,-0.1302665580636908,0.03301384783891007,0.045357480449663576,-0.1756240385133544,-0.06304983761224754,1.0007594964175097
2026-01-09,IT,0.28190292613095025,0.055821994347964664,0.13317895114315637,0.07503855076975965,-0.01921655642179499,0.12303871479940792,1.4692793984869545
2026-01-09,Media,-0.8417959774885797,-0.07574843294453122,-0.13225387257024285,-0.12847095815121223,0.05272252520668101,-0.008531712493087956,1.501475484148305
2026-01-09,Metal,-0.3341735116106692,0.26299367578801436,0.15995976979385357,0.20129042309340034,0.06170325269461402,0.33021039623945764,1.4716196024047945
2026-01-09,Pharma,-0.8777368993978518,-0.012728659927677332,0.0556233929974248,0.05136623472254051,-0.06409489465021784,0.05448806052376593,0.983134343028794
2026-01-09,Realty,-2.264467430807937,-0.10840313170415523,-0.020003328520278862,-0.0006828930556876598,-0.10772023864846757,-0.04118641125271197,1.7400805217040278
2026-01-09,Banking,-0.7287229419550512,-0.026295837175694576,0.08049785199444678,0.10428836009078364,-0.1305841972664782,0.04092088327574869,0.9949850623136581
2026-01-09,NIFTY50,-0.7479613285493514,-0.06721672045144327,0.036514974233865884,0.04790043973395331,-0.11511716018539658,0.0,0.8435028063871604
2026-01-12,Auto,-0.2702269131430568,0.031735705840146504,0.08200136776775686,0.10385861270969138,-0.07212290686954487,0.08346961188456647,1.3016454034203468
2026-01-12,Energy,0.1867227712892383,-0.09777848574182513,-0.03703712093165464,0.0024283872734900697,-0.1002068730153152,-0.046044579697405164,1.154938569901908
2026-01-12,FMCG,0.5861220726859351,-0.17094293824963933,-0.058985245792423,-0.07976450570748313,-0.0911784325421562,-0.11920903220521936,0.8783298354882301
2026-01-12,Infra,0.3170917912925564,-0.11002265645660352,0.021403130284695832,0.046837803742939305,-0.1568604601995428,-0.05828875041218355,1.0007594964175097
2026-01-12,IT,-0.10242463171149518,0.0560397769267673,0.12262384485157635,0.0739859917550688,-0.0179462148283015,0.10777368297118727,1.4692793984869545
2026-01-12,Media,-1.5540604543074377,-0.14592703827510356,-0.1495374405987578,-0.15662917014592967,0.01070213187082611,-0.0941931322306836,1.501475484148305
2026-01-12,Metal,1.9914752785277878,0.32311433498913306,0.17647905351200108,0.2139788841193318,0.10913545086980125,0.374848241033553,1.4716196024047945
2026-01-12,Pharma,-0.40662001340011633,-0.04600896943994164,0.04748134471589041,0.04985320864923462,-0.09586217808917627,0.0057249366044783215,0.983134343028794
2026-01-12,Realty,-1.224257689591679,-0.1427653370319256,-0.09115723324442143,-0.022305302015080953,-0.12046003501684464,-0.09103143098750563,1.7400805217040278
2026-01-12,Banking,0.3357704838553577,-0.015962718451239716,0.07714215975124432,0.11504452869153889,-0.13100724714277862,0.03577118759318025,0.9949850623136581
2026-01-12,NIFTY50,0.41641539637333747,-0.051733906044419964,0.031653862719218294,0.05457808754009006,-0.10631199358451002,0.0,0.8435028063871604
2026-01-13,Auto,-0.34503517497121994,-0.005976512446124893,0.055027968908782,0.09175179545033403,-0.09772830789645892,0.049787132300470265,1.3016454034203468
2026-01-13,Energy,-0.16491356768192356,-0.10242692075645617,-0.046729124912150054,-0.0037884961698197946,-0.09863842458663637,-0.04666327600986101,1.154938569901908
2026-01-13,FMCG,-0.31917710989562975,-0.17586826760620658,-0.09794947547234664,-0.08649125373182508,-0.0893770138743815,-0.12010462285961143,0.8783298354882301
2026-01-13,Infra,-1.1384579357057945,-0.1399778044509666,-0.011705259765299644,0.031461146644929196,-0.1714389510958958,-0.08421415970437146,1.0007594964175097
2026-01-13,IT,0.653758892552303,0.06497712415766908,0.12743491935795162,0.08942521670200117,-0.024448092544332084,0.12074076890426425,1.4692793984869545
2026-01-13,Media,0.7625664387771458,-0.11267581423464619,-0.14164631100425576,-0.14771109116470554,0.03503527693005935,-0.056912169488051036,1.501475484148305
2026-01-13,Metal,0.34863084914831255,0.31525607329860617,0.17099414129271057,0.18327361958439292,0.13198245371421324,0.37101971804520134,1.4716196024047945
2026-01-13,Pharma,-0.4682651048409592,-0.04559477014579632,0.03620880494867787,0.032390648198080185,-0.07798541834387651,0.010168874600798836,0.983134343028794
2026-01-13,Realty,-0.6197122276828448,-0.1292826421468559,-0.13316584268119142,-0.03357951544669717,-0.09570312670015872,-0.07351899740026074,1.7400805217040278
2026-01-13,Banking,0.21581110545747517,-0.004788851295806455,0.062468663589287744,0.1090243405567574,-0.11381319185256386,0.0509747934507887,0.9949850623136581
2026-01-13,NIFTY50,-0.2246942885392733,-0.055763644746595155,0.010681910891097343,0.04595846750407917,-0.10172211225067432,0.0,0.8435028063871604
2026-01-14,Auto,-0.6922776658661811,-0.027444889898335535,0.032408188911494294,0.0746020536567757,-0.10204694355511124,0.018678771725333786,1.3016454034203468
2026-01-14,Energy,0.5972414145340776,-0.07502935497451069,-0.033340084228126364,0.013818607552205226,-0.08884796252671591,-0.028905693350841366,1.154938569901908
2026-01-14,FMCG,-0.6057764817325784,-0.1894812497711714,-0.13079856364885695,-0.09585221017418506,-0.09362903959698633,-0.14335758814750207,0.8783298354882301
2026-01-14,Infra,0.3446554276588243,-0.11367569669308963,-0.0119074378794215,0.041213855587148976,-0.1548895522802386,-0.06755203506942031,1.0007594964175097
2026-01-14,IT,-1.0824768071332147,0.029649118433130065,0.1366163805568388,0.08779149918414826,-0.0581423807510182,0.07577278005679938,1.4692793984869545
2026-01-14,Media,0.11316445263398478,-0.09547743193086929,-0.11374052619768221,-0.13895248280849806,0.043475050877628776,-0.049353770307199965,1.501475484148305
2026-01-14,Metal,2.6965636012203698,0.4171669826452914,0.23018592957092596,0.22013088274634798,0.1970360998989434,0.4632906442689607,1.4716196024047945
2026-01-14,Pharma,-0.25219232372031275,-0.05651344186207794,0.02065348865451769,0.03182490190926621,-0.08833834377134414,-0.01038978023840862,0.983134343028794
2026-01-14,Realty,-0.9208024129214842,-0.1530773104488259,-0.15020996990959878,-0.0351930019511854,-0.11788430849764048,-0.10695364882515657,1.7400805217040278
2026-01-14,Banking,0.002261972769379561,0.018049145636536885,0.054065986277294274,0.10888715734534858,-0.0908380117088117,0.0641728072602062,0.9949850623136581
2026-01-14,NIFTY50,-0.259211846006413,-0.04612366162366932,-0.0017515927716939734,0.04221291630089145,-0.08833657792456076,0.0,0.8435028063871604
2026-01-16,Auto,-0.4530708128959948,-0.0025537766838075624,0.027498250579730543,0.05564423517003085,-0.05819801185383841,0.03392031283852314,1.3016454034203468
2026-01-16,Energy,-0.7968818823155588,-0.06827713328448597,-0.054543786190622834,0.004536599291409512,-0.07281373257589548,-0.031803043762155266,1.154938569901908
2026-01-16,FMCG,-0.22225687225514434,-0.17030016997988565,-0.13393616568914318,-0.08252310047238105,-0.0877770695075046,-0.13382608045755495,0.8783298354882301
2026-01-16,Infra,-0.06425787533423932,-0.08854374086787427,-0.03496614822635524,0.038287017594209605,-0.12683075846208386,-0.05206965134554357,1.0007594964175097
2026-01-16,IT,3.34177423837434,0.11582488697783813,0.17600858812058753,0.14095992705676852,-0.025135040078930387,0.15229897650016883,1.4692793984869545
2026-01-16,Media,-0.3461727728128583,-0.11535619660641867,-0.13404240571481427,-0.14931650414920455,0.03396030754278588,-0.07888210708408797,1.501475484148305
2026-01-16,Metal,-0.5260996439743315,0.41599653970473205,0.22263503791942268,0.20674022031368505,0.209256319391047,0.45247062922706277,1.4716196024047945
2026-01-16,Pharma,-1.2812462980890449,-0.09963635155461875,-0.014642116107675414,0.017112231992279816,-0.11674858354689857,-0.06316226203228806,0.983134343028794
2026-01-16,Realty,0.3470398505257988,-0.11647330362808998,-0.15236887683105624,-0.01843540192536148,-0.0980379017027285,-0.07999921410575928,1.7400805217040278
2026-01-16,Banking,0.8643818679643589,0.04267513339080745,0.05923567651372974,0.1176879639910264,-0.07501283060021896,0.07914922291313815,0.9949850623136581
2026-01-16,NIFTY50,0.11201764399650926,-0.0364740895223307,-0.008525988255025744,0.04315661533783969,-0.07963070486017039,0.0,0.8435028063871604
2026-01-19,Auto,0.13117441228427396,-0.008900810835477084,0.026962422429216426,0.020434225186037623,-0.02933503602151471,0.047819454210251716,1.3016454034203468
2026-01-19,Energy,-0.6683410924513633,-0.07926537835926635,-0.06944125551281712,-0.002654542609328534,-0.07661083574993782,-0.02254511331353755,1.154938569901908
2026-01-19,FMCG,0.6663455314762423,-0.1638729090489947,-0.12318378152502252,-0.07273485762202116,-0.09113805142697355,-0.1071526440032659,0.8783298354882301
2026-01-19,Infra,-0.9040939333944009,-0.11577090244616987,-0.05074774472989929,0.026262551514967012,-0.1420334539611369,-0.05905063740044107,1.0007594964175097
2026-01-19,IT,-0.47112874820786077,0.052973958314093114,0.1678188627119783,0.14616400454469658,-0.09319004623060347,0.10969422335982192,1.4692793984869545
2026-01-19,Media,-1.8397130441239362,-0.12847643048760474,-0.17410945505502723,-0.17027202065258024,0.0417955901649755,-0.07175616544187594,1.501475484148305
2026-01-19,Metal,-0.06034456849635106,0.41195554341747936,0.21494088031687877,0.20191533483958374,0.21004020857789563,0.46867580846320817,1.4716196024047945
2026-01-19,Pharma,-0.3636881512562917,-0.11919482116276842,-0.026333350936357438,0.016091756984250763,-0.13528657814701917,-0.062474556117039615,0.983134343028794
2026-01-19,Realty,-1.992966002344665,-0.2007892036779483,-0.18416383748521245,-0.045737046195881696,-0.1550521574820666,-0.1440689386322195,1.7400805217040278
2026-01-19,Banking,-0.3391236735390546,0.03471571957314956,0.05433031431409663,0.11243443944428765,-0.07771871987113808,0.09143598461887836,0.9949850623136581
2026-01-19,NIFTY50,-0.4236324757381116,-0.0567202650457288,-0.017227790893832123,0.03700572314146901,-0.09372598818719781,0.0,0.8435028063871604
2026-01-20,Auto,-2.476615822062689,-0.11626297806340981,-0.013635130372195067,-0.006809958785284969,-0.10945301927812484,0.005998321079322438,1.3016454034203468
2026-01-20,Energy,-2.2182642097729244,-0.15184499846401725,-0.10524336334967448,-0.025973410204115976,-0.12587158825990127,-0.029583699321285004,1.154938569901908
2026-01-20,FMCG,-1.480186645851178,-0.2128230839415809,-0.15266140320476926,-0.09562889970831373,-0.11719418423326716,-0.09056178479884865,0.8783298354882301
2026-01-20,Infra,-1.8050443081117917,-0.1897794712949663,-0.07168481779518565,0.006955782497913349,-0.19673525379287965,-0.06751817215223406,1.0007594964175097
2026-01-20,IT,-2.060148367714154,-0.045537434922922816,0.09670761022755678,0.09265435313919027,-0.13819178806211307,0.07672386421980942,1.4692793984869545
2026-01-20,Media,-1.7477937020498713,-0.1708951968523253,-0.2084831338343938,-0.18972625231038154,0.018831055458056245,-0.048633897709593046,1.501475484148305
2026-01-20,Metal,-1.885609162884927,0.32674238295376157,0.18203195537977207,0.17909464271916717,0.1476477402345944,0.44900368209649383,1.4716196024047945
2026-01-20,Pharma,-1.9061458862725145,-0.18101998483240087,-0.05555243431448476,-0.014613238924923295,-0.16640674590747756,-0.05875868568966862,0.983134343028794
2026-01-20,Realty,-5.035882247121714,-0.3800740660282964,-0.271295527853266,-0.09839557516995302,-0.2816784908583434,-0.25781276688556415,1.7400805217040278
2026-01-20,Banking,-0.8133934717463043,-0.019861876816507824,0.03873804469362807,0.10279791940420858,-0.1226597962207164,0.10239942232622443,0.9949850623136581
2026-01-20,NIFTY50,-1.3796877137441155,-0.12226129914273225,-0.04169159885096363,0.01739482612405073,-0.13965612526678298,0.0,0.8435028063871604
2026-01-21,Auto,-0.28517635933134056,-0.08493017150666783,-0.011649407237438089,0.004268767003355991,-0.08919893851002382,0.0184838530336377,1.3016454034203468
2026-01-21,Energy,0.030128241157068025,-0.10090056177633921,-0.10510385866047726,-0.03447744910287875,-0.06642311267346046,0.002513462763966315,1.154938569901908
2026-01-21,FMCG,-0.6004292924409738,-0.1928423847512258,-0.15021099981800104,-0.10937249098288612,-0.08346989376833969,-0.08942836021092028,0.8783298354882301
2026-01-21,Infra,0.13606197761919514,-0.14558919340660817,-0.06642517637255817,0.005034549730159352,-0.15062374313676752,-0.04217516886630264,1.0007594964175097
2026-01-21,IT,-0.28542519896463947,-0.045323910419783356,0.09621421226001238,0.060241197077904866,-0.10556510749768822,0.058090114120522174,1.4692793984869545
2026-01-21,Media,-0.47045165386696564,-0.09549127760383483,-0.20958770163480075,-0.18789443434426703,0.0924031567404322,0.007922746936470701,1.501475484148305
2026-01-21,Metal,0.5670603756002368,0.40964926061794404,0.17429847023683684,0.18251315015666805,0.227136110461276,0.5130632851582496,1.4716196024047945
2026-01-21,Pharma,-0.5982250680490075,-0.1564453189943726,-0.05633739085128524,-0.024756886053489573,-0.13168843294088303,-0.05303129445406708,0.983134343028794
2026-01-21,Realty,-0.7053831022649004,-0.2860253994695797,-0.2860686863594553,-0.11875609804578566,-0.16726930142379406,-0.1826113749292742,1.7400805217040278
2026-01-21,Banking,-1.01659216931147,-0.023711833527643167,0.03265520459799831,0.08494641495387713,-0.1086582484815203,0.07970219101266236,0.9949850623136581
2026-01-21,NIFTY50,-0.29723570791637677,-0.10341402454030553,-0.04044977643963462,0.009423222446216394,-0.11283724698652192,0.0,0.8435028063871604
2026-01-22,Auto,0.8892374517374568,-0.03142736722760513,-0.0063553173487929104,0.017855102215371912,-0.04928246944297704,0.03892018825085686,1.3016454034203468
2026-01-22,Energy,1.1296033716610365,-0.08443365443224955,-0.0934394003249835,-0.031729928493551024,-0.05270372593869853,-0.014086098953787568,1.154938569901908
2026-01-22,FMCG,1.1203704829531702,-0.15431710265168064,-0.13392947402574443,-0.09895143905279728,-0.055365663598883355,-0.08396954717321865,0.8783298354882301
2026-01-22,Infra,0.7115566593644207,-0.12317863984002883,-0.0783768155937087,0.006793944673334249,-0.12997258451336308,-0.052831084361566846,1.0007594964175097
2026-01-22,IT,0.8145050770463458,0.021567929352681578,0.10317799408246085,0.07482782502329588,-0.0532598956706143,0.09191548483114356,1.4692793984869545
2026-01-22,Media,2.3892153313100017,-0.03902314484496438,-0.16549288468352477,-0.17272804606432102,0.13370490121935663,0.031324410633497606,1.501475484148305
2026-01-22,Metal,1.1779927152337777,0.4584963028318324,0.17465153857079826,0.19178799097673999,0.2667083118550924,0.5288438583102943,1.4716196024047945
2026-01-22,Pharma,1.591888600825997,-0.08603166336700221,-0.026306004777125937,-0.012189777817869975,-0.07384188554913224,-0.01568410788854023,0.983134343028794
2026-01-22,Realty,-0.7357589601399317,-0.34227259194751003,-0.32268744800464894,-0.12693119760289603,-0.215341394344614,-0.27192503646904803,1.7400805217040278
2026-01-22,Banking,0.6799298233819417,-0.00013598148954852007,0.03201014992692967,0.08977920564829255,-0.08991518713784107,0.07021157398891346,0.9949850623136581
2026-01-22,NIFTY50,0.526285960946038,-0.07034755547846198,-0.04272049625725027,0.013829275723151858,-0.08417683120161384,0.0,0.8435028063871604
2026-01-23,Auto,-1.127429699183502,-0.06402038611845515,-0.01809730760464867,0.00025119861718059494,-0.06427158473563574,0.027592148012375334,1.3016454034203468
2026-01-23,Energy,-1.9222426252703984,-0.14547469137809468,-0.119800814933785,-0.05671252445914364,-0.08876216691895104,-0.0538621572472642,1.154938569901908
2026-01-23,FMCG,-0.6086137044610584,-0.17367497176613084,-0.13465415763431704,-0.0978437904483324,-0.07583118131779844,-0.08206243763530036,0.8783298354882301
2026-01-23,Infra,-1.6917015449856687,-0.17066202870442287,-0.10907236670482175,-0.015848665709734287,-0.1548133629946886,-0.0790494945735924,1.0007594964175097
2026-01-23,IT,-0.16513605775193563,0.04584726942790106,0.11282123373959584,0.06968311654425229,-0.023835847116351228,0.13745980355873155,1.4692793984869545
2026-01-23,Media,-2.510183385916276,-0.13870958881313025,-0.20982461097328894,-0.1962495585725252,0.05753996975939496,-0.04709705468229977,1.501475484148305
2026-01-23,Metal,-0.828606141567767,0.4155983329426705,0.14029305391187574,0.17229614594817572,0.2433021869944948,0.5072108670735009,1.4716196024047945
2026-01-23,Pharma,-0.9382980663991236,-0.12302844032067459,-0.03749944317713028,-0.028474804067097167,-0.09455363625357742,-0.031415906189844106,0.983134343028794
2026-01-23,Realty,-3.3418561551517567,-0.44159689038314576,-0.36083926841710307,-0.164754375923527,-0.2768425144596187,-0.3499843562523153,1.7400805217040278
2026-01-23,Banking,-1.228038433738965,-0.026326549818041684,0.008679185835243816,0.07329507157888815,-0.09962162139692983,0.0652859843127888,0.9949850623136581
2026-01-23,NIFTY50,-0.9539381186706164,-0.09161253413083048,-0.05670340132375218,-0.001591198273199263,-0.09002133585763122,0.0,0.8435028063871604
2026-01-27,Auto,-0.9347322523504564,-0.1320652338248044,-0.021431774328605768,-0.005750924387332907,-0.1263143094374715,-0.039131250850517385,1.3016454034203468
2026-01-27,Energy,0.588552211599791,-0.13708754137743379,-0.14223299294618535,-0.05617374215336195,-0.08091379922407184,-0.044153558403146775,1.154938569901908
2026-01-27,FMCG,-0.6045071314965011,-0.20077541909263216,-0.1597384942178313,-0.10444665203683232,-0.09632876705579985,-0.10784143611834515,0.8783298354882301
2026-01-27,Infra,0.6469827220734636,-0.16135793224443878,-0.11860423575995742,-0.011549740474514378,-0.1498081917699244,-0.06842394927015177,1.0007594964175097
2026-01-27,IT,0.8567322528341803,0.0473165056008858,0.11642430183080421,0.08561937508346291,-0.038302869482577113,0.1402504885751728,1.4692793984869545
2026-01-27,Media,-1.4427878580528852,-0.183851202410955,-0.26100883256579127,-0.20724258102238508,0.023391378611430064,-0.090917219436668,1.501475484148305
2026-01-27,Metal,3.0654880893967507,0.4823940561525716,0.16286804110585937,0.20552517516898772,0.27686888098358386,0.5753280391268586,1.4716196024047945
2026-01-27,Pharma,0.3047530469909798,-0.1456617404193872,-0.04588775774984659,-0.018001602950006305,-0.1276601374693809,-0.05272775744510019,0.983134343028794
2026-01-27,Realty,0.40325893125892076,-0.45315396415426884,-0.36452837968445134,-0.18703543490289362,-0.26611852925137525,-0.36021998117998183,1.7400805217040278
2026-01-27,Banking,1.2524522159427676,0.0013189944635438877,0.024653418668150184,0.08561880155947302,-0.08429980709592913,0.0942529774378309,0.9949850623136581
2026-01-27,NIFTY50,0.5060152863462841,-0.09293398297428701,-0.055833320042444345,0.006013301220797216,-0.09894728419508422,0.0,0.8435028063871604
2026-01-28,Auto,0.691419783742564,-0.1282808422016971,-0.0025268818749851762,-0.01408495073701284,-0.11419589146468427,-0.03840471412248596,1.3016454034203468
2026-01-28,Energy,4.182090556015616,-0.02529950562126236,-0.07457893269677476,-0.019577671514582087,-0.005721834106680274,0.06457662245794879,1.154938569901908
2026-01-28,FMCG,-0.7094499608079841,-0.2165604235481426,-0.16355977894564816,-0.10932914496151314,-0.10723127858662945,-0.12668429546893145,0.8783298354882301
2026-01-28,Infra,1.1125603584838162,-0.16357232467604194,-0.09088471104902499,-0.010552468186818419,-0.1530198564892235,-0.07369619659683078,1.0007594964175097
2026-01-28,IT,0.4129273987984572,0.04552834652626457,0.13178996666226964,0.0806150638365746,-0.03508671731031003,0.13540447460547572,1.4692793984869545
2026-01-28,Media,2.1282965764596096,-0.1112536090910809,-0.22068694172145592,-0.19320014700943133,0.08194653791835044,-0.021377481011869745,1.501475484148305
2026-01-28,Metal,2.339881531130139,0.4728590091432761,0.20933530109272255,0.22226176925919106,0.25059723988408505,0.5627351372224872,1.4716196024047945
2026-01-28,Pharma,-0.22305217267678534,-0.15679101497343975,-0.039760155778865165,-0.023776027552125198,-0.13301498742131457,-0.0669148868942286,0.983134343028794
2026-01-28,Realty,1.5670217271968045,-0.4518817915990199,-0.33911277894283626,-0.18152462147611076,-0.27035717012290916,-0.3620056635198088,1.7400805217040278
2026-01-28,Banking,0.6643840519588995,0.013326182968576758,0.04583601550543159,0.08774265004238391,-0.07441646707380715,0.1032023110477879,0.9949850623136581
2026-01-28,NIFTY50,0.6647346488174222,-0.08987612807921115,-0.03349244981580383,0.005868956884214565,-0.09574508496342572,0.0,0.8435028063871604
2026-01-29,Auto,-0.6814344646185688,-0.12071228081710496,-0.012660275160917464,-0.02772436612787959,-0.09298791468922538,-0.0433667078368882,1.3016454034203468
2026-01-29,Energy,1.8732639035528464,0.03825594019135738,-0.038015557262118804,-0.0027436028401113944,0.04099954303146877,0.11560151317157413,1.154938569901908
2026-01-29,FMCG,-0.9052598110291132,-0.26983430733185954,-0.1746540803180983,-0.11785783359662838,-0.15197647373523115,-0.19248873435164277,0.8783298354882301
2026-01-29,Infra,0.8465709715150593,-0.13458546041937267,-0.06940336526047179,-0.005208176005015996,-0.12937728441435667,-0.05723988743915591,1.0007594964175097
2026-01-29,IT,-0.7593237230536731,0.010502640898795882,0.12814164167236927,0.06496753928050776,-0.05446489838171188,0.08784821387901263,1.4692793984869545
2026-01-29,Media,-0.02205592639961118,-0.1718061613592547,-0.19903119547500162,-0.1967560362425338,0.0249498748832791,-0.09446058837903794,1.501475484148305
2026-01-29,Metal,3.0694349159333223,0.5698901977621262,0.27867498680353414,0.26197034667953295,0.3079198510825933,0.647235770742343,1.4716196024047945
2026-01-29,Pharma,-0.8088814436838065,-0.17070332484669273,-0.04406298213914436,-0.03160574601632142,-0.13909757883037133,-0.09335775186647598,0.983134343028794
2026-01-29,Realty,0.6741880318072768,-0.42790503758852666,-0.3220046173248289,-0.17858563632880403,-0.24931940125972263,-0.3505594646083099,1.7400805217040278
2026-01-29,Banking,0.602446318622829,0.029374970345440083,0.06319326643775158,0.0874713675015008,-0.058096397156060714,0.10672054332565684,0.9949850623136581
2026-01-29,NIFTY50,0.30048195489833507,-0.07734557298021676,-0.018453315838502887,0.005194894683678964,-0.08254046766389572,0.0,0.8435028063871604
2026-01-30,Auto,0.7341226864680417,-0.09310983846281481,-0.0024111802251930436,-0.020979983800262607,-0.0721298546625522,-0.02429371468316341,1.3016454034203468
2026-01-30,Energy,-0.5579378123199752,0.04429519292975194,-0.05508823048970767,-0.005008381484970201,0.04930357441472214,0.11311131670940335,1.154938569901908
2026-01-30,FMCG,1.368264925370255,-0.22392480439982615,-0.15022473920934717,-0.10662719086976347,-0.11729761353006268,-0.15510868062017474,0.8783298354882301
2026-01-30,Infra,-0.08132823538516964,-0.12317703905775838,-0.07540184147845445,-0.006804441856502382,-0.116372597201256,-0.05436091527810698,1.0007594964175097
2026-01-30,IT,-1.0282044472009866,0.0043468970478207115,0.11377005063582729,0.044302829704158726,-0.03995593265633801,0.07316302082747211,1.4692793984869545
2026-01-30,Media,1.8454507783609353,-0.11133620890033331,-0.17114475048221015,-0.1729500402972014,0.06161383139686809,-0.04252008512068191,1.501475484148305
2026-01-30,Metal,-5.213154380547779,0.4241671281738232,0.18540498101433214,0.20046331764432565,0.22370381052949753,0.4929832519534746,1.4716196024047945
2026-01-30,Pharma,0.7007030670330261,-0.12858133203622357,-0.05246685205177867,-0.04045583751251254,-0.08812549452371103,-0.059765208256572167,0.983134343028794
2026-01-30,Realty,0.8370895041854398,-0.3571198328966085,-0.3451664474762909,-0.16849889322366537,-0.1886209396729431,-0.2883037091169571,1.7400805217040278
2026-01-30,Banking,-0.5794109273376313,0.03400937688014046,0.04415836914918647,0.0763452460028724,-0.04233586912273194,0.10282550065979187,0.9949850623136581
2026-01-30,NIFTY50,-0.3865234077404689,-0.0688161237796514,-0.027568171551997644,-0.0031945893374761714,-0.06562153444217524,0.0,0.8435028063871604
2026-02-02,Auto,-0.004483002157029681,-0.08685101832113644,0.011903972185211739,-0.016565777325685795,-0.07028524099545064,0.007184032775432475,1.3016454034203468
2026-02-02,Energy,-1.4933953031908365,-0.002392838060723716,-0.07235253731754081,-0.031121051660507104,0.02872821359978339,0.0916422130358452,1.154938569901908
2026-02-02,FMCG,-1.155906857789335,-0.24665515256523976,-0.15945496530452868,-0.11456986891315579,-0.13208528365208397,-0.15262010146867083,0.8783298354882301
2026-02-02,Infra,-0.3053598164149629,-0.12867566812947837,-0.07330703187336235,-0.01110018172108651,-0.11757548640839185,-0.03464061703290945,1.0007594964175097
2026-02-02,IT,0.09990496293923457,-0.0019168756708443238,0.13313115252232388,0.05061315181512168,-0.052530027485966004,0.09211817542572459,1.4692793984869545
2026-02-02,Media,-1.7217713273639967,-0.11172587640364139,-0.19070190490877748,-0.18648307387365978,0.0747571974700184,-0.017690825307072472,1.501475484148305
2026-02-02,Metal,-2.2489865136275156,0.34098228233950556,0.17197658151610934,0.17159607254473716,0.1693862097947684,0.43501733343607446,1.4716196024047945
2026-02-02,Pharma,-0.762367343935777,-0.15704050313010848,-0.05714134468503848,-0.0544515388504437,-0.10258896427966477,-0.06300545203353956,0.983134343028794
2026-02-02,Realty,-0.6385696040868472,-0.35039757711233577,-0.3428186022486636,-0.18170342290178912,-0.16869415421054665,-0.25636252601576687,1.7400805217040278
2026-02-02,Banking,-1.6632138018482623,-0.015341345996527181,0.024309383903427517,0.06322047575843401,-0.0785618217549612,0.07869370510004173,0.9949850623136581
2026-02-02,NIFTY50,-0.917235522852089,-0.09403505109656891,-0.032136118966598626,-0.009166532325678926,-0.08486851877089,0.0,0.8435028063871604
2026-02-03,Auto,2.808128032687951,0.027045983185594806,0.05767584254341688,0.017299171949894932,0.009746811235699874,0.03577394143953752,1.3016454034203468
2026-02-03,Energy,3.0169038387857894,0.12433861113648378,-0.0019073643104028297,-0.005274421363268273,0.12961303249975206,0.1330665693904265,1.154938569901908
2026-02-03,FMCG,0.3623817174360999,-0.23109922509075215,-0.15031423853429332,-0.10528529776909286,-0.1258139273216593,-0.22237126683680944,0.8783298354882301
2026-02-03,Infra,3.0338852017752993,-0.016190101621107456,-0.011810188034841832,0.02604370042613861,-0.04223380204724607,-0.007462143367164739,1.0007594964175097
2026-02-03,IT,1.4119857818553516,0.004866721824701144,0.15368519931431643,0.09905059609937693,-0.09418387427467578,0.01359468007864386,1.4692793984869545
2026-02-03,Media,1.4948379146353385,-0.019730536212471072,-0.12342926512328432,-0.1752597472191211,0.15552921100665004,-0.011002577958528355,1.501475484148305
2026-02-03,Metal,2.8685634385325676,0.4283393453987861,0.25425725259196175,0.19910912758908006,0.22923021780970604,0.43706730365272883,1.4716196024047945
2026-02-03,Pharma,3.019548877632139,-0.048347359275863214,-0.0005547654516833589,-0.005186892633813524,-0.04316046664204969,-0.0396194010219205,0.983134343028794
2026-02-03,Realty,4.794342903980553,-0.20192252039001435,-0.2377680871817454,-0.126086784599086,-0.07583573579092834,-0.19319456213607164,1.7400805217040278
2026-02-03,Banking,2.4263477392142407,0.06632311052038727,0.07261106099900012,0.0936679979756389,-0.02734488745525164,0.07505106877432999,0.9949850623136581
2026-02-03,NIFTY50,2.547593233021894,-0.008727958253942717,0.0160502815913612,0.024610765506414153,-0.03333872376035687,0.0,0.8435028063871604
2026-02-04,Auto,1.1821674677706007,0.025538158424305322,0.06779852981336358,0.023574456691955757,0.0019637017323495647,0.04746677403737283,1.3016454034203468
2026-02-04,Energy,1.9990177834222411,0.15885257072269401,0.03369754076358978,0.022075258214854235,0.13677731250783978,0.1807811863357615,1.154938569901908
2026-02-04,FMCG,0.22851647583645995,-0.23783689068772043,-0.13829219922849706,-0.08835908659156042,-0.14947780409616002,-0.21590827507465293,0.8783298354882301
2026-02-04,Infra,1.5672093687517874,0.002939494753551042,0.031031470877800893,0.04549025486427685,-0.04255076011072581,0.02486811036661855,1.0007594964175097
2026-02-04,IT,-5.86894290598069,-0.19579059038627816,0.06624337846488322,0.04169757868683861,-0.23748816907311676,-0.17386197477321066,1.4692793984869545
2026-02-04,Media,0.9155406282915113,0.007916221250229328,-0.10376261401120374,-0.15774703541864216,0.1656632566688715,0.029844836863296836,1.501475484148305
2026-02-04,Metal,1.2700518128588634,0.46910563824417056,0.25193700192311375,0.20214746016993124,0.2669581780742393,0.4910342538572381,1.4716196024047945
2026-02-04,Pharma,-0.33535306471773607,-0.08814148585333176,-9.5443785237966e-05,-0.0056019040511770275,-0.08253958180215473,-0.06621287024026425,0.983134343028794
2026-02-04,Realty,1.1222892862824407,-0.22023777453339388,-0.2187112142312179,-0.10373016413068904,-0.11650761040270484,-0.19830915892032638,1.7400805217040278
2026-02-04,Banking,0.3278537501497203,0.06840530118800185,0.06873480470589555,0.09278877472461972,-0.024383473536617864,0.09033391680106936,0.9949850623136581
2026-02-04,NIFTY50,0.18831648283172964,-0.02192861561306751,0.020325610051630805,0.02815143131271563,-0.050080046925783134,0.0,0.8435028063871604
2026-02-05,Auto,-0.5782500462390816,-0.021222195812342606,0.053163507564419156,0.029933219918964894,-0.051155415731307496,0.04437607500831296,1.3016454034203468
2026-02-05,Energy,-0.38492891595898193,0.12407960600526514,0.021167702968043496,0.027707219792257633,0.0963723862130075,0.18967787682592072,1.154938569901908
2026-02-05,FMCG,-0.3752773809348464,-0.2674624769196206,-0.14145774122242918,-0.09448645918801814,-0.17297601773160248,-0.20186420609896505,0.8783298354882301
2026-02-05,Infra,-0.4926964770243569,-0.03918866743778874,0.01793164428284329,0.04526784984400585,-0.0844565172817946,0.026409603382866832,1.0007594964175097
2026-02-05,IT,-0.5567314519039579,-0.28295909826081805,0.02988404583074756,0.0435434238839035,-0.32650252214472153,-0.2173608274401625,1.4692793984869545
2026-02-05,Media,-0.09681755725424734,-0.014554496466404936,-0.08803435904713994,-0.14985303330017116,0.13529853683376622,0.051043774354250636,1.501475484148305
2026-02-05,Metal,-1.021647713120366,0.38819237072736534,0.22568648080686188,0.19835934457460086,0.18983302615276448,0.4537906415480209,1.4716196024047945
2026-02-05,Pharma,-0.026667467014351853,-0.11491182048170051,-0.016330813885190688,1.4006941606531992e-06,-0.11491322117586117,-0.04931354966104494,0.983134343028794
2026-02-05,Realty,-0.5761416616738679,-0.24038422255861208,-0.22435119159125624,-0.08245584341730222,-0.15792837914130986,-0.17478595173795652,1.7400805217040278
2026-02-05,Banking,-0.28968353863175755,0.045499142921823964,0.062157340118277525,0.09734147626532721,-0.05184233334350325,0.11109741374247953,0.9949850623136581
2026-02-05,NIFTY50,-0.516756745616076,-0.06559827082065557,0.006348709479485626,0.02738041525876854,-0.09297868607942411,0.0,0.8435028063871604
2026-02-06,Auto,-0.5239538713875169,-0.03949420157749643,0.02653555923614548,0.03435963845831446,-0.07385384003581089,0.02009269340036908,1.3016454034203468
2026-02-06,Energy,0.6109453723300406,0.12647648983797669,0.02447172057469287,0.042354689566916785,0.0841218002710599,0.1860633848158422,1.154938569901908
2026-02-06,FMCG,2.2690009056538507,-0.20914272544493664,-0.10932171485682354,-0.06383907221729755,-0.1453036532276391,-0.14955583046707113,0.8783298354882301
2026-02-06,Infra,0.4062090396978135,-0.020387454293899765,0.011725741714287974,0.0582950574107192,-0.07868251170461896,0.03919944068396575,1.0007594964175097
2026-02-06,IT,-1.4726103828240134,-0.3055147781905477,-0.01467764755798165,0.04134212236547961,-0.3468569005560273,-0.24592788321268216,1.4692793984869545
2026-02-06,Media,-0.16152189519024196,-0.04643986046360178,-0.089482763721276,-0.14426801384641585,0.09782815338281407,0.01314703451426373,1.501475484148305
2026-02-06,Metal,0.1841273944978461,0.37619335395961934,0.21689655715784445,0.1979256404507913,0.17826771350882803,0.43578024893748485,1.4716196024047945
2026-02-06,Pharma,-0.7167789115234857,-0.13112810016784218,-0.027513793593252723,0.0022061917022486673,-0.13333429187009085,-0.07154120518997667,0.983134343028794
2026-02-06,Realty,0.6282741615484477,-0.21379299056564177,-0.21114372229029213,-0.057135383730204894,-0.1566576068354369,-0.15420609558777626,1.7400805217040278
2026-02-06,Banking,0.09473674215647598,0.04890711407152026,0.05796577218033413,0.10132300584750847,-0.05241589177598821,0.10849400904938578,0.9949850623136581
2026-02-06,NIFTY50,0.19849016468285186,-0.05958689497786551,0.0017974669398916159,0.03694913732449209,-0.0965360323023576,0.0,0.8435028063871604
2026-02-09,Auto,0.988019171029686,-0.005795329002824505,0.022319788666162094,0.05671300607483416,-0.06250833507765867,0.02680634952510144,1.3016454034203468
2026-02-09,Energy,0.3488241878298881,0.149382392899274,0.02021024345735294,0.05964213817106594,0.08974025472820804,0.18198407142719994,1.154938569901908
2026-02-09,FMCG,0.31715894251942434,-0.18442416789083835,-0.10422029359060944,-0.05506379520985353,-0.12936037268098483,-0.1518224893629124,0.8783298354882301
2026-02-09,Infra,0.7682612376847198,0.015014265552545739,0.013093581443776406,0.07156154153328338,-0.056547275980737645,0.047615944080471685,1.0007594964175097
2026-02-09,IT,0.015718874133718863,-0.2880663279919708,-0.04849482003112711,0.06873473457327473,-0.3568010625652455,-0.25546464946404485,1.4692793984869545
2026-02-09,Media,4.368146683444185,0.08466299040625426,-0.032972933941740036,-0.08359546036750252,0.16825845077375678,0.11726466893418021,1.501475484148305
2026-02-09,Metal,1.5598882924034774,0.4233109372255706,0.24550694535111234,0.23666984322104223,0.18664109400452839,0.45591261575349656,1.4716196024047945
2026-02-09,Pharma,1.4996783678285608,-0.06398782579686921,-0.019193627906211787,0.042656022888269474,-0.10664384868513868,-0.03138614726894326,0.983134343028794
2026-02-09,Realty,2.6065345985768262,-0.13256685268387414,-0.15947960420285845,-0.017074194217139408,-0.11549265846673473,-0.09996517415594819,1.7400805217040278
2026-02-09,Banking,0.9128339213771097,0.08585262348636917,0.06926657755490563,0.123326245772212,-0.037473622285842834,0.11845430201429512,0.9949850623136581
2026-02-09,NIFTY50,0.6756581098813275,-0.03260167852792595,0.0013277537281641827,0.05499804735343074,-0.08759972588135669,0.0,0.8435028063871604
2026-02-10,Auto,1.3736239409294582,0.057420547704538666,0.05141987898892179,0.07398924692013678,-0.016568699215598115,0.06855376043254593,1.3016454034203468
2026-02-10,Energy,0.2519172515368595,0.16122748342738488,0.029003916629783418,0.054812149375018174,0.10641533405236671,0.17236069615539215,1.154938569901908
2026-02-10,FMCG,0.15975552286460193,-0.1802058328877587,-0.09298265685858137,-0.05527909923223729,-0.12492673365552143,-0.16907262015975144,0.8783298354882301
2026-02-10,Infra,0.23559064190983303,0.03086385174047394,0.009933115038598395,0.07271051444526838,-0.04184666270479444,0.04199706446848121,1.0007594964175097
2026-02-10,IT,0.2963523685706182,-0.2437639638252487,-0.035601173699632366,0.0723209085806093,-0.31608487240585803,-0.23263075109724143,1.4692793984869545
2026-02-10,Media,2.397523171073024,0.18524145856246552,0.016229794081550734,-0.047541031616376746,0.23278249017884226,0.19637467129047279,1.501475484148305
2026-02-10,Metal,0.8149554001483095,0.4308038140105131,0.2518095437100976,0.24180896377997338,0.18899485023053972,0.44193702673852037,1.4716196024047945
2026-02-10,Pharma,-0.3597878108845487,-0.06532487843659304,-0.03208003782198063,0.04030632679663254,-0.10563120523322558,-0.05419166570858577,0.983134343028794
2026-02-10,Realty,0.36037678455811406,-0.11302261327679641,-0.16049219923255195,-0.02280813501255393,-0.09021447826424248,-0.10188940054878914,1.7400805217040278
2026-02-10,Banking,-0.07079872109025942,0.09319411468535395,0.06501777494385463,0.12107589917860319,-0.02788178449324924,0.10432732741336122,0.9949850623136581
2026-02-10,NIFTY50,0.26229876069705504,-0.011133212728007269,0.005483650579442371,0.05880475003333244,-0.0699379627613397,0.0,0.8435028063871604
2026-02-11,Auto,1.297332252408001,0.11837108544110873,0.08174584345886211,0.08395739348555159,0.034413691955557144,0.11427553030741538,1.3016454034203468
2026-02-11,Energy,-0.037495568705514515,0.17804734801426747,0.025005390559244563,0.056597530729154535,0.12144981728511293,0.17395179288057414,1.154938569901908
2026-02-11,FMCG,0.04153492646714607,-0.18247307914571523,-0.10186320190451793,-0.05006338854230925,-0.13240969060340596,-0.18656863427940856,0.8783298354882301
2026-02-11,Infra,0.4685031378958593,0.062477496734928785,0.014495040369832957,0.0833968035312851,-0.02091930679635632,0.05838194160123544,1.0007594964175097
2026-02-11,IT,-1.7553532396204496,-0.2772490088801852,-0.04766989471666649,0.05407012514816937,-0.3313191340283546,-0.2813445640138786,1.4692793984869545
2026-02-11,Media,0.49114758245270007,0.17066439749254075,0.023852219517749688,-0.028462553855775397,0.19912695134831615,0.16656884235884742,1.501475484148305
2026-02-11,Metal,0.39457652143517485,0.4492159562951408,0.2731579344929361,0.23331066038458903,0.21590529591055174,0.4451204011614474,1.4716196024047945
2026-02-11,Pharma,1.007177770649026,-0.01612503629764063,-0.025156304557506882,0.05258633779968071,-0.06871137409732134,-0.020220591431333975,0.983134343028794
2026-02-11,Realty,0.6298534768265363,-0.06956996075215567,-0.14866753653164755,-0.006727772111912373,-0.0628421886402433,-0.07366551588584902,1.7400805217040278
2026-02-11,Banking,0.1962068143015694,0.10419676009845909,0.06441678439533638,0.1196886604131823,-0.015491900314723209,0.10010120496476574,0.9949850623136581
2026-02-11,NIFTY50,0.07209990483325601,0.0040955551336933444,0.004695271540916164,0.060679349814238094,-0.05658379468054475,0.0,0.8435028063871604
2026-02-12,Auto,-0.12140860813038001,0.07842664874957146,0.06547546795841408,0.07313504595915299,0.005291602790418473,0.09274826110806733,1.3016454034203468
2026-02-12,Energy,-0.558147603816439,0.16468604980256932,0.007395129931973747,0.04465922592114375,0.12002682388142558,0.17900766216106517,1.154938569901908
2026-02-12,FMCG,-0.5107206699634159,-0.1898761730413667,-0.11386531324353892,-0.06375299593714892,-0.12612317710421778,-0.17555456068287084,0.8783298354882301
2026-02-12,Infra,-0.1941707423594008,0.0605224283440268,0.005697020291073884,0.07928417312485564,-0.018761744780828836,0.07484404070252267,1.0007594964175097
2026-02-12,IT,-5.513437910644258,-0.43629345393156327,-0.14295569058171917,-0.0154471805302498,-0.4208462734013135,-0.4219718415730674,1.4692793984869545
2026-02-12,Media,-1.3089131680082633,0.12855549781147302,-0.004664891592103792,-0.08714950381368948,0.21570500162516248,0.14287711016996887,1.501475484148305
2026-02-12,Metal,0.02158905121687482,0.38241349676410025,0.2733431235283401,0.22748481252635794,0.1549286842377423,0.39673510912259613,1.4716196024047945
2026-02-12,Pharma,-0.21350633928564067,-0.017594899414947754,-0.03211429692077125,0.03575174616625968,-0.053346645581207434,-0.0032732870564518898,0.983134343028794
2026-02-12,Realty,-1.450719440077508,-0.08980740799822436,-0.18028381639000318,-0.03507735840228379,-0.054730049595940564,-0.07548579563972849,1.7400805217040278
2026-02-12,Banking,-0.009221384609547911,0.09037680044308456,0.0515846067008798,0.10510450778673087,-0.014727707343646312,0.10469841280158043,0.9949850623136581
2026-02-12,NIFTY50,-0.565042923620962,-0.014321612358495864,-0.011373225587543168,0.04423399456014307,-0.05855560691863893,0.0,0.8435028063871604
2026-02-13,Auto,-0.9463567198576661,0.011031899386914838,0.05603645132081189,0.06326545194330463,-0.05223355255638979,0.09327790108204803,1.3016454034203468
2026-02-13,Energy,-2.0375748589940845,0.04776825769429728,-0.016589584556257652,0.01584349235203786,0.03192476534225942,0.13001425938943045,1.154938569901908
2026-02-13,FMCG,-1.8957065523770966,-0.27986841972013915,-0.13606999844423928,-0.08613206376531181,-0.19373635595482736,-0.19762241802500596,0.8783298354882301
2026-02-13,Infra,-1.2500885528657801,-0.019965932692625293,-0.009767138490806385,0.05926188195146935,-0.07922781464409465,0.06228006900250789,1.0007594964175097
2026-02-13,IT,-1.4435957262866062,-0.47436462752822756,-0.14868811377284885,-0.03294711172616852,-0.441417515802059,-0.39211862583309437,1.4692793984869545
2026-02-13,Media,-0.7632033938700933,0.05323498940244202,-0.013570653226003608,-0.09607975149621577,0.1493147408986578,0.13548099109757522,1.501475484148305
2026-02-13,Metal,-3.3096649957717994,0.22364017904742003,0.2359905738345184,0.17043814533240306,0.05320203371501697,0.30588618074255325,1.4716196024047945
2026-02-13,Pharma,-0.8549889170849978,-0.07324614130316562,-0.03514378144790165,0.025083697829735168,-0.09832983913290079,0.008999860391967568,0.983134343028794
2026-02-13,Realty,-2.22591565779503,-0.19523792428527678,-0.18556000230324166,-0.05847962761184575,-0.13675829667343103,-0.1129919225901436,1.7400805217040278
2026-02-13,Banking,-0.9106088887425479,0.03689248023802586,0.038201276571495635,0.0901425135686815,-0.05325003333065564,0.11913848193315904,0.9949850623136581
2026-02-13,NIFTY50,-1.302348257655217,-0.08224600169513319,-0.02645435171176565,0.027170961945105487,-0.10941696364023867,0.0,0.8435028063871604
2026-02-16,Auto,-0.729968714638296,-0.013300391101028364,0.039838918200377584,0.05083121810826952,-0.06413160920929789,0.04340994947372763,1.3016454034203468
2026-02-16,Energy,1.8954172151585347,0.1109488315329151,0.01920831103369788,0.03710624523220389,0.07384258630071121,0.1676591721076711,1.154938569901908
2026-02-16,FMCG,0.8186356328586886,-0.25258056529151623,-0.12294842435715213,-0.07476128713462322,-0.17781927815689302,-0.19587022471676024,0.8783298354882301
2026-02-16,Infra,1.1689788282682745,0.019000028249650525,0.0067012212899294115,0.06698451887484254,-0.047984490625192014,0.07571036882440652,1.0007594964175097
2026-02-16,IT,0.1730360639811579,-0.4938887758901841,-0.19534984981532552,-0.05631679682836794,-0.43757197906181616,-0.4371784353154281,1.4692793984869545
2026-02-16,Media,-0.8716160496586189,0.024181121080488057,-0.023656196290252597,-0.09572567350004298,0.11990679458053104,0.08089146165524405,1.501475484148305
2026-02-16,Metal,0.6923404476174788,0.24671819396800265,0.2474573213579164,0.18803413090536844,0.05868406306263421,0.30342853454275864,1.4716196024047945
2026-02-16,Pharma,0.938278597041875,-0.041970188068436456,-0.02053308723261927,0.03430885508908897,-0.07627904315752543,0.014740152506319534,0.983134343028794
2026-02-16,Realty,1.590582444077171,-0.1422185094827044,-0.15320896336095255,-0.04841597097021489,-0.09380253851248951,-0.0855081689079484,1.7400805217040278
2026-02-16,Banking,1.2668143928827647,0.07186354586719013,0.050350367181025334,0.09391244825120806,-0.022048902384017938,0.12857388644194612,0.9949850623136581
2026-02-16,NIFTY50,0.8309432803093486,-0.05671034057475599,-0.021778031498533672,0.028217910847112435,-0.08492825142186843,0.0,0.8435028063871604
2026-02-17,Auto,0.522158278374496,-0.06850472883767349,0.04127874216544499,0.05347423080002872,-0.12197895963770221,0.005872619235752802,1.3016454034203468
2026-02-17,Energy,0.00466988326794926,0.021462355898250754,0.014655085844731786,0.033999387275424314,-0.01253703137717356,0.09583970397167704,1.154938569901908
2026-02-17,FMCG,0.8952835162151729,-0.07871977689626777,-0.10940833053716477,-0.058884616687006446,-0.019835160209261328,-0.004342428822841485,0.8783298354882301
2026-02-17,Infra,0.12275248395492433,-0.028695160397110103,-0.0007470642000425206,0.06424686233176947,-0.09294202272887958,0.04568218767631618,1.0007594964175097
2026-02-17,IT,1.0293832160374272,-0.47257005790602247,-0.17813283081048273,-0.04445995950617873,-0.4281100983998437,-0.3981927098325962,1.4692793984869545
2026-02-17,Media,0.6827283204293932,0.004945990806447206,0.013371439067339714,-0.083039724525521,0.08798571533196821,0.0793233388798735,1.501475484148305
2026-02-17,Metal,-1.0589678743203712,0.13554558508577236,0.22950299890297493,0.17941495402931895,-0.043869368943546594,0.20992293315919863,1.4716196024047945
2026-02-17,Pharma,0.40954061549483,-0.03818373984834609,-0.010766821151193547,0.033989811883604115,-0.0721735517319502,0.0361936082250802,0.983134343028794
2026-02-17,Realty,-0.3047672709173832,-0.2315390081863448,-0.15603385009218854,-0.06389467580786018,-0.1676443323784846,-0.1571616601129185,1.7400805217040278
2026-02-17,Banking,0.36899385181154987,0.05963439402919324,0.05279495070251198,0.09534871645289496,-0.03571432242370172,0.1340117421026195,0.9949850623136581
2026-02-17,NIFTY50,0.166066292063749,-0.07437734807342629,-0.027934495944507327,0.028705070322854312,-0.1030824183962806,0.0,0.8435028063871604
2026-02-18,Auto,0.5432165691417357,-0.060870719427416405,0.051309244940983545,0.07647148329560519,-0.13734220272302158,-0.008573574546183432,1.3016454034203468
2026-02-18,Energy,0.3535526973864833,0.05397739055066391,0.03804107316355351,0.04996452657194988,0.004012863978714032,0.10627453543189688,1.154938569901908
2026-02-18,FMCG,1.2132480387952116,-0.06103055985175875,-0.09153296993720471,-0.039840739034335576,-0.021189820817423176,-0.00873341497052578,0.8783298354882301
2026-02-18,Infra,0.6988464804894567,0.007945551459258201,0.016205208467459837,0.07904926854035198,-0.07110371708109378,0.060242696340491175,1.0007594964175097
2026-02-18,IT,-1.2297789130851,-0.4657940702682014,-0.191522633046066,-0.0748599511179784,-0.390934119150223,-0.4134969253869684,1.4692793984869545
2026-02-18,Media,0.23631448731638027,-0.007911873251515943,0.030306358050577856,-0.06135855082169998,0.05344667757018404,0.04438527162971703,1.501475484148305
2026-02-18,Metal,1.330269556141439,0.15976559487039801,0.29074900770239204,0.19639467864742863,-0.03662908377703061,0.21206273975163098,1.4716196024047945
2026-02-18,Pharma,0.20915330722961478,-0.024264745822475044,0.0005502022076917819,0.04484447339647356,-0.06910921921894861,0.02803239905875793,0.983134343028794
2026-02-18,Realty,0.6173905446473782,-0.2799403234897831,-0.11467911020531647,-0.03672402915733143,-0.24321629433245168,-0.22764317860855013,1.7400805217040278
2026-02-18,Banking,0.6159492288390522,0.08608170777629394,0.07654065347904211,0.10656086198180592,-0.020479154205511982,0.13837885265752692,0.9949850623136581
2026-02-18,NIFTY50,0.3652002197183979,-0.05229714488123297,-0.013957420911233457,0.03551317563104734,-0.08781032051228031,0.0,0.8435028063871604
2026-02-19,Auto,-2.0954815005876815,-0.13397326629484188,0.022173578913571485,0.05048206412390985,-0.18445533041875173,-0.04364599739622957,1.3016454034203468
2026-02-19,Energy,-1.1750701565555022,0.03338462765785756,0.03819243637742813,0.03189195944225336,0.0014926682156041968,0.12371189655646987,1.154938569901908
2026-02-19,FMCG,-1.7610381107305395,-0.1272695775435288,-0.10987700608301194,-0.0638490556065685,-0.0634205219369603,-0.03694230864491649,0.8783298354882301
2026-02-19,Infra,-1.7917633226190333,-0.012351868717950984,-0.0012110745209017078,0.05168575704182054,-0.06403762575977152,0.07797540018066133,1.0007594964175097
2026-02-19,IT,-1.068008994288594,-0.5195960935741987,-0.21621791655567246,-0.09922315998013187,-0.4203729335940668,-0.42926882467558636,1.4692793984869545
2026-02-19,Media,-2.2311072754789274,-0.04740887207621554,0.0020072999327527116,-0.08729126885339765,0.03988239677718211,0.04291839682239677,1.501475484148305
2026-02-19,Metal,-1.1960003285151122,0.11025351961188003,0.291298587631015,0.15902895579768045,-0.04877543618580042,0.20058078851049232,1.4716196024047945
2026-02-19,Pharma,-0.5006204577957862,-0.09715143314897647,-0.0012614171885055943,0.0275681413175287,-0.12471957446650517,-0.006824164250364154,0.983134343028794
2026-02-19,Realty,-2.5557026711553243,-0.3540481919521862,-0.12304274997012901,-0.07337092200887221,-0.280677269943314,-0.26372092305357386,1.7400805217040278
2026-02-19,Banking,-1.3180169708646994,0.03802866431079299,0.055489533207698595,0.08846892422478701,-0.05044025991399402,0.1283559332094053,0.9949850623136581
2026-02-19,NIFTY50,-1.4136684522350174,-0.09032726889861231,-0.030572001260203614,0.0137879510818395,-0.10411521998045181,0.0,0.8435028063871604
2026-02-20,Auto,0.4067238092233305,-0.09391389980807127,0.03280889987802663,0.049392828382474295,-0.14330672819054557,-0.023727206566646036,1.3016454034203468
2026-02-20,Energy,1.3665163974174277,0.08689895592113048,0.06461361708151704,0.0423528381661515,0.04454611775497898,0.1570856491625557,1.154938569901908
2026-02-20,FMCG,0.5615334737198552,-0.1043106974105801,-0.09791716682839254,-0.06287009812617045,-0.04144059928440966,-0.03412400416915487,0.8783298354882301
2026-02-20,Infra,0.7657685314768958,0.029958819825383436,0.01150828312839173,0.0565219741594742,-0.026563154334090764,0.10014551306680868,1.0007594964175097
2026-02-20,IT,-0.9757285270257543,-0.6145612306155116,-0.2229830074185033,-0.10945804433461616,-0.5051031862808955,-0.5443745373740864,1.4692793984869545
2026-02-20,Media,-0.27607556679188905,-0.05878557115627047,0.010806723660748441,-0.09331919533638594,0.03453362418011547,0.011401122085154765,1.501475484148305
2026-02-20,Metal,1.2459450771847624,0.15179942819889441,0.30283086719249785,0.18302777914594326,-0.031228350947048844,0.22198612144031965,1.4716196024047945
2026-02-20,Pharma,0.10388638713014764,-0.11666334886531943,-0.006828723087391101,0.014436014430288333,-0.13109936329560776,-0.04647665562389419,0.983134343028794
2026-02-20,Realty,0.34847914729738694,-0.32584488906754433,-0.14419826584650963,-0.08808254463130738,-0.23776234443623695,-0.2556581958261191,1.7400805217040278
2026-02-20,Banking,0.7119730277680869,0.0688330808754789,0.06778210345226651,0.08812037801994749,-0.019287297144468585,0.13901977411690414,0.9949850623136581
2026-02-20,NIFTY50,0.4592550680687868,-0.07018669324142524,-0.01812186815894216,0.014321840540738226,-0.08450853378216346,0.0,0.8435028063871604
2026-02-23,Auto,0.8266630718491763,-0.03412563493363678,0.02724669407033568,0.05953638154766164,-0.09366201648129842,-0.016067938219791064,1.3016454034203468
2026-02-23,Energy,0.43848361957266047,0.1978751049544436,0.042952176794999936,0.050550908870901703,0.14732419608354191,0.21593280166828932,1.154938569901908
2026-02-23,FMCG,0.702401746939052,-0.050759711290657,-0.09803260525823476,-0.04510809222617188,-0.005651619064485115,-0.03270201457681128,0.8783298354882301
2026-02-23,Infra,0.8518238696825664,0.1210413732837216,0.006813220685198036,0.06699095326161715,0.054050420022104445,0.13909906999756733,1.0007594964175097
2026-02-23,IT,-1.41716679663475,-0.5955880258926015,-0.27093716352195274,-0.11652209248160794,-0.47906593341099357,-0.5775303291787558,1.4692793984869545
2026-02-23,Media,0.196238201709642,-0.006162348058028207,-0.012941246668677516,-0.09231272266739463,0.08615037460936642,0.01189534865581751,1.501475484148305
2026-02-23,Metal,-0.22685828439165112,0.25762404097996167,0.2647516785920312,0.18528219641043223,0.07234184456952944,0.2756817376938074,1.4716196024047945
2026-02-23,Pharma,0.5618570327904582,-0.051598535646049486,-0.0174872359477409,0.02133650743406101,-0.07293504308011049,-0.03354083893220377,0.983134343028794
2026-02-23,Realty,-0.18886167538860743,-0.27516809387841284,-0.16602171882589187,-0.09036683936689104,-0.1848012545115218,-0.25711039716456713,1.7400805217040278
2026-02-23,Banking,0.1508042895442374,0.09077088915274219,0.050241490912126076,0.08949666098848333,0.0012742281642588588,0.1088285858665879,0.9949850623136581
2026-02-23,NIFTY50,0.554333479982394,-0.018057696713845717,-0.029519282709839872,0.023029788532438818,-0.041087485246284534,0.0,0.8435028063871604
2026-02-24,Auto,-0.45232752786978914,-0.010808074254789253,0.025289252986713622,0.05690767367632063,-0.06771574793110988,0.019698100267312477,1.3016454034203468
2026-02-24,Energy,0.7799093265171475,0.25461888153337314,0.06561995050154831,0.06615316536323684,0.1884657161701363,0.2851250560554749,1.154938569901908
2026-02-24,FMCG,0.1896919031272093,-0.008468692228234017,-0.09571125834205829,-0.037695074832177794,0.02922638260394378,0.022037482293867712,0.8783298354882301
2026-02-24,Infra,-0.7180136644160728,0.12554441069926983,-0.0023610736822105016,0.06385736879236331,0.06168704190690652,0.15605058522137155,1.0007594964175097
2026-02-24,IT,-4.744774250804262,-0.763143931790442,-0.3536609687212387,-0.16559534316804309,-0.597548588622399,-0.7326377572683404,1.4692793984869545
2026-02-24,Media,-1.308054804926151,-0.021704308972613915,-0.04872637095857259,-0.09540401803769989,0.07369970906508598,0.008801865549487815,1.501475484148305
2026-02-24,Metal,0.9287129579319098,0.29972025663138097,0.28135696620969763,0.206546598739696,0.09317365789168497,0.3302264311534827,1.4716196024047945
2026-02-24,Pharma,0.2369505488564405,-0.014442287370906411,-0.013585473649291864,0.032268166207981064,-0.04671045357888748,0.01606388715119532,0.983134343028794
2026-02-24,Realty,-2.539223366684662,-0.28432662507430373,-0.19636487838922947,-0.10811109403828713,-0.17621553103601661,-0.253820450552202,1.7400805217040278
2026-02-24,Banking,-0.354120418922943,0.10325763992047914,0.038480901372392275,0.08808444796979088,0.015173191950688253,0.13376381444258087,0.9949850623136581
2026-02-24,NIFTY50,-1.1214156627970318,-0.03050617452210173,-0.04886144748677249,0.014174591315210015,-0.044680765837311745,0.0,0.8435028063871604
2026-02-25,Auto,1.847942754919507,0.05979758134729621,0.045766643593721325,0.07460010562760329,-0.01480252428030708,0.09659981744583862,1.3016454034203468
2026-02-25,Energy,0.24440896557238467,0.2565417546761447,0.07938163446715979,0.06082250427094513,0.19571925040519958,0.29334399077468715,1.154938569901908
2026-02-25,FMCG,-0.24877686763249418,-0.036298656905514995,-0.10362079757757713,-0.051423049496786985,0.01512439259127199,0.0005035791930274244,0.8783298354882301
2026-02-25,Infra,-0.30172076420671434,0.10491732551596078,-0.0025526654703213656,0.049241195361784146,0.055676130154176634,0.1417195616145032,1.0007594964175097
2026-02-25,IT,1.5733595400702072,-0.7072844593977188,-0.3256223412354757,-0.15401225656485532,-0.5532722028328635,-0.6704822232991764,1.4692793984869545
2026-02-25,Media,0.46069883673716117,0.045454334062206045,-0.05023635210644877,-0.08454018237843654,0.12999451644064258,0.08225657016074847,1.501475484148305
2026-02-25,Metal,2.6963296030888095,0.32321540078341504,0.323164867886274,0.22539116926913902,0.09782423151427602,0.3600176368819575,1.4716196024047945
2026-02-25,Pharma,1.8548863829555895,0.060941259174283786,0.007466144867171076,0.05196798286868821,0.008973276305595579,0.0977434952728262,0.983134343028794
2026-02-25,Realty,-0.18788752375160644,-0.24978095287963464,-0.1962731449557801,-0.14403180645615915,-0.10574914642347549,-0.21297871678109223,1.7400805217040278
2026-02-25,Banking,-0.006469112801810173,0.0918496533652402,0.037943467457000245,0.08204465762257628,0.009804995742663927,0.12865188946378261,0.9949850623136581
2026-02-25,NIFTY50,0.2275335490801167,-0.03680223609854242,-0.044268071071481195,0.008835163113298053,-0.04563739921184047,0.0,0.8435028063871604
2026-02-26,Auto,0.7970786384873474,0.09786804179591511,0.045945764674895084,0.06930799320449302,0.028560048591422096,0.12534250349673076,1.3016454034203468
2026-02-26,Energy,0.17026293041666474,0.2677143046127643,0.08264369192815407,0.05808535159615474,0.20962895301660955,0.29518876631357993,1.154938569901908
2026-02-26,FMCG,-0.15795088026747672,-0.030924449251243224,-0.10339635842872488,-0.07560780006531215,0.04468335081406892,-0.003449987550427573,0.8783298354882301
2026-02-26,Infra,0.32031578409625894,0.15354311617602923,0.006782655862531313,0.043377532215143316,0.11016558396088591,0.1810175778768449,1.0007594964175097
2026-02-26,IT,0.0912313779124263,-0.7260353765523813,-0.330529126197356,-0.15705517927882598,-0.5689801972735553,-0.6985609148515656,1.4692793984869545
2026-02-26,Media,-0.6808257547513241,-0.0026587390554096164,-0.05766727664502792,-0.09531712035464039,0.09265838129923078,0.024815722645406033,1.501475484148305
2026-02-26,Metal,0.39195128670694857,0.3246594153687029,0.3199577443336545,0.2222158993180413,0.1024435160506616,0.35213387706951854,1.4716196024047945
2026-02-26,Pharma,1.0836474533844287,0.11267167778179671,0.033538453818000205,0.06169642922638416,0.05097524855541255,0.14014613948261237,0.983134343028794
2026-02-26,Realty,0.22589557423295936,-0.22159402614910784,-0.17543833414798185,-0.16264190383716354,-0.0589521223119443,-0.19411956444829218,1.7400805217040278
2026-02-26,Banking,0.23646744904268768,0.09253819815141395,0.04387467342780375,0.07249184177666315,0.0200463563747508,0.1200126598522296,0.9949850623136581
2026-02-26,NIFTY50,0.05513894339252978,-0.02747446170081565,-0.041619053223705404,-0.002036879972873656,-0.025437581727941996,0.0,0.8435028063871604
2026-02-27,Auto,-1.8629746700382532,0.058844808323512715,0.01569995921258856,0.04122039538216708,0.017624412941345632,0.11924010349148884,1.3016454034203468
2026-02-27,Energy,-0.3673882373359527,0.23555998288376329,0.0802653139546263,0.056293271475836855,0.17926671140792644,0.2959552780517394,1.154938569901908
2026-02-27,FMCG,-1.6930987856332735,-0.06716852604793307,-0.12832488790955218,-0.10958855111521568,0.04242002506728261,-0.006773230879956953,0.8783298354882301
2026-02-27,Infra,-1.1776556628223411,0.10279941315999037,-0.005438141766549627,0.026328179133715792,0.07647123402627458,0.16319470832796648,1.0007594964175097
2026-02-27,IT,0.16249940071912938,-0.6845361696239698,-0.32744352559541984,-0.13710113617009737,-0.5474350334538725,-0.6241408744559936,1.4692793984869545
2026-02-27,Media,0.596698590947442,0.013459065555038958,-0.04100918318791518,-0.0713406622801085,0.08479972783514747,0.07385436072301507,1.501475484148305
2026-02-27,Metal,-1.6657262963929997,0.17924975211492394,0.2982083673801076,0.21320720375225863,-0.033957451637334685,0.23964504728290006,1.4716196024047945
2026-02-27,Pharma,-1.499038803665742,0.0711101284502824,0.007298343294102239,0.037472368586439264,0.03363775986384314,0.1315054236182585,0.983134343028794
2026-02-27,Realty,-2.260069902504236,-0.2662362758018662,-0.20965679312534607,-0.18888540520702124,-0.07735087059484497,-0.20584098063389009,1.7400805217040278
2026-02-27,Banking,-1.0765222866038981,0.05657872283897136,0.03731393423775412,0.05490356513118664,0.0016751577077847232,0.11697401800694748,0.9949850623136581
2026-02-27,NIFTY50,-1.2468368500212268,-0.060395295167976114,-0.053259478395822714,-0.021299493570454686,-0.03909580159752143,0.0,0.8435028063871604
2026-03-02,Auto,-2.1973553912301824,0.0007019890457064637,-0.0009258938190505791,0.018566163401722496,-0.017864174356016033,0.10626196375236063,1.3016454034203468
2026-03-02,Energy,-1.5975100518570429,0.20887237723238047,0.07029762197394726,0.03326160161704494,0.17561077561533553,0.3144323519390346,1.154938569901908
2026-03-02,FMCG,-0.7636566029933567,-0.0852151837392068,-0.1277576768595462,-0.11769583837249772,0.03248065463329092,0.02034479096744736,0.8783298354882301
2026-03-02,Infra,-2.2297133802267166,0.030617562996907804,-0.028963088935483234,-0.013104911151934228,0.04372247414884203,0.13617753770356197,1.0007594964175097
2026-03-02,IT,-1.0812378012850843,-0.8319699042792839,-0.3580725086507229,-0.15998424267936961,-0.6719856615999142,-0.7264099295726297,1.4692793984869545
2026-03-02,Media,-1.8218443232241532,-0.03572998612533754,-0.07554309136587813,-0.10127159918498872,0.06554161305965119,0.06982998858131663,1.501475484148305
2026-03-02,Metal,0.23813615398105004,0.20472427871343662,0.3103604092090843,0.21666478485076068,-0.011940506137324058,0.3102842534200908,1.4716196024047945
2026-03-02,Pharma,0.018950606142831283,0.11445002525801161,0.007406836851696437,0.02838859768088693,0.08606142757712468,0.22000999996466578,0.983134343028794
2026-03-02,Realty,-1.60773612419709,-0.33139547495929583,-0.2239343892936929,-0.2120444095404694,-0.11935106541882642,-0.22583550025264165,1.7400805217040278
2026-03-02,Banking,-1.1388781617076127,-0.01019661148342769,0.016239260953689882,0.036091580514677264,-0.04628819199810495,0.09536336322322647,0.9949850623136581
2026-03-02,NIFTY50,-1.2429227421638323,-0.10555997470665417,-0.07101703211449244,-0.04087065040556855,-0.06468932430108562,0.0,0.8435028063871604
2026-03-04,Auto,-2.4435249991649255,-0.08512132466926685,-0.047011067752371995,-0.010398826603611354,-0.0747224980656555,0.05795486049769728,1.3016454034203468
2026-03-04,Energy,-2.3695921697972744,0.1521640079875168,0.036449314814125215,0.004427165653960858,0.14773684233355594,0.2952401931544809,1.154938569901908
2026-03-04,FMCG,-1.880034376962203,-0.1700945140204883,-0.1669837115347415,-0.13882069235684444,-0.03127382166364387,-0.027018328853524176,0.8783298354882301
2026-03-04,Infra,-2.1705755642783986,-0.01159849136589212,-0.063684696906031,-0.03769799360856357,0.02609950224267145,0.13147769380107202,1.0007594964175097
2026-03-04,IT,0.10686623977806953,-0.8127034046797529,-0.3798647231828298,-0.1590218930852654,-0.6536815115944875,-0.6696272195127888,1.4692793984869545
2026-03-04,Media,-3.0459939101369016,-0.07593934832576972,-0.10220788940668726,-0.14138608614527476,0.06544673781950504,0.06713683684119441,1.501475484148305
2026-03-04,Metal,-3.9939511034261854,0.07360406088244219,0.24277980214996076,0.16782860717206657,-0.09422454628962439,0.21668024604940633,1.4716196024047945
2026-03-04,Pharma,-1.239289661327414,0.08526330825564087,-0.016965756453563765,0.010865535460975333,0.07439777279466553,0.228339493422605,0.983134343028794
2026-03-04,Realty,-3.11177185844167,-0.3686890034958627,-0.2847391035869055,-0.24567222615542914,-0.12301677734043356,-0.22561281832889857,1.7400805217040278
2026-03-04,Banking,-1.812173810868234,-0.059298282727733666,-0.012291281577292054,0.016454115300153196,-0.07575239802788686,0.08377790243923047,0.9949850623136581
2026-03-04,NIFTY50,-1.5491187895474101,-0.14307618516696413,-0.09989822510634647,-0.05917725565154278,-0.08389892951542136,0.0,0.8435028063871604
2026-03-05,Auto,1.8597074247194811,0.059422783556805484,-0.02842009725330219,0.01071750760413843,0.048705275952667056,0.11764846303037686,1.3016454034203468
2026-03-05,Energy,1.9226121393867368,0.2901932196261721,0.06917411058107745,0.026568830975607735,0.26362438865056437,0.3484188990997435,1.154938569901908
2026-03-05,FMCG,0.40825499523069464,-0.10714645931775922,-0.15998477162967,-0.13748975524243257,0.030343295924673344,-0.04892077984418784,0.8783298354882301
2026-03-05,Infra,2.2143542844755393,0.12238146172035225,-0.03369900478730702,-0.0069960579566730186,0.12937751967702527,0.18060714119392363,1.0007594964175097
2026-03-05,IT,-0.5890058682751609,-0.7636653213651197,-0.40460137814402125,-0.19008336697000208,-0.5735819543951176,-0.7054396418915483,1.4692793984869545
2026-03-05,Media,1.0719548347088326,0.018052269566187076,-0.07642146364306912,-0.13297133270086686,0.15102360226705394,0.07627794903975846,1.501475484148305
2026-03-05,Metal,2.2874016453023227,0.21270442115535051,0.26972340205455597,0.1922561106382982,0.020448310517052315,0.27093010062892187,1.4716196024047945
2026-03-05,Pharma,1.4700857999446315,0.19780436446287905,0.008392189815239103,0.02889983194463652,0.16890453251824253,0.25603004393645046,0.983134343028794
2026-03-05,Realty,1.8343026178967214,-0.1396828413285815,-0.2598784536784389,-0.22742463234503782,0.08774179101645632,-0.08145716185501012,1.7400805217040278
2026-03-05,Banking,0.5116165151199281,-0.015131283165525922,-0.017496579991016874,0.020781602073910072,-0.03591288523943599,0.04309439630804546,0.9949850623136581
2026-03-05,NIFTY50,1.1658274570576665,-0.05822567947357138,-0.09024348930815182,-0.04720295905849955,-0.01102272041507183,0.0,0.8435028063871604
2026-03-06,Auto,-1.06114117227748,0.03355728979193417,-0.02568644085736686,0.003419491772352644,0.030137798019581524,0.1243328421031065,1.3016454034203468
2026-03-06,Energy,0.12612391028059555,0.29339307526362307,0.09624625674364193,0.027728452647556183,0.2656646226160669,0.3841686275747954,1.154938569901908
2026-03-06,FMCG,-0.06039747019677133,-0.08914539857628581,-0.14099389166375578,-0.12985579940409597,0.04071040082781016,0.001630153734886522,0.8783298354882301
2026-03-06,Infra,-0.8868352939783497,0.08828488600043409,-0.028652153703087047,-0.01485515558156076,0.10314004158199486,0.17906043831160642,1.0007594964175097
2026-03-06,IT,0.03850262581555075,-0.7528677272057801,-0.3990958188127817,-0.18681310089525177,-0.5660546263105284,-0.6620921748946078,1.4692793984869545
2026-03-06,Media,-0.5798306452985735,0.01440630318513348,-0.0405424872093507,-0.1349230333614894,0.14932933654662287,0.10518185549630582,1.501475484148305
2026-03-06,Metal,-0.4045911696194171,0.18031603631469537,0.29498264846631966,0.17630432559612302,0.004011710718572342,0.2710915886258677,1.4716196024047945
2026-03-06,Pharma,-0.15344496424768428,0.21263036792292317,0.028092524464275268,0.03331852874011757,0.1793118391828056,0.3034059202340955,0.983134343028794
2026-03-06,Realty,-2.0849812678124913,-0.1856694468468345,-0.23584742315820714,-0.25260227318858164,0.06693282634174713,-0.09489389453566217,1.7400805217040278
2026-03-06,Banking,-2.1549118822767,-0.05307527359770026,-0.03839355356267171,0.004078378532765455,-0.057153652130465714,0.03770027871347208,0.9949850623136581
2026-03-06,NIFTY50,-1.2737318930444053,-0.09077555231117233,-0.09709478842573892,-0.05722503506348052,-0.03355051724769181,0.0,0.8435028063871604
2026-03-09,Auto,-4.101177246069554,-0.13278986680163285,-0.08210861701461902,-0.048500167166406254,-0.08428969963522659,0.03311419190168721,1.3016454034203468
2026-03-09,Energy,-1.8222985220833543,0.19499634547214337,0.05528134551994691,0.002705848274058785,0.19229049719808458,0.36090040417546343,1.154938569901908
2026-03-09,FMCG,-1.5573219066147836,-0.17840181156188428,-0.16635945710678243,-0.14875358653779103,-0.029648225024093255,-0.01249775285856422,0.8783298354882301
2026-03-09,Infra,-1.5291678943673115,0.013594067542709679,-0.05479228614865957,-0.04771985454823589,0.06131392209094557,0.17949812624602973,1.0007594964175097
2026-03-09,IT,0.07847261406865869,-0.7774021426383697,-0.377917106642844,-0.19034871815781598,-0.5870534244805538,-0.6114980839350497,1.4692793984869545
2026-03-09,Media,-1.686914239604398,-0.12146468251201317,-0.08024391367848879,-0.15081681729302093,0.02935213478100776,0.04443937619130689,1.501475484148305
2026-03-09,Metal,-2.596989159179497,0.054483307167586224,0.2564898049997092,0.13459546143639425,-0.08011215426880802,0.2203873658709063,1.4716196024047945
2026-03-09,Pharma,-0.15868046420880466,0.15427806575509645,0.03412320119404713,0.03388868540028153,0.12038938035481492,0.32018212445841654,0.983134343028794
2026-03-09,Realty,-1.2398938284408745,-0.20247394245686592,-0.272373267202188,-0.28261627948872126,0.08014233703185533,-0.03656988375354586,1.7400805217040278
2026-03-09,Banking,-3.051834603886072,-0.17746742117330072,-0.08880170133142462,-0.03781570710648046,-0.13965171406682025,-0.01156336246998066,0.9949850623136581
2026-03-09,NIFTY50,-1.7275692308183932,-0.16590405870332006,-0.118125807090891,-0.08378168373927353,-0.08212237496404654,0.0,0.8435028063871604
2026-03-10,Auto,3.098679565771456,0.00808044203019908,-0.02796997204412806,-0.009371391059699447,0.017451833089898526,0.10978709413933568,1.3016454034203468
2026-03-10,Energy,1.0690501188381107,0.29470610360909366,0.0746157061154995,0.01836815791384123,0.27633794569525244,0.39641275571823026,1.154938569901908
2026-03-10,FMCG,0.8358046300027011,-0.13025453374642562,-0.15196475275627822,-0.13318761633835322,0.002933082591927594,-0.02854788163728901,0.8783298354882301
2026-03-10,Infra,0.4848456087915842,0.08614563933528478,-0.04225819468456904,-0.04399969802478624,0.13014533736007103,0.1878522914444214,1.0007594964175097
2026-03-10,IT,-0.45752857125280766,-0.7871485597550654,-0.37065064516358215,-0.18716869742529121,-0.5999798623297742,-0.6854419076459287,1.4692793984869545
2026-03-10,Media,1.5055980748877706,0.012394699514788377,-0.06315744464917096,-0.13575150747726317,0.14814620699205155,0.11410135162392498,1.501475484148305
2026-03-10,Metal,1.537370802094129,0.1333492052896494,0.2744737691161599,0.13797843770446697,-0.00462923241481758,0.23505585739878598,1.4716196024047945
2026-03-10,Pharma,1.3948891508148487,0.23205097299556218,0.05451126633744381,0.05235069554710055,0.17970027744846162,0.3337576251046988,0.983134343028794
2026-03-10,Realty,1.5488587350113825,-0.03945011278476129,-0.24052350158395353,-0.2537095498729891,0.2142594370882278,0.06225653932437532,1.7400805217040278
2026-03-10,Banking,1.6619123720832851,-0.0811357276458924,-0.053731138731967026,-0.021259118658468253,-0.05987660898742415,0.02057092446324421,0.9949850623136581
2026-03-10,NIFTY50,0.9719840791548862,-0.10170665210913661,-0.09665959311998355,-0.07170448491888032,-0.030002167190256293,0.0,0.8435028063871604
2026-03-11,Auto,-3.1547755148972123,-0.06592100005469279,-0.09899311693974863,-0.036261516237301464,-0.02965948381739132,0.10688805407627808,1.3016454034203468
2026-03-11,Energy,0.27623108722105716,0.28429539946313587,0.07360392904285104,-5.686214307828822e-05,0.28435226160621413,0.45710445359410673,1.154938569901908
2026-03-11,FMCG,-1.0963964352035394,-0.14665084386999355,-0.17371313148131282,-0.15537594410188538,0.008725100231891825,0.02615821026097731,0.8783298354882301
2026-03-11,Infra,-1.1012197761831155,0.02787222272673214,-0.06674285475885333,-0.06977874959772756,0.0976509723244597,0.200681276857703,1.0007594964175097
2026-03-11,IT,-1.2401776336340764,-0.8570455559706739,-0.40486452518489396,-0.2080656507696885,-0.6489799052009854,-0.684236501839703,1.4692793984869545
2026-03-11,Media,-0.5178472350656604,0.04322605361436253,-0.07031257439829627,-0.15959720383907336,0.20282325745343588,0.2160351077453334,1.501475484148305
2026-03-11,Metal,-0.39095412752243597,0.018134464725676525,0.25026426043912403,0.11462351564579841,-0.09648905092012189,0.1909435188566474,1.4716196024047945
2026-03-11,Pharma,0.40595944739523215,0.23542451967570394,0.04488138962815838,0.04788300139200359,0.18754151828370036,0.4082335738066748,0.983134343028794
2026-03-11,Realty,-1.7133641848684045,-0.11000421665567213,-0.2815790904049705,-0.27968699200819164,0.16968277535251952,0.06280483747529873,1.7400805217040278
2026-03-11,Banking,-2.133509563661895,-0.19400112029938116,-0.09634106291791864,-0.04823142765436026,-0.1457696926450209,-0.021192066168410295,0.9949850623136581
2026-03-11,NIFTY50,-1.6270567743087438,-0.17280905413097086,-0.13287151855262894,-0.09482523140528652,-0.07798382272568434,0.0,0.8435028063871604
2026-03-12,Auto,-3.193705160842397,-0.19542516487419148,-0.16185300353794432,-0.06682630954138731,-0.12859885533280419,0.03134303398513655,1.3016454034203468
2026-03-12,Energy,1.9255131300413675,0.20907615193066095,0.09188832315469926,0.019972762179037127,0.18910338975162383,0.43584435078998895,1.154938569901908
2026-03-12,FMCG,-1.774472316612341,-0.18215158906347212,-0.19935600630580733,-0.1697570489849228,-0.012394540078549315,0.04461660979585591,0.8783298354882301
2026-03-12,Infra,-0.4851022969272867,-0.025383199120304623,-0.0944777618981733,-0.06905087373945154,0.04366767461914692,0.2013849997390234,1.0007594964175097
2026-03-12,IT,-0.2436622584998882,-0.8789318778806188,-0.4167017656771771,-0.2051173148520265,-0.6738145630285923,-0.6521636790212908,1.4692793984869545
2026-03-12,Media,0.32720017951757274,-0.016810492950372024,-0.06403205102072648,-0.15272812546442796,0.13591763251405595,0.20995770590895602,1.501475484148305
2026-03-12,Metal,0.35358170402195466,-0.048075529511262954,0.2123917398160065,0.12353169089139403,-0.17160722040265697,0.17869266934806508,1.4716196024047945
2026-03-12,Pharma,-0.31202417359185164,0.2324587863118684,0.037833885669214334,0.0509794915847127,0.18147929472715568,0.4592269851711964,0.983134343028794
2026-03-12,Realty,-1.6270199640198046,-0.2164722730295591,-0.3341770323142895,-0.2982326103050772,0.0817603372755181,0.010295925829768932,1.7400805217040278
2026-03-12,Banking,-1.1389472309065507,-0.2541121630615628,-0.12039299004649304,-0.054146710683566544,-0.19996545237799626,-0.027343964202234783,0.9949850623136581
2026-03-12,NIFTY50,-0.9540396930332928,-0.22676819885932803,-0.1583221634692696,-0.09791769949697857,-0.12885049936234946,0.0,0.8435028063871604
2026-03-13,Auto,-3.597499364989243,-0.29262732821988063,-0.20666980451849282,-0.10598262618057187,-0.18664470203930877,0.012976496176823449,1.3016454034203468
2026-03-13,Energy,-2.0700785208779937,0.07763140444963293,0.05794367232049514,0.0005334299751317693,0.07709797447450116,0.383235228846337,1.154938569901908
2026-03-13,FMCG,-0.5499163371680993,-0.17030680660143832,-0.2200705569666489,-0.17320498907921164,0.00289818247777332,0.13529701779526576,0.8783298354882301
2026-03-13,Infra,-2.5235119076698287,-0.13771929509313421,-0.13615237775625344,-0.09217534187135927,-0.045543953221774944,0.16788452930356987,1.0007594964175097
2026-03-13,IT,-1.7179104105085607,-0.9108847674624484,-0.45019106328182623,-0.21820049470590328,-0.6926842727565451,-0.6052809430657443,1.4692793984869545
2026-03-13,Media,-3.5615052409751935,-0.1347921367695581,-0.15329914906440642,-0.17761817590652046,0.04282603913696237,0.170811687627146,1.501475484148305
2026-03-13,Metal,-4.816294572706692,-0.31093317913259677,0.1294785093147647,0.08213893149149047,-0.39307211062408726,-0.0053293547358926885,1.4716196024047945
2026-03-13,Pharma,-1.9033134618376524,0.19597771904007352,0.012637197096690415,0.03595058492059495,0.16002713411947858,0.5015815434367776,0.983134343028794
2026-03-13,Realty,-1.3481601399626508,-0.2838838787552234,-0.355894458171875,-0.3092977044682937,0.02541382571307027,0.021719945641480665,1.7400805217040278
2026-03-13,Banking,-2.437521812769361,-0.3554444341079692,-0.16303473188126455,-0.07635263374415534,-0.27909180036381387,-0.04984060971126514,0.9949850623136581
2026-03-13,NIFTY50,-2.064586811222946,-0.3056038243967041,-0.1914746986884604,-0.11417015202456995,-0.19143367237213413,0.0,0.8435028063871604
2026-03-16,Auto,1.6697596063768971,-0.2614394308895855,-0.17727463467620017,-0.08875393044665722,-0.17268550044292827,-0.005823957927954759,1.3016454034203468
2026-03-16,Energy,-1.080623157296512,0.06020855961708171,0.052251876273416806,-0.01665596712077789,0.0768645267378596,0.31582403257871244,1.154938569901908
2026-03-16,FMCG,1.1365942698186249,-0.17802916178649267,-0.2009769830931594,-0.15949288006839565,-0.018536281718097014,0.07758631117513806,0.8783298354882301
2026-03-16,Infra,0.08268326806508686,-0.13225224497812565,-0.12771464201794203,-0.09435197597834487,-0.03790026899978079,0.12336322798350507,1.0007594964175097
2026-03-16,IT,-0.09889478360921578,-0.879907778676056,-0.4377804408141176,-0.2174558924681338,-0.6624518862079222,-0.6242923057144252,1.4692793984869545
2026-03-16,Media,-0.5841192628195158,-0.21577780480890646,-0.1635570068546199,-0.18602243525777565,-0.02975536955113081,0.03983766815272427,1.501475484148305
2026-03-16,Metal,0.22581359309274962,-0.12963424667791246,0.14726644074795534,0.08039190511691724,-0.2100261517948297,0.12598122628371827,1.4716196024047945
2026-03-16,Pharma,-1.248237181488654,0.13101304408935086,0.0012158560265636664,0.008693113328597847,0.12231993076075301,0.38662851705098156,0.983134343028794
2026-03-16,Realty,-1.5708599000650358,-0.36414885889690585,-0.36063434589675725,-0.3514939179498292,-0.012654940947076643,-0.10853338593527512,1.7400805217040278
2026-03-16,Banking,1.2194439620375253,-0.29548260446213065,-0.13073661379099505,-0.06905528872125255,-0.2264273157408781,-0.03986713150049992,0.9949850623136581
2026-03-16,NIFTY50,1.1131271353117311,-0.25561547296163073,-0.16221579837064107,-0.103583938688542,-0.15203153427308874,0.0,0.8435028063871604
2026-03-17,Auto,2.105768130645669,-0.1910977264628288,-0.13897437239198265,-0.055763260697468474,-0.13533446576536032,0.009401232951706834,1.3016454034203468
2026-03-17,Energy,0.8372556886696358,0.13789692601243078,0.06775204397585351,-0.0022693828742169457,0.14016630888664772,0.3383958854269664,1.154938569901908
2026-03-17,FMCG,-0.7518278894644514,-0.16455986284232987,-0.2056075077037848,-0.1611565978171291,-0.0034032650252007746,0.03593909657220576,0.8783298354882301
2026-03-17,Infra,1.0090397947267515,-0.08843892460673519,-0.10855729636810676,-0.07835099611781994,-0.010087928488915252,0.11206003480780044,1.0007594964175097
2026-03-17,IT,-0.9697853082754504,-0.9155641210498788,-0.45874049836036157,-0.21643393866841032,-0.6991301823814685,-0.7150651616353432,1.4692793984869545
2026-03-17,Media,1.1132604881378017,-0.12127674429217986,-0.11650131034791066,-0.16756018470324496,0.04628344041106511,0.07922221512235578,1.501475484148305
2026-03-17,Metal,2.821608140793419,0.039385575136118706,0.1901839287378121,0.12777957938944576,-0.08839400425332705,0.23988453455065434,1.4716196024047945
2026-03-17,Pharma,0.22331626208424993,0.16386916429001844,0.0034143305799549865,0.01652882497331383,0.1473403393167046,0.36436812370455407,0.983134343028794
2026-03-17,Realty,1.8034745789216489,-0.28274738612995604,-0.3165724816211459,-0.32279486354242776,0.04004747741247172,-0.0822484267154204,1.7400805217040278
2026-03-17,Banking,0.8501611290302913,-0.2117034400995121,-0.11352239304801966,-0.0543615574308857,-0.15734188266862642,-0.011204480684976481,0.9949850623136581
2026-03-17,NIFTY50,0.7362598835607637,-0.20049895941453563,-0.14726700525555228,-0.08825706578257765,-0.11224189363195798,0.0,0.8435028063871604
2026-03-18,Auto,1.918016042824422,-0.2207681261249465,-0.09686107146967586,-0.03513881367937092,-0.1856293124455756,0.036852926472955905,1.3016454034203468
2026-03-18,Energy,0.4478734047074884,0.05226257820982075,0.08830059467315227,0.016149283196338352,0.0361132950134824,0.3098836308077232,1.154938569901908
2026-03-18,FMCG,-0.052904085096727727,-0.17840272292675743,-0.20475097400875478,-0.15967706666511472,-0.018725656261642715,0.07921832967114498,0.8783298354882301
2026-03-18,Infra,1.156898563073172,-0.1510051458968061,-0.08359762375895678,-0.05820850732216325,-0.09279663857464286,0.1066159067010963,1.0007594964175097
2026-03-18,IT,2.7759923360579197,-0.8700972359097933,-0.432615257042546,-0.18757561242705348,-0.6825216234827398,-0.6124761833118908,1.4692793984869545
2026-03-18,Media,3.348874221287268,-0.05947553407044888,-0.03960303514146,-0.10211135477233921,0.04263582070189033,0.19814551852745355,1.501475484148305
2026-03-18,Metal,-0.10225192558376284,-0.059641603667758974,0.18434887086551352,0.14962430050538816,-0.20926590417314714,0.19797944893014344,1.4716196024047945
2026-03-18,Pharma,0.15510011887696074,0.06838753899817916,0.010020089861157981,0.02242600269827082,0.045961536299908345,0.3260085915960816,0.983134343028794
2026-03-18,Realty,2.748680181788221,-0.35093614353636704,-0.27642933196319075,-0.2754907726332859,-0.07544537090308112,-0.09331509093846463,1.7400805217040278
2026-03-18,Banking,0.8201231526532515,-0.26524425965154513,-0.09946057456557893,-0.04000737921784829,-0.22523688043369683,-0.007623207053642722,0.9949850623136581
2026-03-18,NIFTY50,0.8339304375208911,-0.2576210525979024,-0.13317450542592257,-0.07517349647172669,-0.18244755612617572,0.0,0.8435028063871604
2026-03-19,Auto,-4.2538990437726465,-0.4019703431763881,-0.1882160923760414,-0.08879109451655365,-0.31317924865983443,-0.029336143610196153,1.3016454034203468
2026-03-19,Energy,-1.3906213336973505,-0.060725392360832305,0.04906358918093083,0.002223229722115742,-0.06294862208294805,0.31190880720535963,1.154938569901908
2026-03-19,FMCG,-2.531356270409113,-0.27039848113494325,-0.2541176859113318,-0.1823276265306458,-0.08807085460429745,0.10223571843124868,0.8783298354882301
2026-03-19,Infra,-2.7903108184403447,-0.2962558188032105,-0.1466581620248297,-0.0780642923492029,-0.2181915264540076,0.07637838076298142,1.0007594964175097
2026-03-19,IT,-3.3143584116727243,-0.784944419432861,-0.4903675049095696,-0.21748588750103154,-0.5674585319318295,-0.41231021986666905,1.4692793984869545
2026-03-19,Media,-2.977731852775811,-0.18925128343935962,-0.09066753109456517,-0.1322588371539224,-0.05699244628543723,0.1833829161268323,1.501475484148305
2026-03-19,Metal,-3.2351485716152983,-0.2098149498168977,0.12964534421363638,0.09801968467644326,-0.3078346344933409,0.16281924974929424,1.4716196024047945
2026-03-19,Pharma,-2.345948887506799,0.0013676782385437273,-0.043386903807394,0.00039226355602260335,0.000975414682521124,0.37400187780473565,0.983134343028794
2026-03-19,Realty,-3.8108888958858667,-0.5153754162753106,-0.3678065954043523,-0.3175992815792488,-0.19777613469606176,-0.14274121670911866,1.7400805217040278
2026-03-19,Banking,-3.3890920367037225,-0.3891424525466599,-0.16036857567932902,-0.08389094771162292,-0.305251504835037,-0.016508252980467986,0.9949850623136581
2026-03-19,NIFTY50,-3.2620779262169552,-0.3726341995661919,-0.19728140758962973,-0.1106609931543101,-0.2619732064118818,0.0,0.8435028063871604
2026-03-20,Auto,0.840476691936276,-0.3546794519038761,-0.1879508238581094,-0.08278414559167929,-0.2718953063121968,-0.015551507076015936,1.3016454034203468
2026-03-20,Energy,0.7546411675822595,-0.02273972290945759,0.05066994154790376,0.006531894342209791,-0.02927161725166738,0.3163882219184026,1.154938569901908
2026-03-20,FMCG,0.31070317160801775,-0.24753246271684776,-0.2574974698182342,-0.17681598172056873,-0.07071648099627903,0.09159548211101243,0.8783298354882301
2026-03-20,Infra,0.9591017984265093,-0.2478625429548483,-0.1435256051963185,-0.07066641812972058,-0.17719612482512773,0.09126540187301188,1.0007594964175097
2026-03-20,IT,2.169379587097575,-0.6940740514661433,-0.48851657486348066,-0.2114353199348827,-0.4826387315312606,-0.35494610663828313,1.4692793984869545
2026-03-20,Media,-0.48419503773386996,-0.20216386612201373,-0.10835918129420934,-0.1260775280720979,-0.07608633804991582,0.13696407870584645,1.501475484148305
2026-03-20,Metal,1.4525318911666307,-0.12734229634066446,0.13042503719335038,0.1080102217576864,-0.23535251809835087,0.21178564848719572,1.4716196024047945
2026-03-20,Pharma,1.9864979328025,0.06847319156577213,-0.023219314457964182,0.011937187931796923,0.05653600363397521,0.4076011363936323,0.983134343028794
2026-03-20,Realty,-0.9317857143787411,-0.5272302180321398,-0.38380722029537595,-0.3253108670715507,-0.20191935096058905,-0.18810227320427958,1.7400805217040278
2026-03-20,Banking,-0.0448059320686256,-0.3809798656612221,-0.1677403613696991,-0.08555506180822235,-0.29542480385299974,-0.04185192083336192,0.9949850623136581
2026-03-20,NIFTY50,0.4884308965338757,-0.3391279448278602,-0.2023631078242579,-0.10881017528962966,-0.23031776953823052,0.0,0.8435028063871604
2026-03-23,Auto,-3.160517635527038,-0.4425649107085269,-0.2410295561430117,-0.1298312640787453,-0.3127336466297816,-0.010028121722148786,1.3016454034203468
2026-03-23,Energy,-2.9766141511717414,-0.14232504035951699,-0.007924275260770174,-0.03112719973671043,-0.11119784062280655,0.2902117486268611,1.154938569901908
2026-03-23,FMCG,-2.4900254970673386,-0.40616667614088736,-0.307654700792912,-0.20827003528484483,-0.19789664085604253,0.026370112845490734,0.8783298354882301
2026-03-23,Infra,-2.570978789646927,-0.3471021372663397,-0.18374479578011974,-0.10788355127925457,-0.23921858598708512,0.08543465172003839,1.0007594964175097
2026-03-23,IT,-0.17996420782471212,-0.6509858456328333,-0.47825031191169043,-0.22678038024959887,-0.42420546538323445,-0.21844905664645525,1.4692793984869545
2026-03-23,Media,-3.965213467785589,-0.3289535852085253,-0.18769672283606356,-0.16930637088369246,-0.15964721432483284,0.1035832037778528,1.501475484148305
2026-03-23,Metal,-4.813036338196319,-0.2939144207638033,0.041139466597907945,0.04662623118396184,-0.34054065194776517,0.1386223682225748,1.4716196024047945
2026-03-23,Pharma,-2.1631964680554394,0.020259273014707,-0.05543441357656757,-0.011589438057266142,0.031848711071973144,0.4527960620010851,0.983134343028794
2026-03-23,Realty,-4.738655778733714,-0.7061278827082117,-0.4599604366369268,-0.3761384424295987,-0.329989440278613,-0.2735910937218336,1.7400805217040278
2026-03-23,Banking,-3.7233962050327807,-0.508250963900864,-0.22967192491467187,-0.13077313984673192,-0.3774778240541321,-0.0757141749144859,0.9949850623136581
2026-03-23,NIFTY50,-2.6037751600726855,-0.4325367889863781,-0.2460618419821218,-0.14298061836886494,-0.28955617061751315,0.0,0.8435028063871604
2026-03-24,Auto,2.4253439037382973,-0.39465408628490645,-0.20022470764386552,-0.11667150298419413,-0.27798258330071235,0.0012156958424244246,1.3016454034203468
2026-03-24,Energy,0.6974851940805715,-0.13070300681782754,0.009339693040723211,-0.030094173301040566,-0.10060883351678697,0.26516677530950333,1.154938569901908
2026-03-24,FMCG,1.2462625545570205,-0.3751965557396341,-0.2798103618152362,-0.19454571430695103,-0.1806508414326831,0.020673226387696753,0.8783298354882301
2026-03-24,Infra,1.869625227542615,-0.3103900042710765,-0.14768786935926537,-0.09473428046117453,-0.21565572380990194,0.08547977785625438,1.0007594964175097
2026-03-24,IT,1.7217852095616992,-0.5941169677852339,-0.44109164788860233,-0.230368869282496,-0.3637480985027379,-0.19824718565790306,1.4692793984869545
2026-03-24,Media,3.4467685868818654,-0.3596661884272693,-0.13750159901050754,-0.14187068543691647,-0.2177955029903528,0.0362035937000616,1.501475484148305
2026-03-24,Metal,1.8014552632362069,-0.2858621884027123,0.0687243744114291,0.06838390076650411,-0.3542460891692164,0.11000759372461855,1.4716196024047945
2026-03-24,Pharma,0.8465983248705289,-0.001510061750560728,-0.03274894377371496,-0.013299105854328096,0.011789044103767368,0.39435972037677014,0.983134343028794
2026-03-24,Realty,1.5902905343253337,-0.7400026848499283,-0.4362847687669012,-0.35298729775188165,-0.3870153870980466,-0.3441329027225974,1.7400805217040278
2026-03-24,Banking,2.2705084057914604,-0.462995147753719,-0.18857126213367492,-0.10815399754796927,-0.35484115020574974,-0.06712536562638816,0.9949850623136581
2026-03-24,NIFTY50,1.7756683156527453,-0.39586978212733087,-0.2142357303276284,-0.13107142489033416,-0.26479835723699674,0.0,0.8435028063871604
2026-03-25,Auto,2.216373927963211,-0.366562420050448,-0.1545709361729547,-0.08790755402420151,-0.27865486602624645,-0.01927621132457291,1.3016454034203468
2026-03-25,Energy,1.351102931965964,-0.09406348413685738,0.03358199964526373,-0.012018550292430197,-0.08204493384442718,0.2532227245890177,1.154938569901908
2026-03-25,FMCG,1.8855479871470404,-0.317670140263553,-0.24893798657565577,-0.16787848466023858,-0.14979165560331442,0.029616068462322065,0.8783298354882301
2026-03-25,Infra,1.7557372849926312,-0.25971844950164985,-0.11442729888058796,-0.07995073980815103,-0.1797677096934988,0.08756775922422522,1.0007594964175097
2026-03-25,IT,0.07555218011419118,-0.6014769740671148,-0.4226204689461817,-0.2242264404887932,-0.37725053357832156,-0.2541907653412397,1.4692793984869545
2026-03-25,Media,1.126063401804922,-0.40204818073620596,-0.10840336108687025,-0.12319619752436821,-0.27885198321183774,-0.054761972010330895,1.501475484148305
2026-03-25,Metal,2.5594172670573734,-0.22771345950574354,0.10154517725238472,0.09196854263815052,-0.3196820021438941,0.11957274922013153,1.4716196024047945
2026-03-25,Pharma,1.9782066533658549,0.07642308705778605,0.005549104310596512,0.00408767047127494,0.07233541658651112,0.4237092957836611,0.983134343028794
2026-03-25,Realty,2.6930726389438497,-0.6622461563704036,-0.3876343848236,-0.32774351827850257,-0.33450263809190106,-0.31495994764452856,1.7400805217040278
2026-03-25,Banking,2.0956934430906404,-0.3907787422810224,-0.1487923137978342,-0.0869143974644377,-0.3038643448165847,-0.04349253355514732,0.9949850623136581
2026-03-25,NIFTY50,1.719805962740728,-0.34728620872587507,-0.17920971072694117,-0.1121063025223301,-0.23517990620354495,0.0,0.8435028063871604
2026-03-27,Auto,-2.8199915463776537,-0.5038065466766365,-0.19271773061776393,-0.1134382865863041,-0.3903682600903324,-0.08448683735835288,1.3016454034203468
2026-03-27,Energy,-0.960862079894742,-0.12484236784316498,0.026602490085551236,-0.024943862241558628,-0.09989850560160635,0.2944773414751186,1.154938569901908
2026-03-27,FMCG,-1.8106845548338968,-0.3794107896402544,-0.28094193439298476,-0.19437906448309675,-0.18503172515715763,0.03990891967802923,0.8783298354882301
2026-03-27,Infra,-1.8807142321086268,-0.33802569516846603,-0.13777409921676867,-0.10301187147626673,-0.2350138236921993,0.08129401414981757,1.0007594964175097
2026-03-27,IT,-0.4369555334996611,-0.5575303838630885,-0.41738969637163686,-0.21762339109880713,-0.3399069927642814,-0.1382106745448049,1.4692793984869545
2026-03-27,Media,-1.2927638276758024,-0.46151189440715606,-0.14542374845730768,-0.13793581845721892,-0.32357607594993715,-0.04219218508887246,1.501475484148305
2026-03-27,Metal,-1.5918411029468338,-0.29392738031847715,0.07764428798833173,0.08412949622246503,-0.37805687654094217,0.12539232899980646,1.4716196024047945
2026-03-27,Pharma,-0.5033141486347925,0.02607335641499211,0.0049741600586757475,-0.008079750900007213,0.03415310731499932,0.4453930657332757,0.983134343028794
2026-03-27,Realty,-3.171500064465682,-0.7889579410801442,-0.42926395091615,-0.3620976713811464,-0.42686026969899776,-0.36963823176186056,1.7400805217040278
2026-03-27,Banking,-2.6690572898612652,-0.4862875457531169,-0.19104539282732885,-0.11915132565414802,-0.36713622009896885,-0.06696783643483328,0.9949850623136581
2026-03-27,NIFTY50,-2.088905112938999,-0.4193197093182836,-0.2076120770922951,-0.1366430554121504,-0.28267665390613317,0.0,0.8435028063871604
2026-03-30,Auto,-2.3913880738820503,-0.579472528868359,-0.25052294005939374,-0.14950719765051027,-0.42996533121784875,-0.10767473169163128,1.3016454034203468
2026-03-30,Energy,-1.0367844042849073,-0.1407969278587806,0.011944560971894343,-0.042002222664944376,-0.09879470519383621,0.33100086931794714,1.154938569901908
2026-03-30,FMCG,-1.9138582473248844,-0.42618204221897,-0.3080291076301683,-0.21797088956868257,-0.20821115265028742,0.045615754957757715,0.8783298354882301
2026-03-30,Infra,-1.8284733288613575,-0.3925024480518646,-0.1659900098539189,-0.12703613582323894,-0.2654663122286257,0.07929534912486308,1.0007594964175097
2026-03-30,IT,-1.621611436448478,-0.4278028347232291,-0.4320481443273962,-0.23790473862888917,-0.18989809609433994,0.0439949624534986,1.4692793984869545
2026-03-30,Media,-2.4996118688341173,-0.5012018511013512,-0.1863231766449391,-0.17017721142851963,-0.3310246396728316,-0.029404053924623474,1.501475484148305
2026-03-30,Metal,-0.20830252862541476,-0.3015904329798868,0.04041153189210667,0.08169860469226445,-0.3832890376721513,0.1702073641968409,1.4716196024047945
2026-03-30,Pharma,-1.4772468498311375,-0.016051327269857786,-0.016823113342402763,-0.02675997370380009,0.010708646433942304,0.4557464699068699,0.983134343028794
2026-03-30,Realty,-2.8351860490660186,-0.835106828046428,-0.46245711802232614,-0.39855815360881147,-0.4365486744376165,-0.3633090308697003,1.7400805217040278
2026-03-30,Banking,-3.8245150421848284,-0.6134640010056261,-0.2615436002812708,-0.1700982625346222,-0.4433657384710039,-0.14166620382889844,0.9949850623136581
2026-03-30,NIFTY50,-2.139385559374285,-0.4717977971767277,-0.2430597047676118,-0.164848082783938,-0.30694971439278973,0.0,0.8435028063871604
2026-04-01,Auto,1.9741603043869738,-0.48212196139353747,-0.2355450310033114,-0.12334968625063794,-0.35877227514289955,-0.10568056711776769,1.3016454034203468
2026-04-01,Energy,1.5872514143605354,-0.01996938541362659,0.013899436140335331,-0.01771618484204731,-0.0022532005715792808,0.3564720088621432,1.154938569901908
2026-04-01,FMCG,1.3116348458821037,-0.3192706622769966,-0.29956954099856786,-0.19713688638849172,-0.12213377588850485,0.057170731998773205,0.8783298354882301
2026-04-01,Infra,1.2632875042505987,-0.30872324614798535,-0.1643445894203053,-0.1094191743765327,-0.19930407177145265,0.06771814812778443,1.0007594964175097
2026-04-01,IT,2.0867065576589683,-0.3101260919250433,-0.39224535972663543,-0.20250077315691373,-0.10762531876812959,0.06631530235072647,1.4692793984869545
2026-04-01,Media,3.689031955364541,-0.3527940061268634,-0.1497795083622107,-0.12664510419295688,-0.22614890193390652,0.02364738814890638,1.501475484148305
2026-04-01,Metal,2.4568107130789274,-0.10937457601819592,0.05713280151461201,0.12086885721694696,-0.23024343323514287,0.26706681825757383,1.4716196024047945
2026-04-01,Pharma,-0.9924789017081048,-0.020634326757294687,-0.04694023403023015,-0.030307296551032658,0.009672969793737971,0.3558070675184751,0.983134343028794
2026-04-01,Realty,2.1270022370651676,-0.6900095648844214,-0.4426237445848491,-0.3537098564969682,-0.33629970838745327,-0.31356817060865166,1.7400805217040278
2026-04-01,Banking,2.3337417611916766,-0.505318979341152,-0.2342132495515631,-0.1429721420660536,-0.3623468372750984,-0.12887758506538222,0.9949850623136581
2026-04-01,NIFTY50,1.5583438293735208,-0.3764413942757698,-0.22934369798545146,-0.14311669923310036,-0.23332469504266942,0.0,0.8435028063871604
2026-04-02,Auto,-0.6155375405782149,-0.47830758892486813,-0.2458039900129483,-0.13287658417470435,-0.34543100475016375,-0.07912107027118936,1.3016454034203468
2026-04-02,Energy,-0.29221692726464354,-0.0928905234943992,0.009029154019257938,-0.01815796714233449,-0.07473255635206472,0.3062959951592796,1.154938569901908
2026-04-02,FMCG,0.20851249487439105,-0.33960810020980653,-0.2960943327506614,-0.1951683163080369,-0.14443978390176962,0.05957841844387224,0.8783298354882301
2026-04-02,Infra,-0.44987370958137207,-0.3626849974096402,-0.17184248457999482,-0.11642751827659378,-0.24625747913304644,0.03650152124403855,1.0007594964175097
2026-04-02,IT,2.6033810221799625,-0.2291145933184165,-0.36150168460430027,-0.20660476431635585,-0.02250982900206064,0.17007192533526228,1.4692793984869545
2026-04-02,Media,-0.38597131870174994,-0.3366058484283011,-0.15621236367390653,-0.12797274700293546,-0.20863310142536565,0.06258067022537767,1.501475484148305
2026-04-02,Metal,0.3903751337397843,-0.11944008648078573,0.06363905374360841,0.12515818541168233,-0.24459827189246808,0.279746432172893,1.4716196024047945
2026-04-02,Pharma,-0.923146079140269,-0.08268181596336616,-0.0623260020159013,-0.041249330142868225,-0.04143248582049793,0.3165047026903126,0.983134343028794
2026-04-02,Realty,1.0676655016447434,-0.7074401296321688,-0.4248293195574367,-0.33795268545135804,-0.3694874441808108,-0.3082536109784901,1.7400805217040278
2026-04-02,Banking,0.19456597119671404,-0.5410605933973538,-0.23459852376508178,-0.14678661967843434,-0.3942739737189195,-0.14187407474367503,0.9949850623136581
2026-04-02,NIFTY50,0.14858954897207788,-0.39918651865367877,-0.22794842961421738,-0.14758086055024872,-0.25160565810343005,0.0,0.8435028063871604
2026-04-06,Auto,1.082415044518359,-0.4596323633867394,-0.2640685461122065,-0.1256916263519498,-0.3339407370347896,-0.09235571055651393,1.3016454034203468
2026-04-06,Energy,0.2531248872645886,-0.08460869002784456,-0.03157316706479692,-0.018432839446127003,-0.06617585058171756,0.28266796280238093,1.154938569901908
2026-04-06,FMCG,0.795771678764523,-0.34292516145816154,-0.21082246917721462,-0.18724727417749704,-0.1556778872806645,0.024351491372063938,0.8783298354882301
2026-04-06,Infra,0.4472785678576452,-0.35186746127954954,-0.19028131083832983,-0.11778719655987821,-0.23408026471967133,0.015409191550675938,1.0007594964175097
2026-04-06,IT,0.6409076029791239,-0.24206378042035995,-0.3573169191631912,-0.19944314734710847,-0.04262063307325148,0.12521287240986553,1.4692793984869545
2026-04-06,Media,-0.21866541138777507,-0.36665230615554006,-0.1808531576745464,-0.11330314267362024,-0.2533491634819198,0.0006243466746854165,1.501475484148305
2026-04-06,Metal,1.1076619149817946,-0.04721909350404688,0.04416324579086269,0.13726230143396764,-0.18448139493801452,0.32005755932617863,1.4716196024047945
2026-04-06,Pharma,0.12357265213081003,-0.09221408140883348,-0.06519891062858978,-0.037915907903740186,-0.0542981735050933,0.275062571421392,0.983134343028794
2026-04-06,Realty,2.2318108235196643,-0.6228875264842675,-0.42721326733530607,-0.3116517422228815,-0.311235784261386,-0.255610873654042,1.7400805217040278
2026-04-06,Banking,2.056987924052467,-0.48479412432265645,-0.2125798651467316,-0.12640140763921084,-0.35839271668344563,-0.11751747149243097,0.9949850623136581
2026-04-06,NIFTY50,1.123362266767347,-0.3672766528302255,-0.22082700045182593,-0.14104854823974672,-0.22622810459047876,0.0,0.8435028063871604
2026-04-07,Auto,0.09404523234786133,-0.47460474127986857,-0.2677377303536425,-0.12399541713263383,-0.3506093241472347,-0.11770767638219198,1.3016454034203468
2026-04-07,Energy,0.5354809084808121,-0.07854441632470026,-0.012283512887018188,-0.0008207566658644231,-0.07772365965883583,0.2783526485729763,1.154938569901908
2026-04-07,FMCG,0.8155587276804432,-0.35618147182865384,-0.20860601584020624,-0.17974913723435443,-0.1764323345942994,0.0007155930690227463,0.8783298354882301
2026-04-07,Infra,0.4475850336649101,-0.3602428428403677,-0.17614864569055477,-0.10927747530181602,-0.2509653675385517,-0.0033457779426911416,1.0007594964175097
2026-04-07,IT,2.5028888976440955,-0.1176415200627201,-0.29171779516546076,-0.1668955953849507,0.049254075322230584,0.23925554483495648,1.4692793984869545
2026-04-07,Media,0.7996943032727799,-0.3478729789569934,-0.17789242610425468,-0.09575342095194593,-0.25211955800504743,0.009024085940683213,1.501475484148305
2026-04-07,Metal,1.5465998241032564,-0.040008084571986305,0.05987875514920582,0.18049664361093257,-0.22050472818291889,0.3168889803256903,1.4716196024047945
2026-04-07,Pharma,0.15273219788833892,-0.09409478505354268,-0.059179765438008854,-0.030998126879386367,-0.06309665817415631,0.2628022798441339,0.983134343028794
2026-04-07,Realty,1.6737011219063458,-0.5876771739089686,-0.43380874869937575,-0.2723451314398671,-0.31533204246910146,-0.23078010901129198,1.7400805217040278
2026-04-07,Banking,0.20366901223869416,-0.49853679820933505,-0.20622754521652056,-0.11515183041708363,-0.3833849677922514,-0.14163973331165847,0.9949850623136581
2026-04-07,NIFTY50,0.6765878576948658,-0.3568970648976766,-0.2045971048894548,-0.12827063557338117,-0.22862642932429542,0.0,0.8435028063871604
2026-04-08,Auto,6.686203285004644,-0.1818819150934577,-0.15792759069414986,-0.0458449190887716,-0.1360369960046861,0.0019468915425183975,1.3016454034203468
2026-04-08,Energy,2.504196296192207,0.044097798766890045,0.03874121321237379,0.04016089050724876,0.0039369082596412835,0.22792660540286613,1.154938569901908
2026-04-08,FMCG,1.5413939378922548,-0.2461004035412273,-0.18668499054237805,-0.15528480523575042,-0.09081559830547689,-0.06227159690525122,0.8783298354882301
2026-04-08,Infra,4.132067811513074,-0.16278180503596415,-0.08756683687695759,-0.055067984692589195,-0.10771382034337496,0.02104700160001194,1.0007594964175097
2026-04-08,IT,0.5173052362111852,-0.06479771237939415,-0.2921969029767964,-0.16574451516357971,0.10094680278418557,0.11903109425658194,1.4692793984869545
2026-04-08,Media,2.963610867526101,-0.17471570752349244,-0.11106228979985401,-0.05690036921932903,-0.11781533830416341,0.009113099112483647,1.501475484148305
2026-04-08,Metal,2.689018156482792,0.0894925315946105,0.09987302560324522,0.22402990228554684,-0.13453737069093635,0.2733213382305866,1.4716196024047945
2026-04-08,Pharma,0.5601613464735422,-0.0587353915778984,-0.07794341236343744,-0.020419408651636526,-0.03831598292626187,0.1250934150580777,0.983134343028794
2026-04-08,Realty,6.749216441714911,-0.27751320347996067,-0.3157806977160734,-0.1745329011400729,-0.10298030233988778,-0.09368439684398458,1.7400805217040278
2026-04-08,Banking,5.667414578047558,-0.2656890799122599,-0.11383020780073343,-0.05157000449895421,-0.21411907541330566,-0.08186027327628378,0.9949850623136581
2026-04-08,NIFTY50,3.7783792956159967,-0.1838288066359761,-0.13707803776729424,-0.08165760305212778,-0.1021712035838483,0.0,0.8435028063871604
2026-04-09,Auto,-0.38860525886862396,-0.20839288402985617,-0.15115339191896376,-0.04759169475793433,-0.16080118927192183,0.021615889657336712,1.3016454034203468
2026-04-09,Energy,0.8200091794070552,0.025880891499877632,0.05638992371050404,0.05170270855430389,-0.025821817054426256,0.2558896651870705,1.154938569901908
2026-04-09,FMCG,-0.13321827981783718,-0.2692587953258171,-0.18678474636819856,-0.15503104299420073,-0.11422775233161636,-0.039250021638624205,0.8783298354882301
2026-04-09,Infra,-0.7521555124629598,-0.2133792731672927,-0.09171022667095464,-0.0634542356368364,-0.14992503753045627,0.016629500519900198,1.0007594964175097
2026-04-09,IT,0.22302123107174054,-0.024839387109477654,-0.3197003088624946,-0.15693513398216144,0.13209574687268377,0.20516938657771522,1.4692793984869545
2026-04-09,Media,-0.8001517931561453,-0.19218491506896768,-0.12548524311261908,-0.05685715591582362,-0.13532775915314404,0.03782385861822521,1.501475484148305
2026-04-09,Metal,1.2480389236019906,0.08956232647518478,0.12068087733703955,0.23174135362006013,-0.14217902714487535,0.31957110016237766,1.4716196024047945
2026-04-09,Pharma,0.6557221843183969,-0.040340865004956754,-0.0785021069351381,-0.01799943705991298,-0.022341427945043773,0.18966790868223612,0.983134343028794
2026-04-09,Realty,-0.2681863895407255,-0.29806872137456436,-0.31195680522105435,-0.19548841768919453,-0.10258030368536983,-0.06805994768737147,1.7400805217040278
2026-04-09,Banking,-1.5837297630790226,-0.34221250627383015,-0.13668971269917563,-0.06888276645643238,-0.2733297398173978,-0.11220373258663727,0.9949850623136581
2026-04-09,NIFTY50,-0.9261439434677166,-0.23000877368719289,-0.15009773346430905,-0.08875083666835908,-0.14125793701883382,0.0,0.8435028063871604
2026-04-10,Auto,2.853072511496002,-0.14084590270829533,-0.08748576882096609,-0.028784171522541344,-0.112061731185754,0.06901480776329608,1.3016454034203468
2026-04-10,Energy,1.1051697116398085,0.04810376123544923,0.12298943309494641,0.04466937160848302,0.003434389626966211,0.2579644717070406,1.154938569901908
2026-04-10,FMCG,1.1615101616355261,-0.25395518150260127,-0.15235744639662913,-0.15000679733969027,-0.103948384162911,-0.04409447103100986,0.8783298354882301
2026-04-10,Infra,1.3073573549784445,-0.19819482365743007,-0.03857672518685426,-0.061522794095678,-0.13667202956175206,0.011665886814161336,1.0007594964175097
2026-04-10,IT,-1.9142615874541469,-0.04140921347012421,-0.3184986196813629,-0.19442784683800993,0.1530186333678857,0.1684514970014672,1.4692793984869545
2026-04-10,Media,1.9604915013459179,-0.13337647174775843,-0.06976940990289335,-0.05308632169503785,-0.08029015005272058,0.07648423872383298,1.501475484148305
2026-04-10,Metal,1.0360040989480845,0.13165773925317598,0.19464089011656877,0.2203870321457461,-0.08872929289257012,0.3415184497247674,1.4716196024047945
2026-04-10,Pharma,0.13304127429505375,-0.05463472362147024,-0.053116629633759856,-0.029869731838984007,-0.024764991782486232,0.15522598685012118,0.983134343028794
2026-04-10,Realty,2.0840336134453796,-0.22230554508009817,-0.24873681947925555,-0.18478299424396064,-0.037522550836137536,-0.01244483460850676,1.7400805217040278
2026-04-10,Banking,1.9901805248620175,-0.2808999650965708,-0.09506453797191433,-0.06013899442410623,-0.22076097067246456,-0.07103925462497937,0.9949850623136581
2026-04-10,NIFTY50,1.1587753764504383,-0.2098607104715914,-0.11395920359271856,-0.08963309196375704,-0.12022761850783437,0.0,0.8435028063871604
2026-04-13,Auto,-2.0883288523190435,-0.1953792801899371,-0.10309367722236322,-0.048266924738836654,-0.14711235545110046,0.00592198016825532,1.3016454034203468
2026-04-13,Energy,0.055008575453374675,0.023940402866656805,0.13927964220001496,0.051726767956584464,-0.02778636508992766,0.22524166322484923,1.154938569901908
2026-04-13,FMCG,-1.2940442516042538,-0.3034130533269834,-0.15594087277760865,-0.16494519000369998,-0.1384678633232834,-0.10211179296879094,0.8783298354882301
2026-04-13,Infra,-0.797435438204408,-0.20084221611704128,-0.03764890270888574,-0.06852145449382076,-0.13232076162322054,0.0004590442411511464,1.0007594964175097
2026-04-13,IT,-1.1627194854977763,0.07799261204009199,-0.342575659875175,-0.2097764418007951,0.2877690538408871,0.2792938723982844,1.4692793984869545
2026-04-13,Media,-0.35159148326164846,-0.10149436102560837,-0.06159933499911117,-0.06631570098091788,-0.03517866004469049,0.09980689933258406,1.501475484148305
2026-04-13,Metal,-0.21932427795121612,0.0933898313904051,0.196555044010893,0.21870125460326678,-0.12531142321286168,0.29469109174859753,1.4716196024047945
2026-04-13,Pharma,-0.2921292097222805,-0.07227071557409427,-0.043356501472500336,-0.03314722095755933,-0.03912349461653494,0.12903054478409814,0.983134343028794
2026-04-13,Realty,-0.27000168494814014,-0.1466648223555474,-0.21549572371492556,-0.1797981930446688,0.033133370689121394,0.05463643800264503,1.7400805217040278
2026-04-13,Banking,-0.5503203093212172,-0.28743996144317996,-0.09209116076135042,-0.07015938623279848,-0.21728057521038147,-0.08613870108498753,0.9949850623136581
2026-04-13,NIFTY50,-0.8646321593950623,-0.20130126035819243,-0.1159037174401471,-0.09967471844391249,-0.10162654191427994,0.0,0.8435028063871604
2026-04-15,Auto,1.5279114118824877,-0.20604699162450443,-0.07312470513860413,-0.03817123481235395,-0.16787575681215047,-0.0514967365052173,1.3016454034203468
2026-04-15,Energy,2.146654466062725,0.08734858621633482,0.17194517044623972,0.08203728505021811,0.005311301166116708,0.24189884133562195,1.154938569901908
2026-04-15,FMCG,1.513546288551626,-0.24466894812084608,-0.1404838025131805,-0.15063684775866676,-0.09403210036217932,-0.09011869300155895,0.8783298354882301
2026-04-15,Infra,2.0134849969879465,-0.12366869074388591,-0.00937568261396257,-0.042924673894842884,-0.08074401684904303,0.030881564375401224,1.0007594964175097
2026-04-15,IT,2.8365010420343006,0.12009732877222844,-0.293593565312745,-0.17704911789957428,0.29714644667180273,0.27464758389151556,1.4692793984869545
2026-04-15,Media,2.1501028723222904,-0.045180893172770735,0.0001367204447176344,-0.04855119912855612,0.0033703059557853854,0.10936936194651639,1.501475484148305
2026-04-15,Metal,1.7738249436464404,0.06263967607565947,0.1929275384295372,0.2363231372827358,-0.17368346120707634,0.21718993119494662,1.4716196024047945
2026-04-15,Pharma,1.5183224835224607,-0.08348951222186525,-0.011274126523790718,-0.022852407495841023,-0.060637104726024224,0.07106074289742188,0.983134343028794
2026-04-15,Realty,2.55546424643307,-0.05521976334939153,-0.15250035811451307,-0.14925535108698393,0.09403558773759241,0.09933049176989561,1.7400805217040278
2026-04-15,Banking,1.2533006043670358,-0.24544763753755178,-0.07679899208615579,-0.05652023420785043,-0.18892740332970134,-0.09089738241826464,0.9949850623136581
2026-04-15,NIFTY50,1.6300637062472756,-0.15455025511928713,-0.09567624560891479,-0.0810287990874165,-0.07352145603187063,0.0,0.8435028063871604
2026-04-16,Auto,-0.3789194273146057,-0.2452469271512362,-0.07368944267766059,-0.051118465933815374,-0.19412846121742083,-0.08410579399042029,1.3016454034203468
2026-04-16,Energy,0.5033755774013882,0.0984523411158256,0.18308332286429493,0.08791324165737789,0.010539099458447707,0.2595934742766415,1.154938569901908
2026-04-16,FMCG,0.1811954401520266,-0.23336407077352928,-0.13214426001238622,-0.14671892921032634,-0.08664514156320294,-0.07222293761271337,0.8783298354882301
2026-04-16,Infra,0.08074027015176899,-0.1316545412087022,0.010944287483663488,-0.03936307649454654,-0.09229146471415567,0.0294865919521137,1.0007594964175097
2026-04-16,IT,0.8806347545557536,0.14641077466033933,-0.2898123009460209,-0.1715491592447909,0.3179599339051302,0.30755190782115527,1.4692793984869545
2026-04-16,Media,0.593674655852916,-0.002697546152629397,-0.002678142604019529,-0.03934403314756177,0.03664648699493237,0.1584435870081865,1.501475484148305
2026-04-16,Metal,1.5317197586268705,0.1006319584729902,0.2126456869208465,0.2468491490467664,-0.1462171905737762,0.26177309163380613,1.4716196024047945
2026-04-16,Pharma,0.13081684223099632,-0.11525053259364632,-0.0012894274059247924,-0.016057874985881963,-0.09919265760776436,0.04589060056716959,0.983134343028794
2026-04-16,Realty,0.386324132014515,-0.049872144756672995,-0.1357330854528904,-0.13358293768421223,0.08371079292753923,0.11126898840414291,1.7400805217040278
2026-04-16,Banking,-0.38284781298161263,-0.2660914796050285,-0.08677664072680726,-0.059447377583140316,-0.20664410202188818,-0.10495034644421258,0.9949850623136581
2026-04-16,NIFTY50,-0.1425873978533332,-0.1611411331608159,-0.09430779743081577,-0.08145974653607557,-0.07968138662474034,0.0,0.8435028063871604
2026-04-17,Auto,0.1980460717703858,-0.1765462357576149,-0.05885071371705112,-0.04838210577747929,-0.12816412998013563,-0.07856713561879704,1.3016454034203468
2026-04-17,Energy,1.8253360307452615,0.17154315005186607,0.20355156646781467,0.1106912593203729,0.06085189073149318,0.26952225019068393,1.154938569901908
2026-04-17,FMCG,2.6455294748974234,-0.08874312875583938,-0.07795582740188618,-0.11513096819164793,0.026387839435808552,0.009235971382978492,0.8783298354882301
2026-04-17,Infra,0.8436622110612912,-0.06427727874591449,0.01926106720703794,-0.02505118742633792,-0.03922609131957657,0.03370182139290338,1.0007594964175097
2026-04-17,IT,-0.024044600062855803,0.14019264130093984,-0.2721717641615149,-0.17156480329663326,0.3117574445975731,0.23817174143975772,1.4692793984869545
2026-04-17,Media,1.3377173506891715,0.02200307917209492,0.017731072363566917,-0.020005095734578506,0.042008174906673426,0.11998217931091279,1.501475484148305
2026-04-17,Metal,1.0973124640453857,0.19273325048760306,0.18599150130126346,0.26304999508260607,-0.070316744595003,0.2907123506264209,1.4716196024047945
2026-04-17,Pharma,0.1435566436679192,-0.060497351015857605,0.005306388717212407,-0.015300221475884371,-0.045197129539973235,0.03748174912296027,0.983134343028794
2026-04-17,Realty,0.9428563576664217,0.05689206391568226,-0.10467210594309198,-0.12080717411166994,0.1776992380273522,0.15487116405450013,1.7400805217040278
2026-04-17,Banking,0.8545757877181481,-0.20172154379429358,-0.07257141047766111,-0.04236455843959511,-0.15935698535469847,-0.1037424436554757,0.9949850623136581
2026-04-17,NIFTY50,0.6480241406387144,-0.09797910013881787,-0.079187197653397,-0.0681660189768211,-0.02981308116199677,0.0,0.8435028063871604
2026-04-20,Auto,0.3302469500662042,-0.09229282438106869,-0.04579541766768114,-0.031381537339723306,-0.06091128704134538,-0.03729098207348789,1.3016454034203468
2026-04-20,Energy,0.7791553074385726,0.25076532869505325,0.22981885296371685,0.1304535242143159,0.12031180448073733,0.30576717100263406,1.154938569901908
2026-04-20,FMCG,-0.2054060040980521,-0.07013477545932921,-0.07767497959926797,-0.10855004305947386,0.038415267600144645,-0.015132933151748414,0.8783298354882301
2026-04-20,Infra,0.08860011813349722,0.012999837866092637,0.021808700431500214,-0.014975446668291283,0.027975284534383922,0.06800168017367343,1.0007594964175097
2026-04-20,IT,-0.7044975443988077,0.15275064986381573,-0.3396096272077341,-0.18779812247921,0.3405487723430257,0.20775249217139652,1.4692793984869545
2026-04-20,Media,0.9000423704459193,0.112732635627764,0.03850132475121321,-0.012784515701330774,0.12551715132909477,0.1677344779353448,1.501475484148305
2026-04-20,Metal,-0.3909131162655233,0.17176494147938393,0.18824461009641025,0.26416191996585087,-0.09239697848646694,0.22676678378696472,1.4716196024047945
2026-04-20,Pharma,-0.18002200268921742,-0.06712977131025923,0.0236601269738762,-0.017438699202288778,-0.04969107210797045,-0.01212792900267843,0.983134343028794
2026-04-20,Realty,-0.6163472449635665,0.08993835989013305,-0.1207285575345814,-0.11931013956575093,0.20924849945588397,0.14494020219771384,1.7400805217040278
2026-04-20,Banking,0.029438942645443333,-0.16277764031585837,-0.08648712589964304,-0.04343303946949287,-0.1193446008463655,-0.10777579800827758,0.9949850623136581
2026-04-20,NIFTY50,0.04639499277327985,-0.055001842307580796,-0.08028090850711748,-0.06567863551218855,0.010676793204607758,0.0,0.8435028063871604
2026-04-21,Auto,0.38796949913464385,0.0020903255622502985,-0.041515499553508306,-0.030643936647497927,0.032734262209748226,-0.023514453662127868,1.3016454034203468
2026-04-21,Energy,0.38918252032167366,0.34272448503235153,0.24744424650993413,0.13854103822020064,0.2041834468121509,0.3171197058079734,1.154938569901908
2026-04-21,FMCG,2.551372065804669,0.07757877263289985,-0.0462578706937942,-0.08546288347886104,0.16304165611176089,0.051973993408521685,0.8783298354882301
2026-04-21,Infra,0.34710812387670487,0.09692262747126275,0.04266206805268531,-0.01014892211359975,0.1070715495848625,0.07131784824688459,1.0007594964175097
2026-04-21,IT,0.4538426644135507,0.16431653068499844,-0.3241934369973772,-0.19847097189355373,0.3627875025785522,0.13871175146062026,1.4692793984869545
2026-04-21,Media,0.9654772493677077,0.2464483409445843,0.08525449630940728,0.01401085404373658,0.2324374869008477,0.2208435617202061,1.501475484148305
2026-04-21,Metal,0.041697234235704705,0.3062865527347803,0.18994530680861116,0.2639487190115672,0.04233783372321309,0.28068177351040213,1.4716196024047945
2026-04-21,Pharma,-0.08149345408395847,-0.02853656440214404,0.02836337192674842,-0.020822692436423852,-0.0077138719657201885,-0.054141343626522204,0.983134343028794
2026-04-21,Realty,2.1354149309765313,0.2648445862040731,-0.0519222086458948,-0.10154454032324597,0.36638912652731903,0.2392398069796949,1.7400805217040278
2026-04-21,Banking,1.3946003205228763,-0.055885169269488034,-0.05759172599861085,-0.026822577474690714,-0.02906259179479732,-0.0814899484938662,0.9949850623136581
2026-04-21,NIFTY50,0.8690798564113589,0.025604779224378166,-0.05873570297129297,-0.058063890329438254,0.08366866955381642,0.0,0.8435028063871604
2026-04-22,Auto,-0.6570813510638374,-0.08180263363052699,-0.011189925036860782,-0.04621427604571048,-0.03558835758481651,-0.041623868892188436,1.3016454034203468
2026-04-22,Energy,1.4223178342938958,0.3260480081959235,0.30812061391104784,0.15479874311935946,0.17124926507656404,0.36622677293426203,1.154938569901908
2026-04-22,FMCG,0.7455680446329271,0.08882254094630761,-0.009161959185725784,-0.0770490007710108,0.1658715417173184,0.12900130568464616,0.8783298354882301
2026-04-22,Infra,0.08608528123383863,0.025980327363206063,0.07418089454177916,-0.013805894070469336,0.0397862214336754,0.06615909210154462,1.0007594964175097
2026-04-22,IT,-3.8855486747273793,0.0544317704699245,-0.3546167754475976,-0.25159032860603936,0.30602209907596384,0.09461053520826306,1.4692793984869545
2026-04-22,Media,0.6860010564793573,0.2335832150036018,0.12581774228489442,0.026913429239154487,0.2066697857644473,0.27376197974194033,1.501475484148305
2026-04-22,Metal,0.44565792997661724,0.24489509555725675,0.22879975835630356,0.26144729988878956,-0.016552204331532816,0.2850738602955953,1.4716196024047945
2026-04-22,Pharma,0.07576281156629339,-0.07501399734808864,0.06139518355739522,-0.019409872572536808,-0.055604124775551836,-0.034835232609750084,0.983134343028794
2026-04-22,Realty,0.5758967869718301,0.22289772517324338,0.041607441922330936,-0.09895306072787816,0.32185078590112154,0.26307648991158195,1.7400805217040278
2026-04-22,Banking,-0.4305277335042046,-0.08728997755695912,-0.05121063036124252,-0.04076104584633096,-0.04652893171062816,-0.04711121281862057,0.9949850623136581
2026-04-22,NIFTY50,-0.8076788618238351,-0.040178764738338556,-0.049202222105954964,-0.07355524778488072,0.033376483046542164,0.0,0.8435028063871604
2026-04-23,Auto,-2.35215315781514,-0.12483636648178233,-0.045639538344924103,-0.05873641606550538,-0.06609995041627695,-0.09907803144710364,1.3016454034203468
2026-04-23,Energy,0.25077458338453873,0.3302030306327216,0.31179805294817237,0.1742318480400018,0.1559711825927198,0.3559613656674003,1.154938569901908
2026-04-23,FMCG,-0.11426004414148982,0.08702712181481699,-0.001059138380734385,-0.06498688717089819,0.15201400898571518,0.11278545684949567,0.8783298354882301
2026-04-23,Infra,-0.4476465534887897,0.0406199520461914,0.06445241902331272,-0.005561451786660903,0.046181403832852304,0.06637828708087008,1.0007594964175097
2026-04-23,IT,-1.2196555929007702,0.012493163179380451,-0.3701872820131998,-0.26189949148206093,0.27439265466144136,0.03825149821405914,1.4692793984869545
2026-04-23,Media,0.8981057994758901,0.28284776316275057,0.148627033173942,0.06725426291468305,0.2155935002480675,0.30860609819742923,1.501475484148305
2026-04-23,Metal,-0.8218162432121034,0.23098759310416722,0.20565181470943122,0.2736509633456021,-0.042663370241434906,0.2567459281388459,1.4716196024047945
2026-04-23,Pharma,2.3642385661192034,0.008908786997474275,0.11076957746019872,0.02169794530867494,-0.012789158311200664,0.03466712203215296,0.983134343028794
2026-04-23,Realty,-1.8298315327828774,0.23140271634089718,0.022866634747031322,-0.0800973766585057,0.3115000929994029,0.2571610513755759,1.7400805217040278
2026-04-23,Banking,-1.434498240170401,-0.06327618948674915,-0.058175731542224704,-0.0466877655373642,-0.01658842394938495,-0.03751785445207047,0.9949850623136581
2026-04-23,NIFTY50,-0.8411190019346093,-0.025758335034678687,-0.05826694367292551,-0.07331597062871885,0.047557635594040165,0.0,0.8435028063871604
2026-04-24,Auto,-0.6785245629778669,-0.01074794371205942,-0.07176890525684616,-0.05832172591376585,0.04757378220170643,-0.004640227905731494,1.3016454034203468
2026-04-24,Energy,-0.232518892159983,0.38319568496350065,0.289096015217822,0.1645861253344648,0.21860955962903586,0.38930340076982856,1.154938569901908
2026-04-24,FMCG,-0.7318074715734091,0.11454426964952945,-0.031928770956177376,-0.07272488152134511,0.18726915117087456,0.12065198545585737,0.8783298354882301
2026-04-24,Infra,-0.8182866954631995,0.0643159920096618,0.03895502977618573,-0.015089526762552454,0.07940551877221426,0.07042370781598972,1.0007594964175097
2026-04-24,IT,-5.290417140128123,-0.16646982862717893,-0.4719359856327742,-0.3074346806376223,0.14096485201044337,-0.160362112820851,1.4692793984869545
2026-04-24,Media,-1.8689055910468766,0.2767813847813346,0.0776583511346607,0.03876451914145232,0.2380168656398823,0.28288910058766253,1.501475484148305
2026-04-24,Metal,-0.3097046387721236,0.3072304104510797,0.1808568588093329,0.273403340150166,0.0338270703009137,0.3133381262574076,1.4716196024047945
2026-04-24,Pharma,-1.7673532635834932,-0.04471363964834867,0.054782213053373906,0.007844254246581868,-0.05255789389493054,-0.038605923842020745,0.983134343028794
2026-04-24,Realty,-1.3504119805201387,0.227718777938255,0.012622417740694539,-0.10567591882204032,0.3333946967602953,0.23382649374458295,1.7400805217040278
2026-04-24,Banking,-0.38229286919456706,0.02570853500296768,-0.07587944308516652,-0.05063162255329385,0.07634015755626153,0.03181625080929561,0.9949850623136581
2026-04-24,NIFTY50,-1.1380506539678703,-0.006107715806327925,-0.08600588725482397,-0.08078644332936998,0.07467872752304205,0.0,0.8435028063871604
2026-04-27,Auto,1.5604534675309756,-0.062022146986742105,-0.02697085247827154,-0.03932069702499944,-0.022701449961742663,-0.05067907795586188,1.3016454034203468
2026-04-27,Energy,1.485948610719534,0.39709230135954804,0.3458992024843209,0.18210790453018236,0.21498439682936568,0.40843537039042827,1.154938569901908
2026-04-27,FMCG,0.5520399871962178,0.10508544822264669,-0.012584542761889436,-0.06628135242996991,0.1713668006526166,0.11642851725352692,0.8783298354882301
2026-04-27,Infra,1.4601838921499688,0.09682726812160795,0.09148645372844635,0.004103626250823286,0.09272364187078466,0.10817033715248818,1.0007594964175097
2026-04-27,IT,2.203075960042078,-0.07778301091734943,-0.4324657853362074,-0.2730281004148379,0.19524508949748845,-0.0664399418864692,1.4692793984869545
2026-04-27,Media,2.297216233392141,0.3031686567314803,0.15778167812313434,0.058951255811046106,0.2442174009204342,0.31451172576236053,1.501475484148305
2026-04-27,Metal,1.8373393132540272,0.3172293608230763,0.22528928305636278,0.2887256330184653,0.028503727804610968,0.3285724298539565,1.4716196024047945
2026-04-27,Pharma,2.6206704586648977,-0.0038542627200137086,0.11409835513777425,0.035056089984957975,-0.03891035270497168,0.007488806310866517,0.983134343028794
2026-04-27,Realty,2.461442726743246,0.25813824432931715,0.10934406577227791,-0.07430291961286328,0.33244116394218043,0.26948131336019737,1.7400805217040278
2026-04-27,Banking,0.31119907157723947,-0.019315241680567176,-0.05022548466322978,-0.04225917304816708,0.022943931367599903,-0.00797217264968695,0.9949850623136581
2026-04-27,NIFTY50,0.8149234824183171,-0.011343069030880226,-0.05652486057000842,-0.06822075175694911,0.056877682726068884,0.0,0.8435028063871604
2026-04-28,Auto,-1.0087101840265955,0.009513364042278457,-0.028203818006207193,-0.06282428994573963,0.07233765398801809,-0.019958406320582996,1.3016454034203468
2026-04-28,Energy,1.2198525053401799,0.42854634863018554,0.35642087404666073,0.19191806890529584,0.2366282797248897,0.39907457826732406,1.154938569901908
2026-04-28,FMCG,-0.3207859500651389,0.13093913106059338,-0.007855856404700065,-0.07216237730067743,0.2031015083612708,0.10146736069773192,0.8783298354882301
2026-04-28,Infra,0.444168020464919,0.14834019467654244,0.08810620870163728,0.004951495052945252,0.14338869962359718,0.11886842431368098,1.0007594964175097
2026-04-28,IT,-0.68331894904613,-0.059221054764417885,-0.4581333053675458,-0.2896500350447353,0.2304289802803174,-0.08869282512727934,1.4692793984869545
2026-04-28,Media,-0.061153349010534264,0.31839178626665116,0.18080891994050682,0.05925554582335284,0.2591362404432983,0.2889200159037897,1.501475484148305
2026-04-28,Metal,0.5053643475702918,0.3471066433261672,0.18262055402592178,0.28254505473480507,0.06456158859136213,0.3176348729633057,1.4716196024047945
2026-04-28,Pharma,-0.05912009175330635,-0.01935691402496499,0.1080338028253695,0.02346862174378393,-0.042825535768748924,-0.04882868438782645,0.983134343028794
2026-04-28,Realty,-0.4139808978304571,0.3014510205639154,0.0957234019541216,-0.08723572008200853,0.3886867406459239,0.2719792502010539,1.7400805217040278
2026-04-28,Banking,-1.5355193377572518,0.0006177658495876,-0.09669167722489676,-0.06402145332874988,0.06463921917833748,-0.028854004513273853,0.9949850623136581
2026-04-28,NIFTY50,-0.4026115924964935,0.029471770362861454,-0.07166864188405471,-0.07875708891413215,0.1082288592769936,0.0,0.8435028063871604
2026-04-29,Auto,1.1453911835209052,0.15414990885438853,-0.020637628009901505,-0.056518699407166736,0.21066860826155526,0.06760128994225366,1.3016454034203468
2026-04-29,Energy,-0.07148153558843573,0.3619798597758587,0.28552800585325977,0.1819188353617524,0.18006102441410632,0.27543124086372384,1.154938569901908
2026-04-29,FMCG,1.7472537967189172,0.24833000150496864,0.03308920622074829,-0.05012733703554866,0.2984573385405173,0.16178138259283376,0.8783298354882301
2026-04-29,Infra,0.8042596897802179,0.19131892756679258,0.08296786422324397,0.000787801256815331,0.19053112630997726,0.10477030865465771,1.0007594964175097
2026-04-29,IT,0.9853266258725624,-0.018254758618669535,-0.44859331824964416,-0.28388609665767456,0.265631338039005,-0.1048033775308044,1.4692793984869545
2026-04-29,Media,-0.4929122697990951,0.29105470462276223,0.13712210583619508,0.0543302008604364,0.23672450376232584,0.20450608571062734,1.501475484148305
2026-04-29,Metal,0.4974488316049186,0.3519022142455993,0.15191334236716816,0.25889523129253744,0.09300698295306187,0.2653535953334644,1.4716196024047945
2026-04-29,Pharma,0.44346900342946416,0.005826191875745535,0.11914248909380697,0.02716465440472474,-0.021338462528979203,-0.08072242703638934,0.983134343028794
2026-04-29,Realty,1.4801285332694425,0.4050226371402237,0.09427518205533225,-0.08777714249611847,0.49279977963634214,0.3184740182280888,1.7400805217040278
2026-04-29,Banking,0.0058663887652965485,0.038778219838649174,-0.10766697161145682,-0.06733592008477896,0.10611413992342814,-0.0477703990734857,0.9949850623136581
2026-04-29,NIFTY50,0.7582657634449097,0.08654861891213488,-0.07010978997359658,-0.07669856934213477,0.16324718825426965,0.0,0.8435028063871604
2026-04-30,Auto,-0.6446063104376898,0.2525796773394403,-0.02002382544022019,-0.05358664389918181,0.30616632123862214,0.12204153825772521,1.3016454034203468
2026-04-30,Energy,-0.4626306894505716,0.4155614541567728,0.24659642930320286,0.17714959959925433,0.23841185455751848,0.28502331507505774,1.154938569901908
2026-04-30,FMCG,-1.3515064343742278,0.22161033159809768,0.025651762498329716,-0.07284359411173336,0.29445392570983103,0.09107219251638257,0.8783298354882301
2026-04-30,Infra,-0.78994352520938,0.24910454031547422,0.05569262261116999,-0.007733405065677563,0.2568379453811518,0.11856640123375911,1.0007594964175097
2026-04-30,IT,0.37151465836331443,0.051392743677059635,-0.42974601189269435,-0.2829964609621976,0.33438920463925725,-0.07914539540465547,1.4692793984869545
2026-04-30,Media,-0.5192659000212818,0.3924626826545593,0.12883527294250058,0.02862146150858213,0.36384122114597717,0.2619245435728442,1.501475484148305
2026-04-30,Metal,-2.122587017956623,0.4416924660706016,0.06537964346900238,0.23354982823337697,0.20814263783722461,0.31115432698888645,1.4716196024047945
2026-04-30,Pharma,0.02944694407138737,0.0702515387393802,0.13311462888972686,0.03184197764425368,0.03840956109512652,-0.060286600342334906,0.983134343028794
2026-04-30,Realty,-1.4957780732558268,0.4001020393637844,0.05810908030428053,-0.10389562565998851,0.503997665023773,0.26956390028206934,1.7400805217040278
2026-04-30,Banking,-0.9751171129020464,0.08752504316755966,-0.13395969547020475,-0.0795148068649898,0.16703985003254945,-0.04301309591415545,0.9949850623136581
2026-04-30,NIFTY50,-0.7449012061355398,0.1305381390817151,-0.08753284265749452,-0.08413708609840193,0.21467522518011703,0.0,0.8435028063871604
2026-05-04,Auto,0.42480635180108806,0.21108123552024669,-0.025179097684669416,-0.04782267794405125,0.2589039134642979,0.10073588623354802,1.3016454034203468
2026-05-04,Energy,0.48600224994121977,0.4677823010646972,0.26399543034088946,0.19076201787051023,0.277020283194187,0.35743695177799856,1.154938569901908
2026-05-04,FMCG,0.3796562733231479,0.19637906504824845,0.009174951630877929,-0.06852496704602344,0.2649040320942719,0.08603371576154979,0.8783298354882301
2026-05-04,Infra,0.5478147438772396,0.264608922842546,0.06617833893221013,0.0030598796022206325,0.26154904324032535,0.15426357355584736,1.0007594964175097
2026-05-04,IT,-0.9462115640642699,0.023148850995224502,-0.4283794638404157,-0.2841373435443369,0.3072861945395614,-0.08719649829147416,1.4692793984869545
2026-05-04,Media,-0.5425840943724225,0.3938471882694624,0.08903469173027796,0.022244391520074173,0.37160279674938823,0.28350183898276377,1.501475484148305
2026-05-04,Metal,1.0882089039659926,0.47043897643304305,0.17040236487756524,0.2549906193096512,0.21544835712339183,0.3600936271463444,1.4716196024047945
2026-05-04,Pharma,0.8933051804817183,0.1416362841383926,0.13632466411387173,0.04802266539717331,0.09361361874121929,0.031290934851693944,0.983134343028794
2026-05-04,Realty,2.4132095909071616,0.5329043557295243,0.08437774841630923,-0.06278811202133001,0.5956924677508544,0.4225590064428257,1.7400805217040278
2026-05-04,Banking,0.027611214168610232,0.04779728490526249,-0.12384265977843405,-0.07122531422557589,0.11902259913083837,-0.06254806438143617,0.9949850623136581
2026-05-04,NIFTY50,0.5073434414612388,0.11034534928669866,-0.07263506183746603,-0.07136208248486117,0.18170743177155985,0.0,0.8435028063871604
2026-05-05,Auto,0.6316362781177753,0.16194350710265018,-0.014577109680089332,-0.038668412560438396,0.20061191966308858,0.08809461878204415,1.3016454034203468
2026-05-05,Energy,0.04869219922747359,0.44149685141662515,0.289696888714528,0.19233364645611073,0.24916320496051442,0.3676479630960191,1.154938569901908
2026-05-05,FMCG,0.6389240066515756,0.24273746158544937,0.03908879937155977,-0.05615918460737341,0.2988966461928228,0.16888857326484336,0.8783298354882301
2026-05-05,Infra,-0.29511500679555436,0.2211370961251358,0.06634908575920027,0.0013408344629740683,0.21979626166216173,0.14728820780452978,1.0007594964175097
2026-05-05,IT,0.10713382000886451,0.059046155271368334,-0.4282589828892552,-0.2861449471497849,0.34519110242115325,-0.014802733049237696,1.4692793984869545
2026-05-05,Media,0.08287226451348939,0.359500914148652,0.11911208492823606,0.042166097817610215,0.31733481633104177,0.28565202582804594,1.501475484148305
2026-05-05,Metal,0.1302690558485864,0.38072767360154863,0.2100566243688336,0.2536985103590576,0.12702916324249103,0.3068787852809426,1.4716196024047945
2026-05-05,Pharma,0.3978540838947886,0.14745421153207725,0.15566168791104784,0.0514276242306624,0.09602658730141485,0.07360532321147122,0.983134343028794
2026-05-05,Realty,-1.4088854478956803,0.4258256881689467,0.07153915101949535,-0.06910642502444836,0.4949321131933951,0.3519767998483407,1.7400805217040278
2026-05-05,Banking,-0.6039691659757485,-0.0006737249282721643,-0.10618858251389215,-0.07590617034143715,0.07523244541316498,-0.0745226132488782,0.9949850623136581
2026-05-05,NIFTY50,-0.35863394542201554,0.07384888832060603,-0.06332503554696482,-0.07356170739683285,0.14741059571743886,0.0,0.8435028063871604
2026-05-06,Auto,2.4087430944221833,0.17830107548924226,-0.021233525317852126,-0.005140355816703179,0.18344143130594545,0.09089688030754497,1.3016454034203468
2026-05-06,Energy,-0.44730803244693584,0.4116574701781443,0.2319600241939825,0.19608621984148292,0.21557125033666139,0.324253274996447,1.154938569901908
2026-05-06,FMCG,-0.25778415710114855,0.23590812585196866,0.02875270146260563,-0.05786460738851363,0.2937727332404823,0.14850393067027137,0.8783298354882301
2026-05-06,Infra,0.4151243811553629,0.19641129006120878,0.02270307208220134,0.009738680847765075,0.1866726092134437,0.10900709487951149,1.0007594964175097
2026-05-06,IT,0.5519180177760985,-0.015089655338025709,-0.44259344562390945,-0.29344005647437255,0.27835040113634685,-0.102493850519723,1.4692793984869545
2026-05-06,Media,1.3627267877324378,0.29329599969682435,0.11691023281318771,0.07136330980463476,0.2219326898921896,0.20589180451512706,1.501475484148305
2026-05-06,Metal,1.0774019178504401,0.42004946838268875,0.18020393235746482,0.26291573670457186,0.1571337316781169,0.33264527320099146,1.4716196024047945
2026-05-06,Pharma,2.296884589446746,0.21884702721773674,0.14361728310795793,0.07962906898001758,0.13921795823771915,0.13144283203603946,0.983134343028794
2026-05-06,Realty,2.627143562305001,0.42177446751950604,0.03541916199156948,-0.04369473213562512,0.46546919965513117,0.33437027233780875,1.7400805217040278
2026-05-06,Banking,2.628923066346456,0.05961960552816798,-0.10281232706168855,-0.04643384786766328,0.10605345339583126,-0.027784589653529305,0.9949850623136581
2026-05-06,NIFTY50,1.240589643353629,0.08740419518169729,-0.08510842870810256,-0.05964827189004929,0.14705246707174657,0.0,0.8435028063871604
2026-05-07,Auto,1.9272610026842552,0.38433974370447227,-0.008815299735957885,0.00263585298412982,0.38170389072034244,0.18878855591653326,1.3016454034203468
2026-05-07,Energy,0.8216817457173731,0.4854009061586351,0.2123377568989014,0.19450936150683226,0.2908915446518029,0.2898497183706961,1.154938569901908
2026-05-07,FMCG,-0.7619459110858706,0.2948884711627434,0.01224499501390012,-0.07111563355330672,0.36600410471605016,0.09933728337480441,0.8783298354882301
2026-05-07,Infra,0.3242918243299808,0.300231378153553,0.001987779675171231,0.0023050180346311675,0.2979263601189218,0.10468019036561399,1.0007594964175097
2026-05-07,IT,-0.7668771633859817,0.06982638627153238,-0.3575590165806643,-0.30363620784920226,0.3734625941207346,-0.12572480151640664,1.4692793984869545
2026-05-07,Media,0.2144176330998837,0.3997009825593475,0.10522484955999391,0.07278864012340569,0.3269123424359418,0.2041497947714085,1.501475484148305
2026-05-07,Metal,0.2730526672338751,0.5369895096776612,0.1635872799303817,0.26542673270164463,0.2715627769760166,0.34143832188972223,1.4716196024047945
2026-05-07,Pharma,0.10451640142787877,0.3005292035155593,0.15094844087705153,0.07125179863359045,0.22927740488196885,0.10497801572762028,0.983134343028794
2026-05-07,Realty,0.6323741072875366,0.5698832342919528,0.027253909008321076,-0.05524331883891724,0.62512655313087,0.37433204650401375,1.7400805217040278
2026-05-07,Banking,0.11851806160134704,0.17653994213833699,-0.10630125520416148,-0.048065736406773696,0.22460567854511068,-0.01901124564960202,0.9949850623136581
2026-05-07,NIFTY50,-0.017668148029703623,0.195551187787939,-0.08854150588912645,-0.06633720913044014,0.2618883969183792,0.0,0.8435028063871604
2026-05-08,Auto,-0.2929764380105948,0.3465579727062433,-0.004060739598816439,-0.009781225003325192,0.35633919770956846,0.18790991684358052,1.3016454034203468
2026-05-08,Energy,-0.8413515744223554,0.4322011480918146,0.2047307125911785,0.17784701039587406,0.2543541376959405,0.2735530922291518,1.154938569901908
2026-05-08,FMCG,0.19082079099872473,0.2908923918091003,0.021679964546126307,-0.07470084927578934,0.36559324108488966,0.13224433594643756,0.8783298354882301
2026-05-08,Infra,-0.15926069530423081,0.2629526283625283,0.007545042703839999,-0.008032860676702915,0.2709854890392312,0.10430457249986555,1.0007594964175097
2026-05-08,IT,1.2074964062526838,0.037763613576702666,-0.3281552189447203,-0.31308984538341955,0.3508534589601222,-0.1208844422859601,1.4692793984869545
2026-05-08,Media,0.04076196686273459,0.41719954937923437,0.10751784162861029,0.06682706226360519,0.3503724871156292,0.2585514935165716,1.501475484148305
2026-05-08,Metal,-0.8693255952473722,0.45959426013052773,0.1661259818949316,0.2401481115057428,0.21944614862478493,0.300946204267865,1.4716196024047945
2026-05-08,Pharma,-0.10440727869734934,0.230832363132231,0.1496527773490016,0.06146457807210089,0.16936778506013012,0.07218430726956823,0.983134343028794
2026-05-08,Realty,-0.4713020439954696,0.5852326899713952,0.029001235969627715,-0.060793916873118886,0.6460266068445141,0.4265846341087325,1.7400805217040278
2026-05-08,Banking,-1.314686634512896,0.1342105853901946,-0.12338464013551377,-0.06709004578306786,0.20130063117326247,-0.024437470472468165,0.9949850623136581
2026-05-08,NIFTY50,-0.6186630612244115,0.15864805586266276,-0.09023994448259873,-0.082026053261951,0.24067410912461376,0.0,0.8435028063871604
2026-05-11,Auto,-1.8578577138438246,0.38997997009568375,-0.026292470306421567,-0.030693047396779884,0.4206730174924636,0.19421657357243108,1.3016454034203468
2026-05-11,Energy,-1.844552590191717,0.4699365334578154,0.16380574654914917,0.15136266097875833,0.31857387247905705,0.2741731369345627,1.154938569901908
2026-05-11,FMCG,0.07768846285101105,0.37648285713971197,-0.014841909500587688,-0.079608848148704,0.45609170528841597,0.1807194606164593,0.8783298354882301
2026-05-11,Infra,-1.917806416309209,0.28472504080711886,-0.031188548229610376,-0.027588183584373507,0.31231322439149234,0.08896164428386619,1.0007594964175097
2026-05-11,IT,-0.22028155799767024,0.036419701904270727,-0.3072830718642812,-0.30669364063970334,0.3431133425439741,-0.15934369461898196,1.4692793984869545
2026-05-11,Media,-2.4884589352929587,0.466424700462322,0.06873555762689834,0.030343751596731607,0.4360809488655904,0.2706613039390693,1.501475484148305
2026-05-11,Metal,-0.9543351466641425,0.5882176331816003,0.14715160620889847,0.22349885545913872,0.36471877772246153,0.39245423665834756,1.4716196024047945
2026-05-11,Pharma,0.2494719499591458,0.31125464373271716,0.1657569583737121,0.06679527219319402,0.24445937153952313,0.11549124720946449,0.983134343028794
2026-05-11,Realty,-3.04759304637916,0.6416014477165468,-0.032263217495832414,-0.09277314185243554,0.7343745895689824,0.4458380511932941,1.7400805217040278
2026-05-11,Banking,-1.5741162064962566,0.20585325200807875,-0.15119885594639265,-0.08449686594042166,0.2903501179485004,0.010089855484826077,0.9949850623136581
2026-05-11,NIFTY50,-1.4903149402549887,0.19576339652325267,-0.11838669623156273,-0.09878676248033032,0.294550159003583,0.0,0.8435028063871604
2026-05-12,Auto,-2.2830771876910183,0.23303260038137322,-0.08081074295176664,-0.05580560496878595,0.28883820535015914,0.15752375951951264,1.3016454034203468
2026-05-12,Energy,-1.2510187945958928,0.40498640050193324,0.13714169684205282,0.14122192886112653,0.26376447164080674,0.3294775596400727,1.154938569901908
2026-05-12,FMCG,-1.4680997564508136,0.2860041134394508,-0.04459622115009165,-0.09120553673034056,0.37720965016979136,0.21049527257759026,0.8783298354882301
2026-05-12,Infra,-1.7411580352535982,0.1643655987139118,-0.07301220277858235,-0.043670046668206314,0.2080356453821181,0.08885675785205123,1.0007594964175097
2026-05-12,IT,-3.7319106129864443,-0.14537015884733406,-0.36974356331628394,-0.34251781820817956,0.1971476593608455,-0.2208789997091946,1.4692793984869545
2026-05-12,Media,-2.774778046060744,0.2590398126975684,-0.050313187864850485,-0.0053211284411489295,0.2643609411387173,0.18353097183570782,1.501475484148305
2026-05-12,Metal,-0.34812475739678383,0.5165649658271673,0.11535138871222742,0.21800457155000844,0.29856039427715886,0.4410561249653067,1.4716196024047945
2026-05-12,Pharma,-1.3634369189520767,0.23758680227196366,0.11803837026070148,0.05736297157484458,0.1802238306971191,0.1620779614101031,0.983134343028794
2026-05-12,Realty,-4.107700412394333,0.4516684161592247,-0.14416713434535175,-0.14030037379152585,0.5919687899507505,0.37615957529736416,1.7400805217040278
2026-05-12,Banking,-1.6250934409175688,0.07599985711777778,-0.19349764531797062,-0.10038088904985736,0.17638074616763513,0.0004910162559172149,0.9949850623136581
2026-05-12,NIFTY50,-1.8319683541890175,0.07550884086186056,-0.16018047063273513,-0.11765420659779874,0.1931630474596593,0.0,0.8435028063871604
2026-05-13,Auto,-0.9702569538418748,0.12681157098787038,-0.11987542453128887,-0.06077676711934637,0.18758833810721676,0.10391766753089436,1.3016454034203468
2026-05-13,Energy,0.7013939366039779,0.383329433989867,0.14463297492650481,0.1501644777601315,0.23316495622973551,0.360435530532891,1.154938569901908
2026-05-13,FMCG,0.2991902106177058,0.233125520888473,-0.04227230968753992,-0.08825015075427953,0.3213756716427525,0.21023161743149696,0.8783298354882301
2026-05-13,Infra,0.92478150048656,0.13666707256370944,-0.061525688468970226,-0.03072917506582217,0.16739624762953162,0.11377316910673342,1.0007594964175097
2026-05-13,IT,-1.1271511342241913,-0.18546026932528015,-0.3934686216961974,-0.34356706907254786,0.1581067997472677,-0.20835417278225618,1.4692793984869545
2026-05-13,Media,-0.04297770072797524,0.2200717759464718,-0.09098820239486714,0.001088351257577057,0.21898342468889473,0.19717787248949575,1.501475484148305
2026-05-13,Metal,3.178221324138475,0.5371917677298707,0.1547391541120635,0.2467607074115467,0.29043106031832394,0.5142978642728946,1.4716196024047945
2026-05-13,Pharma,0.23132679438016002,0.17935747363910715,0.12789028034844663,0.06348522742010007,0.11587224621900707,0.1564635701821311,0.983134343028794
2026-05-13,Realty,-0.18937079586192063,0.35558696833236575,-0.15332959401901897,-0.13989393377161144,0.4954809021039772,0.33269306487538974,1.7400805217040278
2026-05-13,Banking,-0.18495082213291214,-2.1618389673975594e-05,-0.19540018033534814,-0.09920208199511411,0.09918046360544014,-0.022915521846649998,0.9949850623136581
2026-05-13,NIFTY50,0.14135784059419176,0.022893903456976023,-0.1621961526344495,-0.11184183933230211,0.13473574278927813,0.0,0.8435028063871604
2026-05-14,Auto,0.6209212998246283,0.24150866586127975,-0.1311489404076784,-0.04797559845808272,0.28948426431936247,0.1095471374084282,1.3016454034203468
2026-05-14,Energy,0.6540712859713471,0.43716054618540334,0.15615908917111918,0.16345517545216862,0.27370537073323475,0.30519901773255176,1.154938569901908
2026-05-14,FMCG,0.34442720335763344,0.30496257949485733,-0.037224105072698466,-0.08564042976370405,0.3906030092585614,0.17300105104200578,0.8783298354882301
2026-05-14,Infra,1.4131778912354953,0.24646347667518018,-0.045781109246642956,-0.00969490725278571,0.25615838392796586,0.11450194822232862,1.0007594964175097
2026-05-14,IT,-1.9927203782185043,-0.23731909748257488,-0.3974247406728316,-0.3573661634086162,0.12004706592604134,-0.36928062593542643,1.4692793984869545
2026-05-14,Media,0.8991939003499594,0.2931370335473305,-0.08418743042991282,0.0007631788775716933,0.2923738546697588,0.16117550509447895,1.501475484148305
2026-05-14,Metal,2.0423917243623135,0.6583328619735089,0.1822027408275158,0.2712071459833908,0.38712571599011814,0.5263713335206573,1.4716196024047945
2026-05-14,Pharma,2.7410387013152127,0.2875025686374407,0.1567879625262164,0.09915029625159738,0.18835227238584334,0.15554104018458917,0.983134343028794
2026-05-14,Realty,0.7654531352224492,0.4868187416553035,-0.15106959971242043,-0.12390305339233218,0.6107217950476357,0.3548572132024519,1.7400805217040278
2026-05-14,Banking,1.2586031745938975,0.13090039709216478,-0.17769357433047603,-0.08373012952083098,0.21463052661299575,-0.001061131360686779,0.9949850623136581
2026-05-14,NIFTY50,1.1831236369372666,0.13196152845285156,-0.143679090432716,-0.0944208752439129,0.22638240369676446,0.0,0.8435028063871604
2026-05-15,Auto,0.08061513426182998,0.32390877279940905,-0.1277818780344749,-0.05904570243979281,0.38295447523920184,0.12712100957991168,1.3016454034203468
2026-05-15,Energy,-0.6569258978932679,0.449822496398458,0.1545127842698387,0.15790387278074888,0.29191862361770915,0.25303473317896064,1.154938569901908
2026-05-15,FMCG,0.5360529535760827,0.38662628619155626,-0.019777878013706823,-0.07647730968959346,0.4631035958811497,0.1898385229720589,0.8783298354882301
2026-05-15,Infra,-0.4355032960865812,0.2928958111010061,-0.0498033184754293,-0.013028069535610597,0.3059238806366167,0.09610804788150873,1.0007594964175097
2026-05-15,IT,1.3031660279948731,-0.13982651533446322,-0.2838146750288461,-0.3346409346630852,0.19481441932862198,-0.3366142785539606,1.4692793984869545
2026-05-15,Media,1.9776300788878043,0.44237843180472786,-0.029411709648311687,0.023244026171616528,0.41913440563311133,0.2455906685852305,1.501475484148305
2026-05-15,Metal,-1.9292550323508295,0.600967778515995,0.14968867276805406,0.22726361410006948,0.3737041644159256,0.40418001529649766,1.4716196024047945
2026-05-15,Pharma,0.34112592876864856,0.34811499459076684,0.16603183366045454,0.10482292263532046,0.2432920719554464,0.15132723137126947,0.983134343028794
2026-05-15,Realty,-1.791973539860059,0.5215924919621687,-0.15675716804212964,-0.13444058136082787,0.6560330733229967,0.32480472874267136,1.7400805217040278
2026-05-15,Banking,-0.7733341627570334,0.2326064264064246,-0.1904287872996008,-0.09682692471870567,0.3294333511251303,0.035818663186927224,0.9949850623136581
2026-05-15,NIFTY50,-0.19459851637491088,0.19678776321949737,-0.1375050169786152,-0.09644388210524207,0.29323164532473944,0.0,0.8435028063871604
2026-05-18,Auto,-1.7122610857285725,0.20102805979555755,-0.14054695079899,-0.09002066740368841,0.29104872719924596,0.05527586019790495,1.3016454034203468
2026-05-18,Energy,-0.7467982797013772,0.3720208399297276,0.17602572725805046,0.13327323740346608,0.23874760252626154,0.22626864033207503,1.154938569901908
2026-05-18,FMCG,-0.2962703148315926,0.33302944750109975,0.0068793926120515785,-0.08870321149867867,0.4217326589997784,0.18727724790344716,0.8783298354882301
2026-05-18,Infra,-0.22405393459061784,0.24331776313963216,-0.0327027415041766,-0.028457138566992828,0.271774901706625,0.09756556354197957,1.0007594964175097
2026-05-18,IT,2.4277620554302715,-0.12845799874208644,-0.21929204533356483,-0.3043162393984524,0.175858240656366,-0.27421019833973903,1.4692793984869545
2026-05-18,Media,-2.2352187265263668,0.24490340907503097,-0.053945298525916244,-0.01821853588313018,0.26312194495816116,0.09915120947737838,1.501475484148305
2026-05-18,Metal,-0.9822821368926204,0.4863313501836101,0.18847838708270706,0.20019898440427802,0.2861323657793321,0.34057915058595756,1.4716196024047945
2026-05-18,Pharma,0.5197883646879786,0.3985239034706363,0.18894478835667083,0.10154781180339201,0.2969760916672443,0.25277170387298376,0.983134343028794
2026-05-18,Realty,-0.5751653650863608,0.43152023855711785,-0.1292446631636518,-0.15124241687086012,0.582762655427978,0.28576803895946523,1.7400805217040278
2026-05-18,Banking,-0.32275261184667725,0.14405661397181282,-0.1806311826846696,-0.1081232950437711,0.25217990901558396,-0.0016955856258397684,0.9949850623136581
2026-05-18,NIFTY50,0.027276920718177777,0.1457521995976526,-0.1153445973390586,-0.1043117321244168,0.2500639317220694,0.0,0.8435028063871604
2026-05-19,Auto,0.2907396406091056,0.23123729916846825,-0.12353514487819997,-0.08679022695247612,0.31802752612094437,0.09494115534014139,1.3016454034203468
2026-05-19,Energy,0.1255116145194135,0.38594512465586284,0.14652730058073177,0.13466781089812624,0.2512773137577366,0.24964898082753598,1.154938569901908
2026-05-19,FMCG,-0.03290759642087249,0.3249821111245909,-0.007312994542607772,-0.0890688514589106,0.4140509625835015,0.18868596729626405,0.8783298354882301
2026-05-19,Infra,-0.32556104901861893,0.24746151849172396,-0.05761173945895815,-0.03207448355608859,0.27953600204781254,0.1111653746633971,1.0007594964175097
2026-05-19,IT,3.234257351169667,-0.10742878777576295,-0.16827169054708968,-0.2768107189947878,0.16938193121902487,-0.2437249316040898,1.4692793984869545
2026-05-19,Media,1.182334443442845,0.29718026781318413,-0.01971279030755851,-0.0050814865115430125,0.3022617543247271,0.16088412398485727,1.501475484148305
2026-05-19,Metal,-0.047078350491458476,0.471749567375902,0.17615474044755813,0.19967589162103963,0.2720736757548624,0.3354534235475751,1.4716196024047945
2026-05-19,Pharma,0.4222081985686188,0.4433690460609326,0.1803436150487832,0.10623901400971,0.3371300320512226,0.30707290223260575,0.983134343028794
2026-05-19,Realty,1.429616307664916,0.4435852654244569,-0.13192743210385605,-0.13535779123013883,0.5789430566545958,0.3072891215961301,1.7400805217040278
2026-05-19,Banking,-0.2388097250499599,0.12961075743025702,-0.20572491798354833,-0.11319543003330218,0.2428061874635592,-0.0066853863980698425,0.9949850623136581
2026-05-19,NIFTY50,-0.1350921241076941,0.13629614382832686,-0.13144518741267597,-0.10653357180003596,0.2428297156283628,0.0,0.8435028063871604
2026-05-20,Auto,0.8387505314343846,0.22311514873233576,-0.11825860732720184,-0.10167398116402576,0.32478912989636155,0.11847786681231472,1.3016454034203468
2026-05-20,Energy,1.4805685070322872,0.4268599119814528,0.1711256109768041,0.12123785928395296,0.3056220526974998,0.32222263006143176,1.154938569901908
2026-05-20,FMCG,-0.7130048829514957,0.27468955906739034,-0.03411780119538558,-0.048985126429012975,0.3236746854964033,0.1700522771473693,0.8783298354882301
2026-05-20,Infra,0.8494424320133476,0.2608669806302473,-0.045500240324651095,-0.03989854701547076,0.30076552764571807,0.1562296987102263,1.0007594964175097
2026-05-20,IT,-0.41916749479664617,-0.14276462436828863,-0.19241420239432425,-0.2857994875648903,0.1430348631966017,-0.24740190628830966,1.4692793984869545
2026-05-20,Media,-1.4465667401786675,0.25625022352015436,-0.05520104131769286,-0.035152030609646195,0.2914022541298006,0.15161294160013333,1.501475484148305
2026-05-20,Metal,0.17282309372328442,0.44058827333395173,0.19668458991495236,0.17630492163855901,0.26428335169539274,0.3359509914139307,1.4716196024047945
2026-05-20,Pharma,-0.09751722986348632,0.4359993833277894,0.17189265095947795,0.10186718735686993,0.3341321959709195,0.3313621014077684,0.983134343028794
2026-05-20,Realty,0.570338995190256,0.38820287114681,-0.11734232766872872,-0.15540788784126744,0.5436107589880774,0.283565589226789,1.7400805217040278
2026-05-20,Banking,0.2865628562288336,0.07059658850280258,-0.20709876790992693,-0.11818771393022022,0.1887843024330228,-0.034040693417218465,0.9949850623136581
2026-05-20,NIFTY50,0.173596409518173,0.10463728192002104,-0.13131968545510223,-0.11233890632787692,0.21697618824789797,0.0,0.8435028063871604
2026-05-21,Auto,0.27745396550098445,0.2292287731707732,-0.12268798405454767,-0.10208222917883727,0.3313110023496105,0.1477503599690733,1.3016454034203468
2026-05-21,Energy,0.3059437625751782,0.4192086737845983,0.170332128729949,0.13154721600352065,0.28766145778107766,0.3377302605828984,1.154938569901908
2026-05-21,FMCG,-0.5087038759984841,0.23054747227809275,-0.0628169997752805,-0.06222151980077325,0.292768992078866,0.14906905907639284,0.8783298354882301
2026-05-21,Infra,0.2763053496661394,0.2551576578302883,-0.05254259250503972,-0.03237987785027375,0.28753753568056206,0.17367924462858841,1.0007594964175097
2026-05-21,IT,-0.5621036008185087,-0.24493104098370874,-0.1812862805232144,-0.27612221043821006,0.031191169454501316,-0.3264094541854087,1.4692793984869545
2026-05-21,Media,-0.35356402053846603,0.21780827939311284,-0.0650323497819403,-0.04599219093846554,0.2638004703315784,0.13632986619141294,1.501475484148305
2026-05-21,Metal,0.2047548629279916,0.3958601079614429,0.17792601169472824,0.1718725394199515,0.22398756854149138,0.314381694759743,1.4716196024047945
2026-05-21,Pharma,0.19220589679327382,0.4373151732912872,0.17161019411887227,0.1063185474717565,0.3309966258195307,0.3558367600895873,0.983134343028794
2026-05-21,Realty,1.049473687644653,0.3673952900047535,-0.11014094195210748,-0.16674073579799933,0.5341360258027529,0.2859168768030536,1.7400805217040278
2026-05-21,Banking,-0.2292676235127633,0.05616536731108733,-0.22118571544912388,-0.11876324104065128,0.17492860835173862,-0.025313045890612576,0.9949850623136581
2026-05-21,NIFTY50,-0.018178203854768427,0.0814784132016999,-0.13770932584798834,-0.10923859885906989,0.1907170120607698,0.0,0.8435028063871604
2026-05-22,Auto,0.11871512578767174,0.010312501196874132,-0.0857847069482918,-0.10184756006380853,0.11216006126068266,0.045676649601178114,1.3016454034203468
2026-05-22,Energy,-0.09980489989590557,0.33240863391499453,0.1882532163409423,0.13663035344658073,0.1957782804684138,0.3677727823192985,1.154938569901908
2026-05-22,FMCG,-0.02735580711327179,0.17825581411124186,-0.033922294714992716,-0.06503805565783807,0.24329386976907993,0.21361996251554585,0.8783298354882301
2026-05-22,Infra,-0.23237509877477303,0.10967622748736008,-0.02655278877430205,-0.02181914875551836,0.13149537624287844,0.14504037589166408,1.0007594964175097
2026-05-22,IT,-0.3742091472644149,-0.2746481870995621,-0.16972294973947807,-0.28634733101771825,0.01169914391815613,-0.23928403869525813,1.4692793984869545
2026-05-22,Media,-1.4730074630803114,0.06992100170623243,-0.05239735290863003,-0.05073452596449189,0.12065552767072432,0.10528515011053641,1.501475484148305
2026-05-22,Metal,0.4396988638513566,0.32088279820706167,0.20518766490083606,0.17354294980451737,0.1473398484025443,0.35624694661136563,1.4716196024047945
2026-05-22,Pharma,-1.2733616177033835,0.3761977411520564,0.158731174787079,0.07343697214172717,0.3027607690103292,0.41156188955636036,0.983134343028794
2026-05-22,Realty,-0.09030463087628116,0.1394112542517138,-0.06905097461412343,-0.1640500470601443,0.3034613013118581,0.1747754026560178,1.7400805217040278
2026-05-22,Banking,1.1526198703759594,-0.0943277896112993,-0.18000843476177958,-0.1073294017375887,0.013001612126289405,-0.058963641206995314,0.9949850623136581
2026-05-22,NIFTY50,0.2731024474358801,-0.035364148404303984,-0.10959647752014005,-0.10317340797963082,0.06780925957532682,0.0,0.8435028063871604
2026-05-25,Auto,1.714069510324312,0.080401660169972,-0.06399561192994212,-0.07396837455598519,0.15437003472595717,0.04099220120343253,1.3016454034203468
2026-05-25,Energy,0.8479611246709817,0.33334036542379214,0.17961062846183484,0.1487067376149334,0.18463362780885875,0.29393090645725267,1.154938569901908
2026-05-25,FMCG,-0.1831863605802564,0.1765902114191612,-0.04633429195332791,-0.06565976043907863,0.24224997185823982,0.13718075245262173,0.8783298354882301
2026-05-25,Infra,1.0759142615791362,0.17061188662209661,-0.021383693272598044,-0.004269522239937551,0.17488140886203415,0.13120242765555715,1.0007594964175097
2026-05-25,IT,0.23294287721573603,-0.27431746556142894,-0.14957842633545324,-0.304572694428806,0.030255228867377082,-0.3137269245279684,1.4692793984869545
2026-05-25,Media,0.2837221057956363,0.10605013167129182,-0.043067391698837935,-0.04830678485131548,0.1543569165226073,0.06664067270475235,1.501475484148305
2026-05-25,Metal,0.557964250200027,0.2978803090936629,0.1937213177844238,0.17974735458924734,0.11813295450441558,0.25847085012712345,1.4716196024047945
2026-05-25,Pharma,0.40998701146142125,0.36800656872349047,0.16383285185926688,0.07033411828440478,0.2976724504390857,0.328597109756951,0.983134343028794
2026-05-25,Realty,1.5043857194763088,0.19849699121894826,-0.04978586507780806,-0.14180553974105348,0.34030253096000174,0.1590875322524088,1.7400805217040278
2026-05-25,Banking,2.2907942307400564,0.03482301018267,-0.1536947480455801,-0.07951880507189374,0.11434181525456374,-0.004586448783869469,0.9949850623136581
2026-05-25,NIFTY50,1.317064277657587,0.03940945896653947,-0.09529965736032671,-0.08692866932069288,0.12633812828723234,0.0,0.8435028063871604
2026-05-26,Auto,0.06593804657761826,-0.01250282199397413,-0.07667436235113476,-0.06249145321196878,0.04998863121799465,0.0030808359057532837,1.3016454034203468
2026-05-26,Energy,0.5810935185619259,0.31587115898786267,0.18198746011165592,0.18728334172591848,0.12858781726194418,0.3314548168875901,1.154938569901908
2026-05-26,FMCG,0.1387653204141026,0.1424987167117804,-0.055728232395410394,-0.054072058693825927,0.19657077540560633,0.15808237461150781,0.8783298354882301
2026-05-26,Infra,-0.44291230375612667,0.11226956466427757,-0.04296262949657626,0.011705371430189689,0.10056419323408788,0.12785322256400497,1.0007594964175097
2026-05-26,IT,-0.004657061348456448,-0.2106639813579059,-0.12603659741401504,-0.28255374024021057,0.07188975888230467,-0.1950803234581785,1.4692793984869545
2026-05-26,Media,-0.23939402043628988,0.03272061427855156,-0.05032792873460347,-0.03560606850907841,0.06832668278762996,0.04830427217827897,1.501475484148305
2026-05-26,Metal,1.1007287750149253,0.300037798295891,0.2158477687745334,0.22977319284300946,0.07026460545288155,0.31562145619561843,1.4716196024047945
2026-05-26,Pharma,-0.0628173817341704,0.36147794685584966,0.15342161161718973,0.08508156252944334,0.27639638432640634,0.3770616047555771,0.983134343028794
2026-05-26,Realty,-0.5152328548900686,0.11185477560776665,-0.05522538473616575,-0.12853962111691478,0.24039439672468144,0.12743843350749406,1.7400805217040278
2026-05-26,Banking,-0.3630615914717805,-0.04361839369512326,-0.16225917939584705,-0.07791582321298396,0.034297429517860696,-0.02803473579539585,0.9949850623136581
2026-05-26,NIFTY50,-0.4910181295375682,-0.015583657899727413,-0.11272218418565941,-0.08116735502838818,0.06558369712866076,0.0,0.8435028063871604
2026-05-27,Auto,1.4489878165064862,0.10540773363354353,-0.04498577327819682,-0.03359320693706099,0.13900094057060453,0.09308316147235599,1.3016454034203468
2026-05-27,Energy,1.7668883436132488,0.3729338179265252,0.19843711039659093,0.217164367442185,0.15576945048434018,0.36060924576533765,1.154938569901908
2026-05-27,FMCG,-0.1701326515169077,0.17996243671469198,-0.06172530830614568,-0.04397310294684179,0.22393553966153376,0.16763786455350443,0.8783298354882301
2026-05-27,Infra,0.8568446214924696,0.16741223332084015,-0.016714991398100554,0.030704809301022897,0.13670742401981725,0.1550876611596526,1.0007594964175097
2026-05-27,IT,-0.24777259433718113,-0.18016575165255272,-0.051086569806230345,-0.2884390238009676,0.10827327214841487,-0.19249032381374026,1.4692793984869545
2026-05-27,Media,3.0542122135289063,0.14624740417157006,0.022376521572980815,0.007682911391115882,0.13856449278045418,0.13392283201038252,1.501475484148305
2026-05-27,Metal,1.673145574912538,0.36312012672468275,0.22825497905754386,0.25207673824882293,0.11104338847585982,0.3507955545634952,1.4716196024047945
2026-05-27,Pharma,0.23034317029568818,0.37889369285644864,0.15331148864117722,0.09739356330381599,0.28150012955263265,0.3665691206952611,0.983134343028794
2026-05-27,Realty,0.3260853955203036,0.13172434495671478,-0.007470238699416321,-0.09975570082437879,0.23148004578109357,0.11939977279552724,1.7400805217040278
2026-05-27,Banking,-0.4338978013131545,-0.03973764342818784,-0.1635888024356839,-0.07463998831696289,0.03490234488877505,-0.052062215589375384,0.9949850623136581
2026-05-27,NIFTY50,-0.027385257567613674,0.012324572161187541,-0.09448834409850244,-0.07316095423970222,0.08548552640088976,0.0,0.8435028063871604
2026-05-29,Auto,-1.9570655939487258,-0.010758166560830255,-0.10840257909266739,-0.05233585894601287,0.041577692385182614,0.0813633035848179,1.3016454034203468
2026-05-29,Energy,-1.583575594517972,0.24859281590716856,0.1679707010617517,0.1974943855998827,0.051098430307285864,0.34071428605281673,1.154938569901908
2026-05-29,FMCG,-1.5128004695424524,0.07908421144488935,-0.08279236833797832,-0.0672944645271572,0.14637867597204657,0.1712056815905375,0.8783298354882301
2026-05-29,Infra,-1.5364795800873798,0.04908008075166261,-0.037294304996111645,0.01010957184124583,0.038970508910416785,0.14120155089731076,1.0007594964175097
2026-05-29,IT,0.6000379723828608,-0.25471452064093403,-0.06730859593435277,-0.2806338837554747,0.025919363114540683,-0.16259305049528588,1.4692793984869545
2026-05-29,Media,-0.624491086580381,0.05376093887481434,0.00429002285102178,0.01801145992141651,0.035749478953397834,0.1458824090204625,1.501475484148305
2026-05-29,Metal,-2.0217491476620886,0.2366009903477318,0.14962033321169557,0.20748535573560206,0.029115634612129737,0.32872246049337994,1.4716196024047945
2026-05-29,Pharma,-1.4978120195419997,0.2783558760876333,0.09743318193288403,0.08526920768001729,0.193086668407616,0.37047734623328143,0.983134343028794
2026-05-29,Realty,-0.25492320835109883,0.03804476313057581,-0.008587500109407861,-0.08898531769948345,0.12703008083005926,0.13016623327622395,1.7400805217040278
2026-05-29,Banking,-1.1205272305257696,-0.11886523792461469,-0.18215643773108325,-0.09082107403230874,-0.02804416389230595,-0.026743767778966532,0.9949850623136581
2026-05-29,NIFTY50,-1.5033175629577955,-0.09212147014564816,-0.12333586263246765,-0.09449132045449259,0.002369850308844429,0.0,0.8435028063871604
2026-06-01,Auto,-1.6954256661668166,-0.05464170785590395,-0.1499443175035701,-0.06734019773707506,0.012698489881171109,0.05610493407147738,1.3016454034203468
2026-06-01,Energy,-1.5273534969910463,0.18090184676075413,0.13967709393828984,0.18235616416311465,-0.0014543174023605165,0.2916484886881355,1.154938569901908
2026-06-01,FMCG,-2.2996664013634427,-0.0036111832722929577,-0.11848762702291109,-0.08929990109902179,0.08568871782672884,0.10713545865508838,0.8783298354882301
2026-06-01,Infra,-1.2391617331537597,0.005083347308144992,-0.06328559695027862,0.00899064075849066,-0.003907293450345668,0.11582998923552633,1.0007594964175097
2026-06-01,IT,2.6619518777473594,-0.19533728320121385,-0.02446325427043723,-0.25832062836441855,0.0629833451632047,-0.08459064127383252,1.4692793984869545
2026-06-01,Media,1.366896210507007,0.07953499069661737,0.038418722271993964,0.024726235162859413,0.05480875553375796,0.19028163262399872,1.501475484148305
2026-06-01,Metal,0.48805782643162043,0.20181225927455682,0.15122210887377344,0.20903454437208324,-0.007222285097526426,0.31255890120193813,1.4716196024047945
2026-06-01,Pharma,-0.5403427984645104,0.25598388806444977,0.07036667773540171,0.08446834441753338,0.1715155436469164,0.3667305299918311,0.983134343028794
2026-06-01,Realty,-1.8337455510553213,-0.035957559638418735,-0.04291485219754587,-0.10247457684806652,0.06651701720964778,0.0747890822889626,1.7400805217040278
2026-06-01,Banking,-1.099016329215885,-0.14273752179909044,-0.2044145007020594,-0.10543026775090164,-0.0373072540481888,-0.03199087987170911,0.9949850623136581
2026-06-01,NIFTY50,-0.7013425513053284,-0.11074664192738133,-0.13594388754409864,-0.09978741226300429,-0.01095922966437704,0.0,0.8435028063871604
2026-06-02,Auto,0.7243532737863712,-0.03709813445537111,-0.10682218510649302,-0.05159985396315782,0.014501719507786712,0.08085810194931674,1.3016454034203468
2026-06-02,Energy,-0.15899179946228248,0.11475758575383598,0.14315036790285104,0.1739535728964884,-0.05919598714265244,0.23271382215852382,1.154938569901908
2026-06-02,FMCG,0.7567232602007978,-0.06657139042884715,-0.07765725959234322,-0.07416101507753983,0.007589624648692686,0.0513848459758407,0.8783298354882301
2026-06-02,Infra,-0.1136714198207378,-0.026827773721255978,-0.04555252623358523,0.003898120230939971,-0.030725893952195948,0.09112846268343186,1.0007594964175097
2026-06-02,IT,4.228211330882536,-0.05359541883636745,0.04329861123228622,-0.19931298238646575,0.1457175635500983,0.06436081756832039,1.4692793984869545
2026-06-02,Media,0.11908172139187823,0.03891380305337426,0.030458441112734568,0.024791982593502675,0.014121820459871585,0.1568700394580621,1.501475484148305
2026-06-02,Metal,0.3783392996467905,0.17784648712793694,0.18528986880776993,0.18327649657682127,-0.005430009448884332,0.29580272353262477,1.4716196024047945
2026-06-02,Pharma,-0.8587886007206502,0.2225723799181641,0.08103751445115326,0.0777283857841963,0.14484399413396778,0.3405286163228519,0.983134343028794
2026-06-02,Realty,0.6703935559842611,-0.04503965302782409,0.005926205443929078,-0.08479462163800269,0.039754968610178604,0.07291658337686376,1.7400805217040278
2026-06-02,Banking,0.1333757238414668,-0.16677752392831316,-0.18424953386130338,-0.10397344829454512,-0.06280407563376804,-0.048821287523625315,0.9949850623136581
2026-06-02,NIFTY50,0.431736306319519,-0.11795623640468784,-0.10796766827175287,-0.09211021057049396,-0.02584602583419389,0.0,0.8435028063871604
2026-06-03,Auto,0.05119572268574846,-0.04639984203471963,-0.0693463332078942,-0.045996892456694,-0.00040294957802562703,0.08416754282738252,1.3016454034203468
2026-06-03,Energy,0.01792283655130955,0.08938317005759387,0.17007424937632357,0.18300695866167588,-0.093623788604082,0.219950554919696,1.154938569901908
2026-06-03,FMCG,-1.0056025463329177,-0.09324460850334267,-0.08168969198133591,-0.08286485590062621,-0.010379752602716452,0.03732277635875948,0.8783298354882301
2026-06-03,Infra,-0.08128627055838944,-0.032490653344318866,-0.009745407739113114,0.003708915839560525,-0.03619956918387939,0.09807673151778329,1.0007594964175097
2026-06-03,IT,-5.56649602546474,-0.21566203487189856,-0.03145569250404138,-0.29829376309578887,0.08263172822389031,-0.08509465000979641,1.4692793984869545
2026-06-03,Media,-0.5912157545478358,-0.01079480111308424,0.05096891725733986,0.02206928279644737,-0.032864083909531605,0.1197725837490179,1.501475484148305
2026-06-03,Metal,-0.16559060505073608,0.1853572375017632,0.1785610894905735,0.18728215256486122,-0.001924915063098026,0.3159246223638653,1.4716196024047945
2026-06-03,Pharma,0.3344906358405675,0.23972280120249026,0.08629651494611552,0.09568101838341422,0.14404178281907604,0.3702901860645924,0.983134343028794
2026-06-03,Realty,-1.3900562926707494,-0.07082995461806352,0.009554202636034756,-0.10409568989574211,0.03326573527767859,0.05973743024403863,1.7400805217040278
2026-06-03,Banking,0.8774157421850948,-0.13851163061032476,-0.15064463546309156,-0.10382862746987029,-0.03468300314045447,-0.007944245748222611,0.9949850623136581
2026-06-03,NIFTY50,-0.33193946094914883,-0.13056738486210215,-0.09278461358484145,-0.09704306729211239,-0.03352431756998976,0.0,0.8435028063871604
2026-06-04,Auto,0.19755958188298894,-0.05274683927644146,-0.02532825685709561,-0.04525927946115272,-0.007487559815288737,0.10523025135613877,1.3016454034203468
2026-06-04,Energy,0.6191988372845625,0.0970503806230235,0.2198874328276875,0.19731295788096395,-0.10026257725794045,0.2550274712556037,1.154938569901908
2026-06-04,FMCG,0.19127852710421056,-0.1719143931266913,-0.04716781024689568,-0.08814337817142656,-0.08377101495526473,-0.01393730249411107,0.8783298354882301
2026-06-04,Infra,-0.10846986518594504,-0.04767658631307386,0.024623020579094445,0.012549183264098923,-0.06022576957717278,0.11030050431950636,1.0007594964175097
2026-06-04,IT,-0.28535368742421685,-0.2403019132664908,-0.03799269129074615,-0.29622959575374835,0.055927682487257546,-0.08232482263391058,1.4692793984869545
2026-06-04,Media,2.18890586410021,0.029986152711332505,0.1382172468279584,0.066831715110049,-0.03684556239871649,0.18796324334391273,1.501475484148305
2026-06-04,Metal,-0.7329052683450854,0.15953715408240352,0.23291185340859183,0.1798092558998753,-0.02027210181747177,0.31751424471498374,1.4716196024047945
2026-06-04,Pharma,0.3792549004694168,0.25508107968760274,0.11327225764272937,0.10393594118036655,0.1511451385072362,0.413058170320183,0.983134343028794
2026-06-04,Realty,0.2622606955190676,-0.1332684291333123,0.06578807853538038,-0.07903761547503398,-0.05423081365827832,0.024708661499267925,1.7400805217040278
2026-06-04,Banking,0.2249703945535364,-0.17749929480930277,-0.1166922320393954,-0.09756091560217482,-0.07993837920712794,-0.01952220417672254,0.9949850623136581
2026-06-04,NIFTY50,0.046788683297016576,-0.15797709063258022,-0.06618615570410101,-0.09181616552505538,-0.06616092510752485,0.0,0.8435028063871604
2026-06-05,Auto,0.0826167401282607,-0.028090236236704858,-0.05494643493361595,-0.016823362103475504,-0.011266874133229354,0.11006056861628592,1.3016454034203468
2026-06-05,Energy,-0.24637554625640545,0.04142726793801346,0.18373763806696844,0.21922283192003636,-0.1777955639820229,0.17957807279100424,1.154938569901908
2026-06-05,FMCG,0.1792957083748048,-0.19079013766862868,-0.050983798361160515,-0.06970468534669343,-0.12108545232193525,-0.0526393328156379,0.8783298354882301
2026-06-05,Infra,-0.29210502037608777,-0.06028292970007141,-0.01715130116843267,0.029359619794495636,-0.08964254949456704,0.07786787515291937,1.0007594964175097
2026-06-05,IT,-0.9907607079553293,-0.1438089810407558,-0.04468860528541563,-0.284347510645317,0.1405385296045612,-0.005658176187765013,1.4692793984869545
2026-06-05,Media,3.4816396382535197,0.12317410543713793,0.17837866022036983,0.1249365300023089,-0.0017624245651709641,0.2613249102901287,1.501475484148305
2026-06-05,Metal,-1.5953379679592095,0.09150395748454263,0.16819952652089964,0.1830344913990499,-0.09153053391450727,0.2296547623375334,1.4716196024047945
2026-06-05,Pharma,0.2899400683894049,0.2622203215817065,0.09360316211680893,0.12833689623216565,0.13388342534954084,0.4003711264346973,0.983134343028794
2026-06-05,Realty,0.5623919651357223,-0.13371858986118257,0.04458956765603039,-0.016834568672173564,-0.11688402118900901,0.004432214991808209,1.7400805217040278
2026-06-05,Banking,0.34690828688588304,-0.15158476079629984,-0.11943736917662946,-0.08466867383959495,-0.0669160869567049,-0.013433955943309067,0.9949850623136581
2026-06-05,NIFTY50,-0.21289028843615165,-0.13815080485299078,-0.08916478479566467,-0.07885174968830024,-0.05929905516469054,0.0,0.8435028063871604
2026-06-08,Auto,-1.8502995379700127,-0.01136178224186728,-0.06809907436182483,-0.034213619643905194,0.022851837402037913,0.13351618463697887,1.3016454034203468
2026-06-08,Energy,-1.6374626498339317,-0.021513973169268886,0.15434452873172633,0.20069404424235857,-0.22220801741162746,0.12336399370957728,1.154938569901908
2026-06-08,FMCG,-0.42192639202836,-0.20104568259819103,-0.05700928039168699,-0.06772131978655327,-0.13332436281163776,-0.05616771571934487,0.8783298354882301
2026-06-08,Infra,-1.0313397621770304,-0.07973936998967943,-0.019559708971744017,0.01638848935231535,-0.09612785934199478,0.06513859688916673,1.0007594964175097
2026-06-08,IT,-1.229735612498628,-0.14414498169401774,-0.06582590925731861,-0.2948398485734724,0.15069486687945466,0.0007329851848284219,1.4692793984869545
2026-06-08,Media,-1.707205110143184,0.036330408449835455,0.159589085806293,0.11119482493257311,-0.07486441648273766,0.18120837532868161,1.501475484148305
2026-06-08,Metal,-2.3295125109221715,0.04124741522754036,0.13611750416585372,0.15085034821546758,-0.10960293298792723,0.18612538210638652,1.4716196024047945
2026-06-08,Pharma,-0.4140555112274624,0.16961051900348428,0.08925965300047929,0.1303832246412939,0.039227294362190385,0.31448848588233047,0.983134343028794
2026-06-08,Realty,-2.5621032099775953,-0.15812764576767316,0.03663753528661199,-0.03746479209120351,-0.12066285367646964,-0.013249678888826999,1.7400805217040278
2026-06-08,Banking,-0.793632589398352,-0.13022257243723154,-0.09674938096199034,-0.08219134517389366,-0.048031227263337875,0.014655394441614622,0.9949850623136581
2026-06-08,NIFTY50,-1.0429338627102713,-0.14487796687884616,-0.08531815095676243,-0.08713728474156573,-0.057740682137280425,0.0,0.8435028063871604
2026-06-09,Auto,1.3388843418878915,0.055885181253658,0.02256861877079926,-0.029217543086678142,0.08510272434033614,0.14565913018616097,1.3016454034203468
2026-06-09,Energy,0.17008752912921477,-0.008093759126295626,0.1875509629186025,0.19003275710311612,-0.19812651622941174,0.08168018980620734,1.154938569901908
2026-06-09,FMCG,0.7250723488689603,-0.15248302191677873,-0.018969376133624594,-0.07211352127637781,-0.08036950064040092,-0.06270907298427576,0.8783298354882301
2026-06-09,Infra,0.38293935588171735,-0.03969850161151554,0.01230874519907313,0.012737185980285313,-0.05243568759180085,0.05007544732098743,1.0007594964175097
2026-06-09,IT,-0.47917545123183913,0.016229741269191737,-0.07512004367899357,-0.30921407666545225,0.325443817934644,0.1060036902016947,1.4692793984869545
2026-06-09,Media,-0.14897570215638423,0.0936614047461852,0.18522139476375987,0.08299270233850217,0.010668702407683028,0.18343535367868818,1.501475484148305
2026-06-09,Metal,0.5687719314696915,0.07052996756893419,0.18888018901000686,0.14408122839586665,-0.07355126082693246,0.16030391650143716,1.4716196024047945
2026-06-09,Pharma,0.5907423219957852,0.24821370518946023,0.10175003277055579,0.11925937709873602,0.1289543280907242,0.3379876541219632,0.983134343028794
2026-06-09,Realty,1.628405233349084,-0.05883373863869908,0.08444251964977798,-0.011196301052436667,-0.04763743758626242,0.030940210293803887,1.7400805217040278
2026-06-09,Banking,2.09151233497491,-0.047762398964915645,-0.011026931980973976,-0.0665070950450829,0.018744696080167253,0.042011549967587325,0.9949850623136581
2026-06-09,NIFTY50,0.5150698844224255,-0.08977394893250297,-0.04794083236941545,-0.08726190781405031,-0.002512041118452657,0.0,0.8435028063871604
2026-06-10,Auto,-0.738116460075855,-0.02073381633323635,-0.04137798165998926,-0.024891840429926506,0.004158024096690156,0.10009810093954263,1.3016454034203468
2026-06-10,Energy,-2.021607083986987,-0.12501228228317968,0.1360400095381842,0.18892870756182067,-0.31394098984500035,-0.0041803650104006995,1.154938569901908
2026-06-10,FMCG,1.0518656913175883,-0.13582216511273304,-0.01536835844504314,-0.05366375021217064,-0.0821584149005624,-0.014990247839954063,0.8783298354882301
2026-06-10,Infra,-0.6703252635664958,-0.11071547346873102,-0.006944102673561536,0.024085811329387235,-0.13480128479811826,0.010116443804047956,1.0007594964175097
2026-06-10,IT,-0.8286530706176354,-0.08482789308613205,-0.0813054520017407,-0.3165864879195156,0.23175859483338357,0.03600402418664693,1.4692793984869545
2026-06-10,Media,-2.3565713125820453,-0.06146484678628768,0.12085190497259628,0.08469950315332697,-0.14616434993961464,0.0593670704864913,1.501475484148305
2026-06-10,Metal,-1.6989891561563164,-0.04734764807807726,0.13494085637249945,0.1344103060115494,-0.18175795408962667,0.07348426919470172,1.4716196024047945
2026-06-10,Pharma,-0.5333436683913062,0.14307990095425344,0.06961281911711988,0.12375887040993398,0.019321030544319454,0.2639118182270324,0.983134343028794
2026-06-10,Realty,-1.7402153368981765,-0.19888900742674648,0.029624618451285317,0.006599708039269779,-0.20548871546601627,-0.0780570901539675,1.7400805217040278
2026-06-10,Banking,-0.17066776354528468,-0.06382462680233311,-0.04156993424145014,-0.054758532042930894,-0.009066094759402218,0.057007290470445865,0.9949850623136581
2026-06-10,NIFTY50,-0.11681556778996294,-0.12083191727277898,-0.0660874931518296,-0.0779605461375986,-0.04287137113518037,0.0,0.8435028063871604
2026-06-11,Auto,-0.16722893511934567,0.007315558630338644,0.00841446133630852,-0.016364025794025277,0.023679584424363923,0.12238732727448283,1.3016454034203468
2026-06-11,Energy,-0.7532929676910771,-0.19078379805088824,0.1188812752896486,0.17401931668081103,-0.36480311473169924,-0.07571202940674406,1.154938569901908
2026-06-11,FMCG,-0.8889417626692819,-0.15476069219953778,-0.011910780569472182,-0.0568241350029793,-0.09793655719655847,-0.03968892355539359,0.8783298354882301
2026-06-11,Infra,-0.40060702671902426,-0.1388746417081958,0.004732776484173318,0.012445925231692925,-0.1513205669398887,-0.023802873064051613,1.0007594964175097
2026-06-11,IT,-1.6226989445785267,-0.1161405596038786,-0.0876808071841482,-0.3441357234463234,0.22799516384244484,-0.001068790959734417,1.4692793984869545
2026-06-11,Media,1.7814372920084587,-4.515875232124304e-05,0.15917331375716495,0.12052422704289746,-0.1205693857952187,0.11502660989182295,1.501475484148305
2026-06-11,Metal,-0.2573196576567738,-0.07277044825231278,0.13716809753692713,0.09749021993317694,-0.17026066818548974,0.042301320391831404,1.4716196024047945
2026-06-11,Pharma,0.6051104322092549,0.16522091841967215,0.07293200219735359,0.12709617469013704,0.038124743729535115,0.2802926870638163,0.983134343028794
2026-06-11,Realty,-0.6415890759188692,-0.20647594669636024,0.04748753693377757,-0.005009714262705665,-0.20146623243365458,-0.09140417805221605,1.7400805217040278
2026-06-11,Banking,0.13874555613317963,-0.008015797005985403,-0.003699015578198894,-0.06713305048525964,0.05911725347927423,0.10705597163815879,0.9949850623136581
2026-06-11,NIFTY50,-0.22980713363744965,-0.11507176864414419,-0.042799999140641365,-0.08613635080408454,-0.028935417840059652,0.0,0.8435028063871604
2026-06-12,Auto,1.9522806306470963,0.034211873534545016,0.09418089119446675,-0.002354460828419362,0.03656633436296438,0.10817043382752839,1.3016454034203468
2026-06-12,Energy,1.5225380990732562,-0.1376498102288318,0.11216502477351345,0.14446873382589592,-0.2821185440547277,-0.06369124993584843,1.154938569901908
2026-06-12,FMCG,0.6302337842501782,-0.19199469261516242,0.02816765444490314,-0.04193876005788862,-0.15005593255727379,-0.11803613232217905,0.8783298354882301
2026-06-12,Infra,2.347941859642244,-0.08741856937946159,0.0519501790936655,0.026172386355675457,-0.11359095573513704,-0.013460009086478222,1.0007594964175097
2026-06-12,IT,-0.09094114183153534,-0.15201615186068185,-0.08513545523967565,-0.3497342627866567,0.19771811092597485,-0.07805759156769848,1.4692793984869545
2026-06-12,Media,1.5080160754648686,0.06665245275647755,0.17885357868961987,0.11363222147628921,-0.04697976871981166,0.14061101304946091,1.501475484148305
2026-06-12,Metal,0.9494596526812948,-0.05770342088310024,0.1470993966812495,0.082041087950412,-0.13974450883351225,0.01625513940988313,1.4716196024047945
2026-06-12,Pharma,0.30074346986996847,0.16046340063435563,0.0831447962550506,0.13291612627398985,0.027547274360365775,0.234421960927339,0.983134343028794
2026-06-12,Realty,3.531311073133314,-0.13810319536756452,0.13345972088632957,0.016815722914366664,-0.1549189182819312,-0.06414463507458115,1.7400805217040278
2026-06-12,Banking,2.968733717100047,0.09074644727183961,0.0647623335552444,-0.04152916531702467,0.13227561258886428,0.16470500756482298,0.9949850623136581
2026-06-12,NIFTY50,1.9916620139797336,-0.07395856029298337,0.006295029309575743,-0.07139271341339219,-0.0025658468795911743,0.0,0.8435028063871604
2026-06-15,Auto,2.6000391756300534,0.14236672307013645,0.19747320020478834,0.034106357396565326,0.10826036567357113,0.15889975372811785,1.3016454034203468
2026-06-15,Energy,0.635758699553346,-0.10103683059536792,0.15726231178070244,0.13071867600367926,-0.23175550659904717,-0.08450379993738652,1.154938569901908
2026-06-15,FMCG,0.4419567377762279,-0.13221258687681392,0.04469887236064193,-0.02696968729338483,-0.10524289958342908,-0.11567955621883252,0.8783298354882301
2026-06-15,Infra,1.4496404973186605,-0.012765768628526904,0.11816938584347365,0.03287315886460436,-0.04563892749313127,0.0037672620294544913,1.0007594964175097
2026-06-15,IT,0.97910792342355,-0.13176304302534067,-0.040185149674140476,-0.3304183556035764,0.19865531257823574,-0.11523001236735927,1.4692793984869545
2026-06-15,Media,-0.14116534151664695,0.07925580470663204,0.23585924368059566,0.11230878353054437,-0.033052978823912324,0.09578883536461344,1.501475484148305
2026-06-15,Metal,1.7841970467540547,0.07252271460725569,0.2571075903389286,0.06776066718175347,0.004762047425502222,0.08905574526523709,1.4716196024047945
2026-06-15,Pharma,-0.6560739897966683,0.13761270283875376,0.10393212078906698,0.13461398687273585,0.0029987159660179175,0.15414573349673516,0.983134343028794
2026-06-15,Realty,3.956602543269061,0.04364282518326509,0.22187243227352477,0.05328699526394204,-0.009644170080676952,0.06017585584124648,1.7400805217040278
2026-06-15,Banking,0.6758802190972801,0.14577969167181717,0.11665236741968842,-0.04071323308953077,0.18649292476134793,0.16231272232979857,0.9949850623136581
2026-06-15,NIFTY50,0.9778646829145199,-0.016533030657981396,0.05700255421186684,-0.0638662386576568,0.0473332079996754,0.0,0.8435028063871604
2026-06-16,Auto,-0.3185959364285007,0.11758664679581683,0.1643339411580317,0.02240948380882597,0.09517716298699086,0.13213135121190306,1.3016454034203468
2026-06-16,Energy,1.067123514074697,-0.08166612179091867,0.19305808963688922,0.14877491296362005,-0.23044103475453873,-0.06712141737483243,1.154938569901908
2026-06-16,FMCG,1.221367236129356,-0.10415555478327367,0.04611175513248744,-0.02860188384050593,-0.07555367094276774,-0.08961085036718743,0.8783298354882301
2026-06-16,Infra,0.597607423488089,-0.01110601264149859,0.12675145510052369,0.040416888407640565,-0.051522901049139154,0.00343869177458765,1.0007594964175097
2026-06-16,IT,1.7821041538150562,-0.04081918576269647,-0.008835167383735945,-0.29919270448117596,0.25837351871847947,-0.02627448134661023,1.4692793984869545
2026-06-16,Media,1.4002052391871356,0.1440154491586173,0.2689313187140398,0.1073616108730577,0.0366538382855596,0.15856015357470354,1.501475484148305
2026-06-16,Metal,-1.5465601899765757,-0.015302921857496592,0.2275680272877732,0.10850060263254463,-0.12380352449004123,-0.0007582174414103512,1.4716196024047945
2026-06-16,Pharma,-0.2570179355327884,0.09926859897160355,0.12045244155499807,0.12397264239978235,-0.024704043428178807,0.11381330338768979,0.983134343028794
2026-06-16,Realty,2.2561075018276977,0.038406088880616286,0.28565522230507034,0.06905386190441158,-0.030647773023795295,0.05295079329670253,1.7400805217040278
2026-06-16,Banking,0.17194006676140017,0.15059065342491015,0.09919396916508633,-0.03236488871065264,0.1829555421355628,0.1651353578409964,0.9949850623136581
2026-06-16,NIFTY50,0.5669932287180934,-0.01454470441608624,0.04790032243530621,-0.05327160936367276,0.03872690494758652,0.0,0.8435028063871604
2026-06-17,Auto,-0.6215721509878258,0.07581303249229679,0.11887826979747347,0.015552937710706012,0.06026009478159078,0.06498764783741232,1.3016454034203468
2026-06-17,Energy,0.8093387361667981,-0.05631123722627452,0.1925928070951753,0.17436084673426044,-0.23067208396053496,-0.06713662188115899,1.154938569901908
2026-06-17,FMCG,-0.173939332038342,-0.13125099940627089,0.055743231089589264,-0.017691133554383783,-0.1135598658518871,-0.14207638406115536,0.8783298354882301
2026-06-17,Infra,0.45880317718713926,0.014024593491257864,0.11758084480819682,0.048907588336552815,-0.03488299484529495,0.003199208836373391,1.0007594964175097
2026-06-17,IT,0.8451775763053115,-0.016217727219481566,0.02141421402594342,-0.2909118976659973,0.27469417044651573,-0.02704311187436604,1.4692793984869545
2026-06-17,Media,-0.04315371393422973,0.13981458321036,0.249657748679506,0.12601291768894402,0.013801665521415984,0.12898919855547553,1.501475484148305
2026-06-17,Metal,1.0084259645615878,0.013968975099603457,0.19734832435057598,0.14469407461242353,-0.13072509951282008,0.003143590444718984,1.4716196024047945
2026-06-17,Pharma,-0.04677083559877504,0.08444776832181809,0.11595098992694766,0.1319237147146379,-0.04747594639281981,0.07362238366693362,0.983134343028794
2026-06-17,Realty,-0.4278205726009565,0.07110825139044041,0.24846696977969357,0.07139551780981035,-0.0002872664193699359,0.06028286673555594,1.7400805217040278
2026-06-17,Banking,0.5024723770748363,0.187472038193263,0.09339915663249541,-0.008301708944840433,0.19577374713810342,0.17664665353837852,0.9949850623136581
2026-06-17,NIFTY50,0.4024687267071059,0.010825384654884473,0.04233713648774525,-0.03860822881301505,0.049433613467899526,0.0,0.8435028063871604
2026-06-18,Auto,0.0823217721573899,-0.0017343449165296545,0.08828336528635629,-0.014733798517411332,0.012999453600881677,0.01740326587258981,1.3016454034203468
2026-06-18,Energy,0.5438866724466696,-0.023271413729821007,0.19419302822416162,0.14688287821938134,-0.17015429194920234,-0.004133802940701543,1.154938569901908
2026-06-18,FMCG,0.19866235746786032,-0.11603611558730394,0.0599360051323324,-0.01951023755403089,-0.09652587803327305,-0.09689850479818447,0.8783298354882301
2026-06-18,Infra,0.314151599389878,0.010658834099075035,0.10353506208014192,0.01868832608782591,-0.008029491988750876,0.0297964448881945,1.0007594964175097
2026-06-18,IT,-1.190929928429496,-0.07431265875966805,-0.04470115704884684,-0.31983318333582894,0.2455205245761609,-0.05517504797054859,1.4692793984869545
2026-06-18,Media,0.5512520587938496,0.11276542557907374,0.203030712637949,0.11552863040181637,-0.0027632048227426292,0.1319030363681932,1.501475484148305
2026-06-18,Metal,-0.007685567809601057,-0.02220060775573125,0.19892443031347867,0.11273575231973278,-0.13493636007546403,-0.0030629969666117855,1.4716196024047945
2026-06-18,Pharma,0.5617714874843749,0.02661066492307239,0.12272884607040456,0.10461507704632944,-0.07800441212325705,0.04574827571219185,0.983134343028794
2026-06-18,Realty,0.6874584813319817,0.006452082024673104,0.21411327477208958,0.025763468669270675,-0.01931138664459757,0.02558969281379257,1.7400805217040278
2026-06-18,Banking,0.6577227854478673,0.12176536216331005,0.09069248384573902,-0.02795309732002236,0.1497184594833324,0.1409029729524295,0.9949850623136581
2026-06-18,NIFTY50,0.34169978003351087,-0.019137610789119464,0.03413329219628891,-0.06311815606844152,0.04398054527932206,0.0,0.8435028063871604
2026-06-19,Auto,-0.6096176639423634,-0.08629696713741694,0.1490213882835277,-0.03464252220311093,-0.05165444493430601,-0.04638390222036231,1.3016454034203468
2026-06-19,Energy,0.2244360832200698,-0.04317960247973111,0.221110651839452,0.12716530377269056,-0.17034490625242166,-0.0032665375626764817,1.154938569901908
2026-06-19,FMCG,-0.1929347415642102,-0.09706907660324858,0.09890969727974745,-0.024193028858482783,-0.0728760477447658,-0.05715601168619395,0.8783298354882301
2026-06-19,Infra,0.1278926051634155,0.004112193460189525,0.15217178580687124,0.0026959176035106667,0.0014162758566788579,0.04402525837724416,1.0007594964175097
2026-06-19,IT,-3.6520171567103854,-0.17048399187048152,-0.05032880279947453,-0.2952006750106034,0.12471668314012185,-0.1305709269534269,1.4692793984869545
2026-06-19,Media,0.09578079123850891,0.10881086418369458,0.254255923371521,0.10642018776789411,0.0023906764158004717,0.14872392910074922,1.501475484148305
2026-06-19,Metal,0.07993154515055778,-0.02863797849184183,0.25417576559290966,0.09951219378964049,-0.12815017228148232,0.011275086425212803,1.4716196024047945
2026-06-19,Pharma,0.7334655353724129,0.04757563605455686,0.1740524197850581,0.11649083926955331,-0.06891520321499645,0.08748870097161149,0.983134343028794
2026-06-19,Realty,-1.0119468019312516,-0.048358614949286505,0.2607623096713331,0.0020497343557852057,-0.05040834930507171,-0.008445550032231873,1.7400805217040278
2026-06-19,Banking,-0.47969728951926527,0.10182485045928963,0.1391823962988133,-0.036925886649677754,0.13875073710896738,0.14173791537634425,0.9949850623136581
2026-06-19,NIFTY50,-0.6409317718677587,-0.03991306491705463,0.07781906143544219,-0.07233202556510251,0.03241896064804788,0.0,0.8435028063871604
2026-06-22,Auto,0.45178508780792104,-0.06147158294346641,0.1425431948813884,-0.02319768738036646,-0.03827389556309996,-0.0546461468992191,1.3016454034203468
2026-06-22,Energy,0.5566209268814015,0.003419480897060782,0.21781031449443766,0.13762696869313923,-0.13420748779607844,0.01024491694130809,1.154938569901908
2026-06-22,FMCG,-0.41082122706919133,-0.11712381053884578,0.08688429063512729,-0.024587960482197725,-0.09253585005664805,-0.11029837449459848,0.8783298354882301
2026-06-22,Infra,0.4126431936152031,0.023175656424170653,0.14306414239334947,0.012755247277283556,0.010420409146887097,0.03000109246841796,1.0007594964175097
2026-06-22,IT,0.7354150212208754,-0.18622003803820847,-0.07422821223075286,-0.28084349197588304,0.09462345393767457,-0.17939460199396115,1.4692793984869545
2026-06-22,Media,1.42206192494585,0.15485419611979842,0.2860268727495164,0.12329662645900631,0.03155756966079211,0.16167963216404574,1.501475484148305
2026-06-22,Metal,0.5406763922417124,0.018362087757794323,0.23897817394416096,0.11687135051588583,-0.0985092627580915,0.02518752380204163,1.4716196024047945
2026-06-22,Pharma,1.2371050220566282,0.09229271274635611,0.16156253793929357,0.13053275581478643,-0.03824004306843032,0.09911814879060342,0.983134343028794
2026-06-22,Realty,0.4002955908697592,-0.01930536045377888,0.2829636647588082,0.012899037161825506,-0.03220439761560438,-0.012479924409531572,1.7400805217040278
2026-06-22,Banking,0.4331252735727542,0.16008524739547797,0.1471479163928363,-0.02889467762518318,0.18897992502066116,0.1669106834397253,0.9949850623136581
2026-06-22,NIFTY50,0.37396580495980825,-0.006825436044247309,0.07591130990920772,-0.06243510833648159,0.05560967229223428,0.0,0.8435028063871604
2026-06-23,Auto,-0.7749905903717047,-0.025376012161062413,0.18230197896731065,-0.025986984257968547,0.0006109720969061337,-0.02967072390029354,1.3016454034203468
2026-06-23,Energy,-1.2387894991930049,0.023611583930351187,0.24677405869408328,0.11707435900954985,-0.09346277507919866,0.01931687219112006,1.154938569901908
2026-06-23,FMCG,-0.5998382576016037,-0.13970803455393294,0.11838741129288953,-0.05646395118503611,-0.08324408336889683,-0.14400274629316406,0.8783298354882301
2026-06-23,Infra,-0.9496206977149813,0.055448513710644916,0.1700867772588819,-0.002309527582858608,0.05775804129350352,0.05115380197141379,1.0007594964175097
2026-06-23,IT,-2.231387396614326,-0.25325689932543033,-0.10841859871057975,-0.2892743476846642,0.03601744835923387,-0.25755161106466146,1.4692793984869545
2026-06-23,Media,-1.467186796851705,0.1888966007345069,0.32766065059841437,0.10878923866276781,0.08010736207173909,0.18460188899527577,1.501475484148305
2026-06-23,Metal,-3.2243077765218175,-0.057303666570794845,0.2654569833054027,0.07899984861566733,-0.13630351518646217,-0.06159837831002597,1.4716196024047945
2026-06-23,Pharma,0.9168910933024632,0.11454001752446669,0.21289733062859195,0.14868464475729695,-0.034144627232830266,0.11024530578523556,0.983134343028794
2026-06-23,Realty,-1.116363411463428,0.045068960710078855,0.34333520421331293,-0.006485824760528668,0.051554785470607524,0.04077424897084773,1.7400805217040278
2026-06-23,Banking,-1.2977366976830607,0.1692978976892512,0.18757557484866497,-0.044366604734511365,0.21366450242376256,0.16500318595002006,0.9949850623136581
2026-06-23,NIFTY50,-1.1567105067506356,0.004294711739231127,0.10002905413124188,-0.07749289357463143,0.08178760531386256,0.0,0.8435028063871604
2026-06-24,Auto,-0.4232649241409203,0.036617729957274185,0.1348251651693237,-0.04166791864875306,0.07828564860602724,-0.05638278209332675,1.3016454034203468
2026-06-24,Energy,-0.8947415442767448,0.03548749227432279,0.22023694638812805,0.10325696198614283,-0.06776946971182005,-0.057513019776278144,1.154938569901908
2026-06-24,FMCG,0.05310086688419258,-0.08900134710943274,0.09850138316500907,-0.05939792980320535,-0.029603417306227384,-0.18200185916003367,0.8783298354882301
2026-06-24,Infra,0.02853176016393011,0.11443817355789586,0.13940188613590382,-0.010528743999756271,0.12496691755765213,0.021437661507294925,1.0007594964175097
2026-06-24,IT,2.053337016103196,-0.06041531168910897,-0.10289273526822147,-0.26663414610722563,0.20621883441811667,-0.1534158237397099,1.4692793984869545
2026-06-24,Media,0.3235620929125549,0.2921746053669502,0.2756072090322592,0.06384940987908304,0.22832519548786717,0.19917409331634928,1.501475484148305
2026-06-24,Metal,-0.39742058178895423,-0.058946860717200525,0.22880905255498332,0.057251972235751424,-0.11619883295295194,-0.15194737276780146,1.4716196024047945
2026-06-24,Pharma,0.11604665438151862,0.1638561366355865,0.20072146945377511,0.13331095905232984,0.030545177583256672,0.07085562458498558,0.983134343028794
2026-06-24,Realty,2.171081231316241,0.254361682167098,0.35301504916316134,-0.011324195507868505,0.2656858776749665,0.16136117011649703,1.7400805217040278
2026-06-24,Banking,1.6903430826065158,0.2798124484733873,0.17790615279558256,-0.035727614054184634,0.31554006252757194,0.18681193642278637,0.9949850623136581
2026-06-24,NIFTY50,0.8292056551520766,0.09300051205060093,0.08425467645623076,-0.07578680973828979,0.16878732178889072,0.0,0.8435028063871604
2026-06-25,Auto,2.249062036435978,0.14392836296653594,0.1353699669772031,-0.03194082869868061,0.17586919166521656,0.05087329969494127,1.3016454034203468
2026-06-25,Energy,-0.6800534426983695,-0.010560753702422125,0.18638434014372246,0.09290173205019583,-0.10346248575261796,-0.1036158169740168,1.154938569901908
2026-06-25,FMCG,0.6807532771925251,-0.07628257822360543,0.07842147133243381,-0.053609065866228434,-0.022673512357376996,-0.1693376414952001,0.8783298354882301
2026-06-25,Infra,-0.027471013540047995,0.08269642309034225,0.10968174782702583,-0.013451651282532727,0.09614807437287498,-0.010358640181252418,1.0007594964175097
2026-06-25,IT,-0.8555598459701774,-0.05136226874730851,-0.1184112690362943,-0.2794331707132344,0.22807090196592592,-0.14441733201890317,1.4692793984869545
2026-06-25,Media,-0.6252879414653911,0.27276426400903636,0.24641801997775403,0.030262619739767325,0.24250164426926904,0.17970920073744168,1.501475484148305
2026-06-25,Metal,-1.3717651064883651,-0.2106130750714285,0.16328934632922104,0.03295507771756615,-0.24356815278899466,-0.3036681383430232,1.4716196024047945
2026-06-25,Pharma,-0.1976470647014228,0.14955700799953378,0.16445724081932048,0.135112522898809,0.014444485100724769,0.05650194472793911,0.983134343028794
2026-06-25,Realty,0.32785043373833034,0.27160238982043966,0.31359467907640265,-0.011685599405866103,0.28328798922630577,0.17854732654884498,1.7400805217040278
2026-06-25,Banking,0.04591411407255386,0.28750794634690285,0.14374316397861445,-0.03443080477459782,0.32193875112150067,0.19445288307530817,0.9949850623136581
2026-06-25,NIFTY50,0.14299437722400388,0.09305506327159467,0.057974483364285345,-0.07711241399910147,0.17016747727069614,0.0,0.8435028063871604
2026-06-29,Auto,-2.0763421361121637,0.05401958176864288,0.1477641238149613,-0.069426099682238,0.12344568145088088,0.015609544284326288,1.3016454034203468
2026-06-29,Energy,0.20435451724398757,-0.025551312660000776,0.2058046167627013,0.09558895522741252,-0.1211402678874133,-0.06396135014431736,1.154938569901908
2026-06-29,FMCG,-0.5900566327898593,-0.10743203942852185,0.09876527003316778,-0.06062674985797292,-0.04680528957054893,-0.14584207691283846,0.8783298354882301
2026-06-29,Infra,-0.7975286222979716,0.009006205972560025,0.12773484132387009,-0.027518670840241958,0.03652487681280198,-0.02940383151175657,1.0007594964175097
2026-06-29,IT,-1.06966894023931,-0.020593887481335362,-0.1289564924819551,-0.27181445627566625,0.2512205687943309,-0.05900392496565196,1.4692793984869545
2026-06-29,Media,-1.3213718768702032,0.19874540476836422,0.24594121915784734,0.010123514636179509,0.18862189013218472,0.16033536728404763,1.501475484148305
2026-06-29,Metal,0.7982677180923936,-0.2520838752804258,0.2031244933465415,0.03744053545820191,-0.2895244107386277,-0.2904939127647424,1.4716196024047945
2026-06-29,Pharma,1.0348640966979739,0.09268452117895914,0.19009354490819994,0.13542014874379732,-0.042735627564838174,0.05427448369464255,0.983134343028794
2026-06-29,Realty,-0.8956156628214806,0.21623342988564204,0.3515260857704727,-0.02863525651306629,0.24486868639870832,0.17782339240132544,1.7400805217040278
2026-06-29,Banking,-0.7729838702908887,0.21978837818407665,0.1753443876381207,-0.045199590158958455,0.2649879683430351,0.18137834069976005,0.9949850623136581
2026-06-29,NIFTY50,-0.4562271366810755,0.038410037484316595,0.08518578296858408,-0.08298271446037181,0.1213927519446884,0.0,0.8435028063871604
2026-06-30,Auto,0.2354535339877284,0.05918086175950617,0.19154481727945757,-0.06546096476981457,0.12464182652932074,0.025489858608689756,1.3016454034203468
2026-06-30,Energy,0.05664937811571402,-0.0017654701263680442,0.22402851313604497,0.10242003280443643,-0.10418550293080447,-0.03545647327718446,1.154938569901908
2026-06-30,FMCG,-0.6787404432235578,-0.14792515265517653,0.11935056676818988,-0.06249363622753006,-0.08543151642764646,-0.18161615580599294,0.8783298354882301
2026-06-30,Infra,0.07618916014093813,0.026062621180144005,0.15947921614057503,-0.024514671923571527,0.05057729310371553,-0.007628381970672407,1.0007594964175097
2026-06-30,IT,-2.7348011862714294,-0.15519279462354546,-0.14750965497900428,-0.24094071489374588,0.08574792027020042,-0.18888379777436187,1.4692793984869545
2026-06-30,Media,-0.7685304802164339,0.10720671946488962,0.27479257563480874,0.016127766722755392,0.09107895274213423,0.0735157163140732,1.501475484148305
2026-06-30,Metal,-0.20605507672379897,-0.19464387675952483,0.20316195087823505,0.03491115625886109,-0.22955503301838592,-0.22833487991034124,1.4716196024047945
2026-06-30,Pharma,0.39044073614862285,0.09432834809162496,0.2212216713411959,0.14213067180417802,-0.04780232371255305,0.06063734494080855,0.983134343028794
2026-06-30,Realty,1.3067121604753984,0.3195229532301572,0.42055772259616303,0.0020028723819660046,0.3175200808481912,0.2858319500793408,1.7400805217040278
2026-06-30,Banking,-0.3195246620664727,0.2349153615404287,0.23376089397342664,-0.04864740435292429,0.283562765893353,0.20122435838961228,0.9949850623136581
2026-06-30,NIFTY50,-0.33616954637991636,0.03369100315081641,0.11523938318515688,-0.0804396769354713,0.11413068008628771,0.0,0.8435028063871604
2026-07-01,Auto,1.1457731121407466,0.15444866835515014,0.17773836407535384,-0.04221507774760999,0.19666374610276013,0.10209915979124873,1.3016454034203468
2026-07-01,Energy,0.06127643713591535,0.025170353768208375,0.19859559684896796,0.12574060276143642,-0.10057024899322804,-0.02717915479569304,1.154938569901908
2026-07-01,FMCG,2.0752498836191346,-0.06887447937348563,0.13207748406380707,-0.01837189804979416,-0.050502581323691474,-0.12122398793738705,0.8783298354882301
2026-07-01,Infra,0.5307553963753708,0.05122293221234363,0.1472703476759879,-0.004727516932003183,0.05595044914434681,-0.001126576351557787,1.0007594964175097
2026-07-01,IT,-2.012430047008884,-0.30319919803818396,-0.21582859839013518,-0.24726109623510453,-0.055938101803079426,-0.3555487066020854,1.4692793984869545
2026-07-01,Media,2.0731888465850057,0.2508203052352687,0.2478618571551498,0.047643236061145386,0.20317706917412331,0.1984707966713673,1.501475484148305
2026-07-01,Metal,-0.9936807750001719,-0.1950238313631099,0.14565375941025008,0.06064431426743473,-0.25566814563054463,-0.24737333992701133,1.4716196024047945
2026-07-01,Pharma,-0.5673967467093921,0.058088844378379266,0.22830637392450778,0.14532614036390698,-0.08723729598552771,0.005739335814477851,0.983134343028794
2026-07-01,Realty,3.580255878979477,0.4580369946990185,0.44477861662806817,0.06651588945723831,0.3915211052417802,0.40568748613511707,1.7400805217040278
2026-07-01,Banking,0.8518033624642207,0.274067227350792,0.2090619206613024,-0.02906504600618242,0.3031322733569744,0.22171771878689056,0.9949850623136581
2026-07-01,NIFTY50,0.5870320831107279,0.052349508563901415,0.099050854080777,-0.05944656203807192,0.11179607060197333,0.0,0.8435028063871604
2026-07-02,Auto,1.2134472709760535,0.18520558936738174,0.20822144426792497,-0.02062156679633944,0.2058271561637212,0.10476853480755151,1.3016454034203468
2026-07-02,Energy,-0.14548416560558053,0.01613716109737524,0.201041142876619,0.10306392075294626,-0.08692675965557102,-0.06429989346245499,1.154938569901908
2026-07-02,FMCG,0.5579527958852859,-0.04917913296328035,0.13790148908065533,-0.021268374016165298,-0.027910758947115054,-0.12961618752311058,0.8783298354882301
2026-07-02,Infra,0.14562515856646474,0.06692913913184642,0.1571953288117852,-0.016098113262023293,0.08302725239386971,-0.01350791542798381,1.0007594964175097
2026-07-02,IT,4.638180986131868,-0.25640174353944395,-0.1819152656576034,-0.19764837487787443,-0.05875336866156952,-0.3368387980992742,1.4692793984869545
2026-07-02,Media,0.6692936124802928,0.23371894420318365,0.26544960600818385,0.06476445452935552,0.16895448967382815,0.15328188964335343,1.501475484148305
2026-07-02,Metal,0.8806179279533755,-0.16410062208161544,0.1538244726471433,0.06273628627116691,-0.22683690835278236,-0.24453767664144566,1.4716196024047945
2026-07-02,Pharma,0.5011423548315852,0.06071998292047815,0.2520445144907054,0.14046907100601486,-0.07974908808553671,-0.01971707163935208,0.983134343028794
2026-07-02,Realty,1.448939448010611,0.4586810993772084,0.45113318240083267,0.06494207838983208,0.39373902098737634,0.37824404481737817,1.7400805217040278
2026-07-02,Banking,-0.002416457055287591,0.28194700295061437,0.20577888019043572,-0.043167611005494114,0.32511461395610847,0.20150994839078412,0.9949850623136581
2026-07-02,NIFTY50,0.7075342557701703,0.08043705455983023,0.10836659919407854,-0.06081777342184057,0.1412548279816708,0.0,0.8435028063871604
2026-07-03,Auto,-0.4430379473230772,0.142479306742133,0.18279722773723436,-0.031345969304090254,0.17382527604622325,0.05470951083128378,1.3016454034203468
2026-07-03,Energy,-1.3307437920265897,-0.07757324887125398,0.17464333155509937,0.08822599102745138,-0.16579923989870538,-0.1653430447821032,1.154938569901908
2026-07-03,FMCG,0.02335886794269104,-0.024633674600140796,0.1250279422336248,-0.030956425663637318,0.006322751063496522,-0.11240347051099,0.8783298354882301
2026-07-03,Infra,0.18718876962395825,0.04485401705220011,0.1528604988412237,-0.015382154532367359,0.06023617158456747,-0.042915778858649105,1.0007594964175097
2026-07-03,IT,1.7591274469426876,-0.1837919121481328,-0.1632782682582107,-0.18954010564559376,0.005748193497460946,-0.27156170805898205,1.4692793984869545
2026-07-03,Media,-0.4509084340488023,0.26690755440751246,0.2615788889638334,0.05216849059070889,0.21473906381680358,0.17913775849666325,1.501475484148305
2026-07-03,Metal,0.7561624911726739,-0.1446559754999691,0.14796614891699125,0.08290440144331186,-0.22756037694328096,-0.23242577141081833,1.4716196024047945
2026-07-03,Pharma,1.723701912239517,0.12142728765724492,0.27871333549251714,0.15507086319206695,-0.03364357553482203,0.03365749174639571,0.983134343028794
2026-07-03,Realty,2.1911179670146996,0.5127070651046899,0.45045496812574987,0.09267413658907744,0.42003292851561247,0.42493726919384067,1.7400805217040278
2026-07-03,Banking,-0.1605131682590799,0.26704446880101723,0.1688205286519099,-0.04905102233961222,0.31609549114062946,0.17927467289016802,0.9949850623136581
2026-07-03,NIFTY50,0.3935786500487426,0.08776979591084921,0.09620353891543514,-0.05828985833311842,0.14605965424396763,0.0,0.8435028063871604
2026-07-06,Auto,1.3555960392554356,0.17841737586728137,0.20382307451902726,-0.022319530747271363,0.20073690661455273,0.06813607511868883,1.3016454034203468
2026-07-06,Energy,0.7729925116568559,-0.06200495723519806,0.1786018582747001,0.0928864334082333,-0.15489139064343135,-0.1722862579837906,1.154938569901908
2026-07-06,FMCG,0.19952157863145636,-0.0010261594458094456,0.11476065641614168,-0.042220052998790156,0.04119389355298071,-0.11130746019440199,0.8783298354882301
2026-07-06,Infra,0.4924303649654238,0.05205818422884292,0.1536079210295656,-0.017675666927078837,0.06973385115592176,-0.05822311651974963,1.0007594964175097
2026-07-06,IT,-0.5938583553402821,-0.1848504039655253,-0.21489072247461696,-0.18247432167065133,-0.00237608229487396,-0.29513170471411787,1.4692793984869545
2026-07-06,Media,-0.9488922299096592,0.247063280761806,0.2324357800774594,0.03899952706597512,0.20806375369583088,0.13678198001321346,1.501475484148305
2026-07-06,Metal,0.9842480470029225,-0.11867286936413808,0.13859361929865238,0.07905971800843944,-0.19773258737257754,-0.22895417011273062,1.4716196024047945
2026-07-06,Pharma,0.4703783335408218,0.1306997022154965,0.2840074377533919,0.15797336348441368,-0.02727366126891717,0.020418401466903963,0.983134343028794
2026-07-06,Realty,1.81297986477027,0.5381572710088771,0.45277628050681523,0.1059584623682207,0.4321988086406564,0.42787597026028457,1.7400805217040278
2026-07-06,Banking,0.6092667224729675,0.2949956136672082,0.17558049048914784,-0.04912527241034649,0.3441208860775547,0.18471431291861568,0.9949850623136581
2026-07-06,NIFTY50,0.6571669412775316,0.11028130074859255,0.09587985697514623,-0.05504578364912804,0.1653270843977206,0.0,0.8435028063871604
2026-07-07,Auto,-0.038200037100444284,0.1731868704376775,0.09174968581727579,0.0005391521803646043,0.1726477182573129,0.07632743701097754,1.3016454034203468
2026-07-07,Energy,-0.7421206814790637,-0.08341548328797001,0.12449657531351226,0.09769698313130484,-0.18111246641927486,-0.18027491671466997,1.154938569901908
2026-07-07,FMCG,0.05876921147001113,0.0018446745069666517,0.09005024430910427,-0.02199997164100626,0.02384464614797291,-0.09501475891973331,0.8783298354882301
2026-07-07,Infra,-0.6948460676644563,0.036642485265853474,0.07315935637660678,-0.005487697427583537,0.04213018269343701,-0.06021694816084649,1.0007594964175097
2026-07-07,IT,2.4295727297945158,-0.0913910080635609,-0.18301959758156147,-0.14361230251417234,0.05222129445061144,-0.18825044149026088,1.4692793984869545
2026-07-07,Media,-0.7443441174404541,0.27135205894980124,0.17063653032801682,0.055519117710847055,0.2158329412389542,0.1744926255231013,1.501475484148305
2026-07-07,Metal,-1.09806046137223,-0.16993151353825764,0.07547564233440202,0.08014793875447149,-0.2500794522927291,-0.2667909469649576,1.4716196024047945
2026-07-07,Pharma,-0.7289451746967601,0.148846916982384,0.2625223290672202,0.15543642218551398,-0.0065895052031299806,0.05198748355568404,0.983134343028794
2026-07-07,Realty,-1.5822301590992294,0.48842642006811215,0.3139188371599129,0.11677482361328842,0.3716515964548237,0.3915669866414122,1.7400805217040278
2026-07-07,Banking,-0.1557701916231391,0.2513826116005716,0.07852741099463618,-0.03621141930766249,0.2875940309082341,0.15452317817387168,0.9949850623136581
2026-07-07,NIFTY50,-0.12955357222089736,0.09685943342669996,0.030747642511197992,-0.040777840537860044,0.13763727396456,0.0,0.8435028063871604
2026-07-08,Auto,-2.2312418284967217,0.041676492476976384,0.06103907632347417,-0.028771577127635974,0.07044806960461236,0.05930335216643992,1.3016454034203468
2026-07-08,Energy,-1.2575153931179694,-0.15359803388093504,0.0898711657714285,0.06854107434757821,-0.22213910822851324,-0.1359711741914715,1.154938569901908
2026-07-08,FMCG,-2.485678363156174,-0.07490505891223061,0.05084257625346534,-0.055857880939628804,-0.019047177972601803,-0.05727819922276707,0.8783298354882301
2026-07-08,Infra,-2.158343607864399,-0.07116611038226436,0.04972288811991611,-0.037977832309153484,-0.03318827807311088,-0.05353925069280083,1.0007594964175097
2026-07-08,IT,-1.3742406855858924,-0.14496379349028185,-0.20964062952585535,-0.14804021538706277,0.003076421896780923,-0.1273369338008183,1.4692793984869545
2026-07-08,Media,-2.310337404368812,0.18488340861098632,0.14546677014113907,0.03291620840443679,0.15196720020654952,0.20251026830044985,1.501475484148305
2026-07-08,Metal,-0.9063980821958584,-0.21874359128478715,0.03956835890443785,0.05623301476135348,-0.2749766060461406,-0.20111673159532362,1.4716196024047945
2026-07-08,Pharma,-0.9654230910181472,0.10299991356639837,0.23550324114494445,0.14355520576164402,-0.040555292195245646,0.12062677325586191,0.983134343028794
2026-07-08,Realty,-1.865333165394334,0.37610245723909064,0.2872997242290195,0.09217690902782484,0.2839255482112658,0.3937293169285542,1.7400805217040278
2026-07-08,Banking,-2.5052923346670974,0.09151305942033319,0.0631680348015016,-0.07195881222360898,0.16347187164394217,0.10913991910979673,0.9949850623136581
2026-07-08,NIFTY50,-2.117524515827318,-0.017626859689463537,0.010891299638537966,-0.06940872480337232,0.05178186511390878,0.0,0.8435028063871604
2026-07-09,Auto,-0.2134063771027317,0.03236501168763139,0.0099310948468286,-0.04032790433821273,0.07269291602584413,0.022353932344270105,1.3016454034203468
2026-07-09,Energy,0.36813732487281925,-0.16069657367057194,0.07758729265864535,0.06775944885091331,-0.22845602252148525,-0.17070765301393323,1.154938569901908
2026-07-09,FMCG,0.7610653319523708,-0.05416172519428833,0.044168495758746075,-0.055206063328369706,0.0010443381340813768,-0.0641728045376496,0.8783298354882301
2026-07-09,Infra,0.818923328240051,-0.029104922649058448,0.041582321007609564,-0.03834339388073699,0.009238471231678539,-0.03911600199241973,1.0007594964175097
2026-07-09,IT,-0.30465836259633283,-0.15496383686521104,-0.18281390911155845,-0.1356790105644137,-0.019284826300797336,-0.16497491620857233,1.4692793984869545
2026-07-09,Media,2.0895795846020526,0.2625158621122644,0.14761823819540795,0.05395333488101913,0.20856252723124527,0.25250478276890315,1.501475484148305
2026-07-09,Metal,0.2774917099057861,-0.24618482678842513,0.02692648575373287,0.06183690358688055,-0.30802173037530567,-0.2561959061317864,1.4716196024047945
2026-07-09,Pharma,0.8904875846175164,0.13477674577812124,0.2481273463169855,0.14720665633750024,-0.012429910559379004,0.12476566643475996,0.983134343028794
2026-07-09,Realty,3.539014734629986,0.5112440435564258,0.31154940958209626,0.13359775802803145,0.3776462855283944,0.5012329642130645,1.7400805217040278
2026-07-09,Banking,0.8985271069892997,0.13356601603570253,0.04497381117028964,-0.06365078091866384,0.1972167969543664,0.12355493669234126,0.9949850623136581
2026-07-09,NIFTY50,0.33812004144717633,0.010011079343361281,-0.0027862892781830664,-0.07181109634265252,0.0818221756860138,0.0,0.8435028063871604
2026-07-10,Auto,0.6912504646445106,0.007107099958898866,0.05625741679622117,-0.027621482199164958,0.03472858215806383,-0.0377721745198563,1.3016454034203468
2026-07-10,Energy,1.0400848715531152,-0.18492335607257637,0.09400523092697437,0.07065028824020184,-0.2555736443127782,-0.22980263055133154,1.154938569901908
2026-07-10,FMCG,-0.08013527061643266,-0.05116181249760583,0.06440031210854309,-0.0582041430366324,0.007042330539026566,-0.096041086976361,0.8783298354882301
2026-07-10,Infra,1.112516999550861,-0.02058251004711207,0.07341486163686405,-0.018004164281104386,-0.0025783457660076836,-0.06546178452586723,1.0007594964175097
2026-07-10,IT,1.9625986827137565,-0.08128479429684647,-0.13072527297469957,-0.06115264463643571,-0.020132149660410763,-0.12616406877560166,1.4692793984869545
2026-07-10,Media,0.10115996429764795,0.16408078713788915,0.15516409565472958,0.06961127676128356,0.09446951037660559,0.11920151265913398,1.501475484148305
2026-07-10,Metal,1.4844128257079703,-0.25247591842857736,0.055322104148052643,0.0680113465621701,-0.3204872649907475,-0.29735519290733253,1.4716196024047945
2026-07-10,Pharma,0.06957216808769484,0.12941771237118813,0.25415570261381837,0.14534689655118085,-0.015929184179992728,0.08453843789243295,0.983134343028794
2026-07-10,Realty,3.489714201765892,0.6166983370979454,0.3742113410273301,0.2005859532330376,0.4161123838649078,0.5718190626191902,1.7400805217040278
2026-07-10,Banking,1.3858782105869327,0.1942252164323721,0.07724378650209213,-0.044317462812998566,0.23854267924537065,0.14934594195361692,0.9949850623136581
2026-07-10,NIFTY50,1.018660596494203,0.04487927447875517,0.028601923319971356,-0.04803247123941658,0.09291174571817175,0.0,0.8435028063871604
2026-07-13,Auto,0.4495406866896756,0.08732730931351225,0.03828457137634097,-0.0431592829572742,0.13048659227078646,-0.008227074115786714,1.3016454034203468
2026-07-13,Energy,-0.05529583270497129,-0.13398069734547635,0.057306059280846096,0.067320234926009,-0.20130093227148535,-0.2295350807747753,1.154938569901908
2026-07-13,FMCG,-1.0154066450910548,-0.03458201834922591,0.02225109654783175,-0.06672225167506085,0.03214023332583494,-0.13013640177852487,0.8783298354882301
2026-07-13,Infra,-0.5122229153032731,0.013559378779024822,0.031319729765343716,-0.02034307707106615,0.033902455850090975,-0.08199500465027414,1.0007594964175097
2026-07-13,IT,3.589556752949963,0.018365831722056924,-0.11817434445943854,-0.0387504533822162,0.05711628510427312,-0.07718855170724204,1.4692793984869545
2026-07-13,Media,2.088526509479993,0.25451470700656825,0.15413782294069128,0.08769825090287059,0.16681645610369766,0.1589603235772693,1.501475484148305
2026-07-13,Metal,-0.6891865537624664,-0.20805716529858997,0.014271912524570865,0.03039450037493371,-0.2384516656735237,-0.3036115487278889,1.4716196024047945
2026-07-13,Pharma,-0.11977050984398607,0.17535242936112194,0.22685415272437762,0.12340626440896334,0.051946164952158605,0.07979804593182298,0.983134343028794
2026-07-13,Realty,-0.1544802055817085,0.6200464371902584,0.3290456001604171,0.20095714565714753,0.4190892915331109,0.5244920537609594,1.7400805217040278
2026-07-13,Banking,0.14738471374013962,0.2364889479079024,0.05881185499164387,-0.04260797585142134,0.2790969237593237,0.14093456447860342,0.9949850623136581
2026-07-13,NIFTY50,0.01693570555851842,0.09555438342929896,0.0017164566418254035,-0.05037244727854545,0.1459268307078444,0.0,0.8435028063871604
2026-07-14,Auto,-1.6085095343105427,0.09022451370872138,0.017791402926408684,-0.0698880404328063,0.1601125541415277,-0.006824070200597984,1.3016454034203468
2026-07-14,Energy,-0.04386275062472356,-0.08453100579993227,0.0481854204804109,0.0649410606922158,-0.14947206649214806,-0.18157958970925164,1.154938569901908
2026-07-14,FMCG,-0.5837939185939334,0.0226137310764244,0.009501273902065751,-0.07145384098979925,0.09406757206622365,-0.07443485283289497,0.8783298354882301
2026-07-14,Infra,-0.3240582376270229,0.04406282862991605,0.02457308796903052,-0.027502788423547062,0.07156561705346311,-0.052985755279403315,1.0007594964175097
2026-07-14,IT,-1.0032434455441441,-0.10380734572099319,-0.14957231446110347,-0.05091128475395587,-0.05289606096703732,-0.20085592963031257,1.4692793984869545
2026-07-14,Media,-0.31017442689468266,0.19861235242651196,0.13907367156156467,0.09181659899016661,0.10679575343634534,0.10156376851719259,1.501475484148305
2026-07-14,Metal,0.6050890875112458,-0.20415612326260246,-0.001171931994022879,0.032762698161648125,-0.23691882142425058,-0.3012047071719218,1.4716196024047945
2026-07-14,Pharma,1.0285317792632531,0.22764824861871405,0.2418160683415819,0.12279386802983916,0.10485438058887489,0.13059966470939469,0.983134343028794
2026-07-14,Realty,-1.9740702681587008,0.6153689466201459,0.28970569349086356,0.17651308074168467,0.43885586587846115,0.5183203627108265,1.7400805217040278
2026-07-14,Banking,-1.1510953992940665,0.23475297890529637,0.04600772855310297,-0.05802534083294082,0.2927783197382372,0.137704394995977,0.9949850623136581
2026-07-14,NIFTY50,-0.6565165369047166,0.09704858390931936,-0.006849029009030986,-0.05827973039295929,0.15532831430227867,0.0,0.8435028063871604
2026-07-15,Auto,0.3676414328091182,0.0783341190094796,0.020617992277054225,-0.045103417067835515,0.12343753607731511,-0.007988807506362008,1.3016454034203468
2026-07-15,Energy,0.45430423218160154,-0.06408780474513613,0.0253348905043499,0.07407097702018862,-0.13815878176532476,-0.15041073126097776,1.154938569901908
2026-07-15,FMCG,-0.4913950917806664,-0.01899021398962441,-0.042780802209235747,-0.05810157772477029,0.03911136373514588,-0.10531314050546603,0.8783298354882301
2026-07-15,Infra,-0.13849365358393761,0.04323542083780939,0.008203823558276705,-0.015956543876453688,0.05919196471426308,-0.043087505678032226,1.0007594964175097
2026-07-15,IT,-0.6701537872392249,-0.2670861829917186,-0.16034080091404296,-0.060162986842382034,-0.20692319614933657,-0.3534091095075602,1.4692793984869545
2026-07-15,Media,-0.45677376708457285,0.17941716947729694,0.10916548626533557,0.08011135056758865,0.09930581890970828,0.09309424296145533,1.501475484148305
2026-07-15,Metal,-1.1106099885495047,-0.25378776620247895,-0.037970639537271055,0.03893065713768695,-0.2927184233401659,-0.34011069271832056,1.4716196024047945
2026-07-15,Pharma,0.3724847684805299,0.26869069425875336,0.24563153708845872,0.14358857438701997,0.1251021198717334,0.18236776774291175,0.983134343028794
2026-07-15,Realty,-0.3809938395454071,0.5803227001024902,0.26764152353733306,0.19739170366344944,0.38293099643904077,0.4939997735866486,1.7400805217040278
2026-07-15,Banking,0.5143385789147414,0.2474517407410722,0.040337108406379524,-0.040349108993844834,0.28780084973491704,0.1611288142252306,0.9949850623136581
2026-07-15,NIFTY50,0.10996658451518648,0.08632292651584161,-0.01581665494442312,-0.04320413667588804,0.12952706319172966,0.0,0.8435028063871604
2026-07-16,Auto,0.45956357330305675,0.09194638069672322,0.022773269331001766,-0.015582095239688412,0.10752847593641163,-0.00464518701418723,1.3016454034203468
2026-07-16,Energy,-0.09001547373432839,-0.06768574842132406,0.010848710818134884,0.09082091677710766,-0.1585066651984317,-0.1642773161322345,1.154938569901908
2026-07-16,FMCG,0.25162312447577495,0.022917308370665346,-0.03516365006633863,-0.04682069186400216,0.0697380002346675,-0.0736742593402451,0.8783298354882301
2026-07-16,Infra,-0.06960954545991438,0.043624645007758554,0.005566995831719846,0.008044609843177447,0.03558003516458111,-0.05296692270315189,1.0007594964175097
2026-07-16,IT,0.6671384464071339,-0.059298367262656096,-0.1374802010672773,-0.040736584090246275,-0.01856178317240982,-0.15588993497356654,1.4692793984869545
2026-07-16,Media,1.177101404332248,0.2383610747732997,0.11378313683010771,0.11343296976265979,0.12492810501063992,0.14176950706238928,1.501475484148305
2026-07-16,Metal,-0.3270345836891231,-0.25916923215709187,-0.036905997327664385,0.032650982274685034,-0.2918202144317769,-0.3557607998680023,1.4716196024047945
2026-07-16,Pharma,0.017117521965670512,0.2581115904629235,0.24891719583270688,0.14356820678505153,0.11454338367787195,0.16152002275201305,0.983134343028794
2026-07-16,Realty,-0.9834453105940111,0.5938763995050481,0.2615232224434923,0.20432826825903921,0.3895481312460089,0.4972848317941377,1.7400805217040278
2026-07-16,Banking,-0.3040306343631616,0.2080701948561303,0.03477928212290278,-0.03107302535668427,0.23914322021281456,0.11147862714521985,0.9949850623136581
2026-07-16,NIFTY50,-0.023880225097083763,0.09659156771091044,-0.016987908575595845,-0.02965921981959083,0.12625078753050128,0.0,0.8435028063871604
2026-07-17,Auto,1.241051979184804,0.12672946060678372,0.036991310665171105,0.025357648964197472,0.10137181164258625,-0.00451919980460308,1.3016454034203468
2026-07-17,Energy,-0.17486181468896467,-0.09415443682044164,0.001447971901290912,0.11520680961164445,-0.2093612464320861,-0.22540309723182844,1.154938569901908
2026-07-17,FMCG,0.7038076738349108,0.04000161326168869,-0.06595638993250127,-0.018111335744034226,0.05811294900572292,-0.09124704714969811,0.8783298354882301
2026-07-17,Infra,0.4934982869628346,0.06369025007938454,0.008006831883155341,0.03764543041252448,0.026044819666860064,-0.06755841033200226,1.0007594964175097
2026-07-17,IT,1.7547158225730275,0.008703949737252052,-0.11579898176461932,-0.02242714428141341,0.031131094018665463,-0.12254471067413475,1.4692793984869545
2026-07-17,Media,0.0032816325102658084,0.16550693372030156,0.09774654321581702,0.1473138091254061,0.01819312459489547,0.03425827330891476,1.501475484148305
2026-07-17,Metal,-0.47175628381871393,-0.2504642660062128,-0.04546355596190469,0.07178648027032361,-0.3222507462765364,-0.3817129264175996,1.4716196024047945
2026-07-17,Pharma,-1.3959169193553445,0.19893919646876476,0.22701013807818377,0.1418279039180745,0.05711129255069025,0.06769053605737796,0.983134343028794
2026-07-17,Realty,1.3849790271852402,0.6313003438939205,0.2490159573803041,0.25429216698822715,0.3770081769056934,0.5000516834825337,1.7400805217040278
2026-07-17,Banking,1.630968636168273,0.25493680290995485,0.03871875405032606,0.0071841129437213635,0.24775268996623348,0.12368814249856805,0.9949850623136581
2026-07-17,NIFTY50,1.086501464311307,0.1312486604113868,-0.013364215110596711,-0.00037455033227175153,0.13162321074365854,0.0,0.8435028063871604
2026-07-20,Auto,0.0,0.12397556926917504,0.04794266651623506,0.0046942331339810146,0.11928133613519402,-0.0012465611392383086,1.3016454034203468
2026-07-20,Energy,0.0,-0.08594191861189479,-0.022257325336940685,0.09384445250734738,-0.17978637111924217,-0.21116404902030814,1.154938569901908
2026-07-20,FMCG,0.0,0.03402508964919519,-0.07838252400971672,-0.022647502357708613,0.056672592006903805,-0.09119704075921815,0.8783298354882301
2026-07-20,Infra,0.0,0.07342708409192081,0.006572077195924697,0.013041493918351825,0.06038559017356898,-0.05179504631649254,1.0007594964175097
2026-07-20,IT,-0.22137101002076554,0.034350273001737514,-0.054729354019509104,-0.01834231252303124,0.052692585524768756,-0.09087185740667583,1.4692793984869545
2026-07-20,Media,0.0,0.04945227911185091,0.0863131922744944,0.13540319985086352,-0.08595092073901262,-0.07576985129656244,1.501475484148305
2026-07-20,Metal,0.0,-0.1972863337409058,-0.052891188128181645,0.04637090643363114,-0.24365724017453694,-0.3225084641493191,1.4716196024047945
2026-07-20,Pharma,1.3965700550789606,0.23582686269174993,0.24902359213672823,0.14101106230845595,0.09481580038329399,0.11060473228333659,0.983134343028794
2026-07-20,Realty,0.0,0.6125539450560633,0.2394176775974403,0.23391102678937467,0.3786429182666886,0.48733181464764996,1.7400805217040278
2026-07-20,Banking,-0.9849361992187999,0.21054198670646543,0.0294786129550828,-0.009444250548931171,0.2199862372553966,0.08531985629805208,0.9949850623136581
2026-07-20,NIFTY50,-0.3936861885253551,0.12522213040841335,-0.006464337222288711,-0.017702479727638658,0.142924610136052,0.0,0.8435028063871604
2026-07-21,Auto,0.0,0.18565222053484212,0.08714521914648739,0.01648469060373079,0.16916752993111134,0.032651866355289216,1.3016454034203468
2026-07-21,Energy,0.0,-0.031359830284097064,-0.026436901726682997,0.09244307572645186,-0.12380290601054891,-0.18436018446364996,1.154938569901908
2026-07-21,FMCG,0.0,0.0480893027168072,-0.07647818994069189,-0.021976419355522265,0.07006572207232946,-0.10491105146274571,0.8783298354882301
2026-07-21,Infra,0.0,0.10780507616448848,0.014032853087404524,0.022895219407000154,0.08490985675748833,-0.04519527801506443,1.0007594964175097
2026-07-21,IT,-0.6086708946343666,0.055052430263879557,-0.04454627571506905,-0.02553312941691921,0.08058555968079877,-0.09794792391567335,1.4692793984869545
2026-07-21,Media,0.0,0.10635911611662371,0.07134476228322956,0.14184576257640322,-0.0354866464597795,-0.04664123806292919,1.501475484148305
2026-07-21,Metal,0.0,-0.11963591671016678,-0.039194250741313254,0.05086636387384688,-0.17050228058401368,-0.2726362708897197,1.4716196024047945
2026-07-21,Pharma,0.3449551973607745,0.2611272196446912,0.21536886932408775,0.14654884188188327,0.11457837776280794,0.1081268654651383,0.983134343028794
2026-07-21,Realty,0.0,0.6979573853886497,0.2699148698104883,0.2570774853206246,0.44087990006802513,0.5449570312090968,1.7400805217040278
2026-07-21,Banking,-0.18922847096384254,0.23068879065428238,0.05023310910852544,0.01239667624343391,0.21829211441084848,0.07768843647472948,0.9949850623136581
2026-07-21,NIFTY50,-0.20958714957608482,0.1530003541795529,0.0040611936503533634,-0.00587864924465732,0.1588790034242102,0.0,0.8435028063871604
2026-07-22,Auto,0.0,0.1410227424719124,0.09845396186278517,0.06205332667117028,0.07896941580074213,0.0315752110587727,1.3016454034203468
2026-07-22,Energy,0.0,-0.037029414588404225,-0.022561586857349946,0.11269083708293356,-0.1497202516713378,-0.14647694600154393,1.154938569901908
2026-07-22,FMCG,0.0,0.023920224421175185,-0.06428139874780174,-0.004672842615358001,0.028593067036533186,-0.08552730699196452,0.8783298354882301
2026-07-22,Infra,0.0,0.09504043096843123,0.02767096467845785,0.03988597378885917,0.05515445717957206,-0.01440710044470847,1.0007594964175097
2026-07-22,IT,-1.4992574467421305,0.02104969708020318,0.018639719174697495,-0.04306346342592798,0.06411316050613115,-0.08839783433293652,1.4692793984869545
2026-07-22,Media,0.0,0.11132497285516986,0.1024931888006775,0.1605892541275632,-0.04926428127239334,0.001877441442030156,1.501475484148305
2026-07-22,Metal,0.0,-0.13859498109248983,-0.03403250676177786,0.0797217989758413,-0.2183167800683311,-0.24804251250562953,1.4716196024047945
2026-07-22,Pharma,-1.3053369581091046,0.1979245769745282,0.22306914108199422,0.13380821417187994,0.06411636280264826,0.0884770455613885,0.983134343028794
2026-07-22,Realty,0.0,0.6436772109436802,0.2924217361524905,0.2708540834144121,0.37282312752926816,0.5342296795305406,1.7400805217040278
2026-07-22,Banking,-1.2251170989845184,0.12013447618896814,0.03618603861202625,0.03269353740900673,0.0874409387799614,0.010686944775828433,0.9949850623136581
2026-07-22,NIFTY50,-0.79151479856997,0.1094475314131397,0.009836791240318369,0.004521955558102937,0.10492557585503677,0.0,0.8435028063871604
2026-07-23,Auto,0.0,0.1656266244744409,0.07244640407060225,0.0276235537181541,0.13800307075628682,0.06987832175178439,1.3016454034203468
2026-07-23,Energy,0.0,0.030357488211162013,-0.04732739703600885,0.10081250242917679,-0.07045501421801478,-0.0653908145114945,1.154938569901908
2026-07-23,FMCG,0.0,-0.011141965289411093,-0.07348206520107205,-0.013959560726499124,0.0028175954370880316,-0.10689026801206761,0.8783298354882301
2026-07-23,Infra,0.0,0.11738460642064777,0.003334566475958371,0.03449880035784157,0.0828858060628062,0.021636303697991258,1.0007594964175097
2026-07-23,IT,-0.05708901569712044,0.04676849891088701,-0.019029697087622477,-0.038614135030864784,0.0853826339417518,-0.0489798038117695,1.4692793984869545
2026-07-23,Media,0.0,0.189877349941238,0.06420625157747516,0.14386038662881018,0.04601696331242783,0.0941290472185815,1.501475484148305
2026-07-23,Metal,0.0,-0.08196200922061261,-0.06465482864934498,0.06263990117479541,-0.14460191039540804,-0.17771031194326914,1.4716196024047945
2026-07-23,Pharma,-0.38326444776669577,0.2029272176620152,0.17300355930813435,0.11405095196541831,0.0888762656965969,0.1071789149393587,0.983134343028794
2026-07-23,Realty,0.0,0.701684388840286,0.25139769070676976,0.2536445419142856,0.44803984692600046,0.6059360861176295,1.7400805217040278
2026-07-23,Banking,-0.9361644165894356,0.09461792108749643,0.015396647142581665,0.0038260175348653904,0.09079190355263105,-0.001130381635160077,0.9949850623136581
2026-07-23,NIFTY50,-0.5277924285044588,0.09574830272265651,-0.012541807275061231,-0.01214222786033423,0.10789053058299074,0.0,0.8435028063871604
2026-07-24,Auto,0.0,0.17120092231175243,0.08925824047104551,0.0626766149947898,0.10852430731696264,0.08205744311999759,1.3016454034203468
2026-07-24,Energy,0.0,0.055467253800864584,-0.06765827212501184,0.09774326812672061,-0.04227601432585603,-0.03367622539089026,1.154938569901908
2026-07-24,FMCG,0.0,0.01848942679956497,-0.06813563269998639,-0.0017773781131264648,0.020266804912691436,-0.07065405239218987,0.8783298354882301
2026-07-24,Infra,0.0,0.13073817397794857,-0.004068233865123613,0.04673457564876507,0.0840035983291835,0.04159469478619372,1.0007594964175097
2026-07-24,IT,0.8214835906578788,0.12824125008543386,0.00605034524077767,-0.015706788094287508,0.14394803817972135,0.03909777089367901,1.4692793984869545
2026-07-24,Media,0.0,0.13049610687428942,0.06522547406098406,0.1496142447962064,-0.019118137921916994,0.04135262768253457,1.501475484148305
2026-07-24,Metal,0.0,-0.07338468729872015,-0.07307756777551651,0.0669838359250447,-0.14036852322376486,-0.162528166490475,1.4716196024047945
2026-07-24,Pharma,-0.4108608259486446,0.1690615090567519,0.16714121373821203,0.10497517115048637,0.06408633790626554,0.07991802986499706,0.983134343028794
2026-07-24,Realty,0.0,0.7230706913709152,0.2582973723372774,0.27268192174615674,0.45038876962475843,0.6339272121791604,1.7400805217040278
2026-07-24,Banking,0.17935397229289496,0.09597153495948695,0.04397786897675078,0.02952450126769639,0.06644703369179056,0.0068280557677321,0.9949850623136581
2026-07-24,NIFTY50,-0.4279518395644999,0.08914347919175485,-0.01296414472619467,0.0011811603034907038,0.08796231888826414,0.0,0.8435028063871604
